"id","SSA_trend_cor","STL_trend_cor","TRAD_trend_cor","SSA_trend_rmse","STL_trend_rmse","TRAD_trend_rmse","SSA_seas_cor","STL_seas_cor","TRAD_seas_cor","SSA_seas_rmse","STL_seas_rmse","TRAD_seas_rmse","SSA_resid_cor","STL_resid_cor","TRAD_resid_cor","SSA_resid_rmse","STL_resid_rmse","TRAD_resid_rmse","SSA_acf_rmse","STL_acf_rmse","TRAD_acf_rmse","SSA_delta_tau","STL_delta_tau","TRAD_delta_tau"
1,0.985564358145337,0.99247927746683,0.405184889845747,0.413915392211075,0.415684158976753,0.419271502290544,0.984260566267361,0.958109166801831,0.95822690447089,0.416909656200726,0.419126603572368,0.419161047936864,0.837469960543997,0.749837645359995,0.591088123463616,0.0275748975971231,0.0413700608174153,0.0650601164201452,0.045826341445919,0.135488912375768,0.25389736135604,-0.84232446717255,2.82915271393156,NA
2,0.96510302045173,0.991779012161139,0.405184889845745,0.422053725376352,0.422133879324289,0.426006685657345,0.980027650157075,0.957982486617632,0.958376544530928,0.418026220460265,0.419195022316467,0.419182393324523,0.717696169569974,0.737752113204527,0.599231674373566,0.035257516086321,0.0421961431657484,0.0656891620960297,0.0672332885823453,0.134764995621037,0.261062860123304,-1.46132473313857,2.1446621736225,NA
3,0.985848096986181,0.988589983841691,0.405184889845747,0.416470451909409,0.417786934406791,0.421537715731775,0.979026731955537,0.958521301848398,0.95831442657725,0.41711897125995,0.419121921708233,0.419152478186422,0.796112106423214,0.734569988133707,0.606343635703248,0.0303668139300794,0.0411321323992036,0.0647810185785234,0.0594953144190441,0.160895885529313,0.274130763584244,-1.15222631219194,2.95128294034968,NA
4,0.97988182815525,0.987459044763648,0.405184889845746,0.410512102812258,0.413685169191836,0.416886303204351,0.978471341734284,0.958632368274418,0.958671859487706,0.416944285868917,0.419062069116356,0.419140589108187,0.771461030997906,0.743629981913142,0.560515876343926,0.0323871986910587,0.0420265703159399,0.0649975828061895,0.0561407118968965,0.145270079376519,0.233886442505154,-1.0627405401731,2.77112148763876,NA
5,0.988454979167041,0.983932075566664,0.405184889845746,0.416088858053293,0.417966622009735,0.421721202066329,0.978748168091653,0.95973399552188,0.958972596384205,0.417396565978257,0.41902766879804,0.419113904285643,0.777087269390381,0.755766017651073,0.578466268996424,0.0315823058022552,0.0413581488427231,0.0646347706966098,0.0582026016020687,0.175881310414262,0.235864929800062,-1.21515072456883,2.70872522193447,NA
6,0.976805719283246,0.989288039748331,0.405184889845745,0.410655467739388,0.412947411529339,0.416783306654706,0.982712762509939,0.9601586369438,0.959626817280718,0.417079441271934,0.419003518311435,0.41908095590823,0.796554917904131,0.788665852404889,0.626976728306746,0.0308678870707565,0.0407946322479139,0.0644225130206058,0.0585891073128224,0.168819842723616,0.240558386806595,-0.991360392952775,3.48393758937722,10.1824587880033
7,0.971071616477113,0.986013295330793,0.405184889845745,0.416282992393002,0.417782940822806,0.420941697012641,0.980783225251229,0.958935980192369,0.958565061222467,0.417689850040191,0.419101933397537,0.419140528585802,0.738808982833229,0.749536504788535,0.564985147355644,0.0337760961605573,0.041966196323325,0.0653191312070067,0.060429594292076,0.141684392454473,0.223635654372246,-1.39014059478142,2.15523957308002,NA
8,0.910837228686837,0.966961318994447,0.405184889845745,0.410334661092892,0.414284259363229,0.417517983860053,0.986043974887968,0.958545491607567,0.958558479579149,0.416766544246349,0.419123059047946,0.419130325801254,0.747583448659182,0.740917674441018,0.59255404549689,0.033858828091293,0.042597679119582,0.0646992669106189,0.069930812063906,0.179302748591947,0.244735908294358,-0.881199187246639,3.1622761463146,NA
9,0.98338555958633,0.985285646802728,0.405184889845746,0.415619709828387,0.417371249524123,0.420984871249994,0.975651941414108,0.95879909530508,0.958835177663322,0.417329380180358,0.41906907073639,0.419135969005232,0.744567593977441,0.75248707361655,0.618991155787539,0.0334292662638316,0.0413146723008764,0.0646665443618893,0.058234279128541,0.16572075406969,0.257673650501512,-1.22670728863017,2.49634262422915,NA
10,0.985621179342274,0.988831252665538,0.405184889845744,0.418543221321538,0.417409124913485,0.421419330168227,0.977778224313154,0.960230605194132,0.959792675082651,0.41821269610862,0.419014257155743,0.419073827565798,0.716623408165688,0.755605465559069,0.652491240632332,0.0349935651107888,0.0404883112838168,0.0642743267918977,0.0650824465646927,0.149791327074493,0.269020775988777,-1.77200940359723,2.41727175152299,NA
11,0.981746985440238,0.975173381592781,0.405184889845747,0.415412713933565,0.41686598738749,0.42082374929075,0.97556579114992,0.959006476123458,0.95871804751817,0.417675536322143,0.419092102558418,0.419134926285784,0.754828193828997,0.734067512629563,0.587097703954688,0.0328515294976803,0.0420902945930052,0.0647190820413382,0.0588068139236987,0.176367704751391,0.237547707385009,-1.22778011869415,2.19925927709086,NA
12,0.990963306789285,0.976981431604888,0.405184889845748,0.414514750598106,0.414844104765891,0.418381406816459,0.977182061529832,0.958302264863709,0.958603707715943,0.418528690353339,0.419152898963024,0.419137732188209,0.748472137453004,0.737298962554018,0.591190476049131,0.0333767784248356,0.0421657542245917,0.0647809300098,0.0583767665035989,0.147762028646458,0.248183529983733,-1.38286304043936,2.35437330553994,NA
13,0.984602533226394,0.990973380033852,0.405184889845746,0.414707883528837,0.416018497500835,0.41978640730374,0.974748314354167,0.959418783730981,0.958594490781372,0.417571750719087,0.41904839727556,0.419135371061131,0.733332764234938,0.750836364564148,0.600725939401362,0.034113210168816,0.0407391747135548,0.064675489698934,0.06170261076253,0.13350875801959,0.260209541112684,-1.36092300429464,2.13177541982899,NA
14,0.964941489014167,0.979825290038549,0.405184889845747,0.413191546757949,0.41482771798627,0.418031967711616,0.978971092471331,0.957996158157247,0.958037983574381,0.4174420104499,0.419123916232926,0.419171300686597,0.726005850063207,0.761713740473791,0.588875363642243,0.0346454292967276,0.0424462366196249,0.0649184037304756,0.0669903238918212,0.187673271084974,0.238423400351712,-1.62437812975456,2.98433456944832,7.96232248407581
15,0.979768486124349,0.985643112350472,0.405184889845744,0.41738700005127,0.419237887707937,0.422781657739312,0.978217439146078,0.958382042648439,0.958385362175795,0.417694103037774,0.419120680400204,0.419137954867257,0.749672757800212,0.748185199749091,0.576790574663077,0.0332900893480773,0.0418747975539051,0.0648515799097305,0.0738448445103105,0.154322118800044,0.242812572013703,-1.60586383281235,2.69203518526084,8.98802505763421
16,0.97855144536992,0.985888247223331,0.405184889845747,0.41969511023032,0.421212088579304,0.424578143392059,0.977994539956521,0.956303377234657,0.955840113522052,0.417378501625074,0.419209813557883,0.419256997541564,0.761680446389366,0.693881523192927,0.535924812789236,0.0326677115508171,0.0426755349224964,0.06590204316238,0.0644794681981225,0.130984263013496,0.267239974125451,-1.22006651335203,2.23119337278992,NA
17,0.986223842009111,0.984142805018156,0.405184889845747,0.416768311592711,0.417652891091652,0.421342585310591,0.97066765258182,0.959107287130302,0.958576076177488,0.417842741872243,0.419062818859894,0.419129467988213,0.682163193654929,0.746873198223178,0.571314917279169,0.0366768063012203,0.0414393061116084,0.0646197910926681,0.0747814083930062,0.134237238335132,0.232636145133751,NA,2.19727390338292,NA
18,0.988788326865672,0.986153539854166,0.405184889845746,0.411056436874027,0.411662260129702,0.415507527908547,0.986335755640765,0.959009072774826,0.958958377609696,0.417377298043898,0.419096577759244,0.419113956871985,0.857458085304036,0.765769538604439,0.612982203945767,0.0266968876418203,0.0416603674419276,0.0648111325470727,0.0449899632485461,0.172778167817381,0.248213178190467,-0.860819000030712,2.81353212785047,NA
19,0.987224771991107,0.981393817175353,0.405184889845747,0.414333426916239,0.416890185197732,0.420167310929882,0.976192580263458,0.959286235790231,0.959307969899064,0.417031346303315,0.419077616693673,0.419102690887207,0.730475386461223,0.749743398983398,0.569329990634953,0.0341894752682446,0.0418312864791923,0.0645867838546463,0.0578612384337127,0.176809855013698,0.235409046040015,-1.28551536293281,2.64582956057924,8.79682173469993
20,0.984265678330959,0.986486348703113,0.405184889845748,0.415316849775498,0.415015631961898,0.419080372687613,0.982678912390701,0.959635635094521,0.959143818588205,0.41769799122489,0.419034156311975,0.41910468021034,0.798641983023406,0.755376248826956,0.583991792177745,0.0303323439831878,0.0413491852889669,0.0646934576537125,0.0528910557463312,0.163835732955007,0.229874340935518,-1.13150243669504,2.31568292773745,9.67973671761954
21,0.972263950441217,0.983904255323227,0.405184889845747,0.423359753755741,0.424355336136101,0.42804339367353,0.972943837500153,0.958018746505842,0.95680965730651,0.41780456790071,0.419120239671069,0.419229776364312,0.715450890746279,0.758393575439113,0.614501784028014,0.0356466860816595,0.0425232848510442,0.0655926912991997,0.0653760101420024,0.17994718131509,0.253399765699785,-1.44297712572594,2.48920480598704,NA
22,0.984487352047247,0.98222143325485,0.405184889845745,0.416032795806567,0.416559621784634,0.419805467562526,0.984547524582949,0.959873202445561,0.95897470838945,0.417329501585106,0.419037575095776,0.419122031902206,0.83110340967498,0.781712259683932,0.634453647197692,0.0279727990697663,0.0410512956322968,0.064452040586297,0.0457851966598356,0.167038460630878,0.248726113466424,-0.874494657994904,2.61653860061231,NA
23,0.973642102243518,0.989009540146327,0.405184889845747,0.41989658562993,0.420200223008491,0.423698583378999,0.987288624071769,0.959358182946579,0.958701797469001,0.417137197082705,0.419076006134717,0.419134313955797,0.836481172240363,0.761645287959034,0.611753381006118,0.0278488706918819,0.0411421703958005,0.0649566840040591,0.0508762741459003,0.182251810492399,0.260823735622074,-0.874558481975525,2.93363030343385,NA
24,0.976143665466825,0.980076157679985,0.405184889845748,0.409385187486347,0.410678698397558,0.414721363673748,0.978219371950842,0.959699571317471,0.959268526573542,0.417523801352366,0.419092488252873,0.419146813011155,0.740904041226572,0.750887255083384,0.604040551917775,0.0343695513075713,0.0426105196563827,0.0651831170257793,0.0556039148090732,0.169045181031067,0.236432428551066,-1.07447307817784,2.63691794083343,NA
25,0.987840227432024,0.981125850339158,0.405184889845746,0.4161043501081,0.416907445465324,0.420998186104294,0.984031312784418,0.959809426910852,0.959101987119655,0.417173521096568,0.419035655879908,0.419107489290991,0.822376906553216,0.7977337946432,0.678254453552731,0.028600153127133,0.0412177235714574,0.0643991702996156,0.0497945437044112,0.194868169143485,0.246519695549029,-0.928475535647623,2.9505881424691,NA
26,0.984238302523438,0.982092519056377,0.405184889845747,0.414103964412183,0.414647718572757,0.418483263787223,0.979070395450518,0.958202849932877,0.957191706425103,0.417289160733893,0.419111118860789,0.419193032338566,0.782646428505823,0.728902482886687,0.564676391667225,0.0314268244583604,0.0421075993908859,0.0652793052230259,0.0528006903692249,0.137479484379154,0.233640710677305,-1.09200300078004,2.54177886304915,NA
27,0.978952694076658,0.988458209038665,0.40518488984575,0.416287857637596,0.41608287141807,0.419781405646334,0.981087526098109,0.959058667096213,0.959081135894175,0.41824653216431,0.419184750358199,0.419164968630806,0.757573162625829,0.744943539485209,0.603147402155188,0.0327617557073413,0.0417605670483602,0.0651448481652916,0.063952025362608,0.189289542923576,0.269184756647771,-1.37978056509222,2.97103835842985,NA
28,0.990421893101936,0.972481430560787,0.405184889845746,0.410357594689828,0.410030016263094,0.413677200414853,0.978282057788445,0.95997897864803,0.959785248796977,0.418304253464871,0.419092020572984,0.41909197120344,0.766889979902279,0.735436258059671,0.570349299295853,0.0329101326036528,0.0425533202507196,0.064732240311234,0.0564093915090438,0.179920711910328,0.244945031129622,-1.31048536319916,2.57611425712453,NA
29,0.964184896963485,0.988450262664689,0.405184889845745,0.412050785666027,0.412187850579911,0.416124539306326,0.982474865208703,0.958342480956333,0.957519089631901,0.417140528820831,0.419113486980878,0.419199295420941,0.75872177118933,0.739965991331251,0.58100100961516,0.0329952906325845,0.0419600539417768,0.0652834620602233,0.0619113198613783,0.131256546757253,0.251382763653201,-1.17545852209977,2.9231202147281,NA
30,0.967834256519336,0.983225818462854,0.405184889845745,0.412255720789224,0.412154177942692,0.415774094133023,0.986247940989755,0.958097355757967,0.95792012043827,0.417233873008854,0.419141089588575,0.41915953593646,0.801075188189673,0.747955648590944,0.624930440505164,0.0304549676455096,0.0420477474473013,0.0649466136261156,0.0581193037551588,0.16868838164454,0.262428520430328,-1.05692628228765,3.42516508456258,NA
31,0.987169596747391,0.98999108587545,0.405184889845746,0.418218028310064,0.418650192788344,0.422459245284213,0.97647506841115,0.958868135473692,0.958327401860635,0.417909374342541,0.419080756515666,0.419142068235216,0.745345626397145,0.759254858203052,0.611132776288023,0.0334629705397464,0.0409781301748835,0.0649081001660119,0.061533355385047,0.180355368688773,0.263268329298557,-1.19046215296298,2.50134726171487,NA
32,0.978318245669229,0.988906349953608,0.405184889845744,0.414772887012076,0.415662181284317,0.419602752645513,0.97437516585943,0.959498683534063,0.959301387439718,0.417762222325804,0.419063591958065,0.419095890795654,0.720564499840889,0.726945788039837,0.56085141877068,0.0348045173713877,0.0409106533727051,0.0645562545990474,0.0663648144413881,0.110371012612724,0.2599791904744,-1.33678783787965,1.66700657621495,NA
33,0.968686227889905,0.978720252759639,0.405184889845746,0.420934976900529,0.418934946966995,0.422426712873619,0.978443242383535,0.958558089086181,0.958007191027694,0.41854420241841,0.419096355848008,0.419155625374341,0.715524475895626,0.738381833805938,0.545216512050201,0.035063833917829,0.0428020524178681,0.0649525755699977,0.0560728821587642,0.177426873976539,0.20494636758886,-0.998089490899646,2.84125561023089,7.744764962095
34,0.988142449854821,0.990951987779502,0.405184889845745,0.412908113293288,0.413548670410487,0.417554058461933,0.980158611413158,0.959346746563253,0.958870729768024,0.417106964395732,0.419062833579798,0.419130151423897,0.812150521634382,0.769787249540511,0.601299950418739,0.02946046787495,0.0413021507685024,0.0648958605328647,0.0474466407490606,0.176923075331602,0.238987369422047,-0.867886601064471,2.89857657970488,NA
35,0.962882574537662,0.985861129040043,0.405184889845743,0.423794235164014,0.424756357472442,0.428338070755011,0.979176414217259,0.959007499294452,0.958513660778009,0.417700003421919,0.419104450762677,0.419148531625432,0.727901212426007,0.739484399439022,0.565161341624699,0.0350199935654363,0.0426399840445637,0.0656138150852324,0.0597439430694261,0.188457139296964,0.245399816985712,-1.25817913348169,2.40919600331931,NA
36,0.990867305387884,0.991516006861945,0.405184889845744,0.415015749831892,0.415345567497187,0.419266825009682,0.977371276335641,0.95786451421366,0.957791650476259,0.417765828548,0.419146810454355,0.419172328357442,0.752722924445374,0.760142325426275,0.58690492539547,0.0330962525210227,0.0419744177862793,0.0654348580778418,0.0584757806641936,0.191867866004963,0.243510614528697,-1.13171098509927,2.89685804198999,9.45485994356979
37,0.969906980018715,0.990449204704162,0.405184889845745,0.414702482218601,0.414454528533603,0.418317786729248,0.978561557852336,0.959605990783978,0.958971993614303,0.418103027637235,0.41907262198216,0.419134891587428,0.723787682843104,0.734791057346166,0.57013709099005,0.0346732192658813,0.0412143408879945,0.0650792798130585,0.0641115782049335,0.155137956088483,0.25549140814075,-1.63800304072202,2.91809128974994,NA
38,0.988276689246529,0.987236877709748,0.405184889845745,0.415570568166495,0.415491793563201,0.41909371829658,0.976007992853929,0.958612915330495,0.957804049028292,0.418139828722986,0.419088663056909,0.419167381728297,0.758472488054763,0.752370088859723,0.591957755561953,0.0327306419442748,0.041323856526304,0.0648945545180082,0.0637361732623782,0.160477815308024,0.251066707938079,-1.21585835578388,2.10862484378915,NA
39,0.978311025549562,0.987402272164711,0.405184889845747,0.414008308180906,0.414902203587592,0.418566684404977,0.978121776065623,0.95953325973748,0.95889783401457,0.418155936938959,0.419019835877345,0.419114587211472,0.720437836501405,0.788672780333871,0.642025469971285,0.0349120941476792,0.0408411005063699,0.06451603396443,0.0673014120986467,0.170568071436444,0.247511404133259,-1.85800125450297,2.9126970199447,NA
40,0.978572836298041,0.989186185348586,0.405184889845745,0.413774575427707,0.413314702482817,0.416874160426747,0.9789667098765,0.958071648753391,0.957346422985564,0.418245151828904,0.419139238216975,0.419185657833653,0.772492703751584,0.755941540038067,0.61088096082203,0.03211931890376,0.0416739775223307,0.0660233511241445,0.0596671139894752,0.18909575611354,0.263500218956267,-1.23580223123316,2.72628432940234,NA
41,0.974403469042627,0.99023182219378,0.405184889845745,0.414424325949051,0.4165003004652,0.41992802978478,0.983492176785478,0.959494208206482,0.959317043452286,0.417320314754166,0.41907859989596,0.419109174511024,0.798082268613488,0.730937733593167,0.542409771050575,0.0302912461591654,0.0415603075006764,0.0653227422707362,0.0512214689729892,0.126509223368222,0.238535526941924,-1.00203790726349,2.06714249761681,NA
42,0.98765252791779,0.990231030521882,0.405184889845747,0.412769776958247,0.413675328222796,0.417355318838066,0.977238121630808,0.960473099999612,0.959590786676682,0.417593338434359,0.418981145974315,0.419084065671196,0.754846262458076,0.770834314778635,0.624224675439257,0.0331067213743564,0.0402424311039001,0.0644534040123364,0.0584784235906752,0.147824493084699,0.260942417588181,0.529843837396364,2.45501899487325,NA
43,0.972962853923997,0.981561662701807,0.405184889845746,0.41850040811875,0.417676312602568,0.421470673839598,0.980300859960984,0.959831287851729,0.959582546070046,0.418190097552179,0.419056991225998,0.41908455840618,0.743311233614933,0.761453431313182,0.580038243017477,0.033508113225976,0.0417941427199763,0.0646958634608785,0.0669920521640898,0.174115515252486,0.211583709234395,-1.61585022505843,2.79721846627023,8.30184731729893
44,0.972716721302723,0.980620258284535,0.405184889845745,0.413047028536004,0.414056251851232,0.417967244760468,0.982643075497431,0.958187170154416,0.957661787594574,0.417016788381754,0.419108779799866,0.419171647793796,0.78999760548925,0.734286972619658,0.575241288829807,0.0309375323108176,0.0421667954097504,0.0649357070327096,0.0558623148471649,0.164255249148558,0.242035841607079,-1.09205896958128,2.87438991932426,NA
45,0.986161887594575,0.978650695841736,0.405184889845745,0.414853327319059,0.415269715742151,0.418711377322316,0.978594516035407,0.959973917565832,0.959735960976297,0.418197333762558,0.419035096849444,0.419080877895882,0.760174813305258,0.724986938928138,0.530973324748632,0.0327220771556018,0.0418086550637808,0.0643567499348555,0.0613313120999514,0.11670945046768,0.220098479606994,-1.22877794296544,1.78976369725375,NA
46,0.981419256116614,0.984694046622848,0.405184889845748,0.415394977019253,0.416494058202638,0.419830534205571,0.975807061880533,0.958444421019243,0.958382438859224,0.417523220072012,0.419079285022527,0.419141836274945,0.744443769610431,0.746665871758698,0.585431751407757,0.0334576379032398,0.0415381703054579,0.0649550775812796,0.0609498871310641,0.140544884459215,0.243863681490567,-1.19610931530077,2.24980188376836,NA
47,0.961040055855348,0.987420536073687,0.405184889845748,0.417255031813298,0.417267581167516,0.421521229064742,0.97835178519534,0.958609568052067,0.95876768205573,0.417682984201018,0.419100799070639,0.419126314067166,0.716419065794303,0.751446536394201,0.575783829912099,0.0349312452528057,0.042065965456336,0.0655312432740907,0.0626660710473789,0.184774102639938,0.223001410582421,-1.58848483832606,2.69299030350796,9.12981510869248
48,0.985864575956004,0.991222001654301,0.405184889845749,0.413461886696404,0.415126619991485,0.418788564495278,0.977086031329309,0.958781606706694,0.95894852713918,0.417171031609597,0.419091251099479,0.419119111468212,0.75275304130512,0.757090809637652,0.598856500948776,0.0331881303748479,0.0411728288458246,0.0652730514869281,0.0665684280576871,0.141122566558329,0.245370981159219,-1.55534600413351,1.91674581961489,NA
49,0.983691740801365,0.987640218729541,0.405184889845749,0.410347819842464,0.412396955294025,0.416008174550156,0.982095725358473,0.959581126854812,0.959311748303324,0.4175198303478,0.419069303747618,0.41910515910197,0.802599550249413,0.741199588623481,0.587004485225805,0.0306663777825541,0.0412757025618222,0.0649968535841419,0.0543494448589956,0.148697316673427,0.254875590655354,-1.15644785485448,1.84817218085174,NA
50,0.982579822414446,0.979109507115393,0.405184889845746,0.414378154759956,0.416315915572257,0.419998220798879,0.977463389296624,0.959917162913483,0.959843861340625,0.417340391753566,0.419037591688778,0.41907704799115,0.74496466719343,0.77883063605772,0.665846261897427,0.0334995429235064,0.0411478341835918,0.0642904859084835,0.0635797799398515,0.180997688503973,0.253616637115684,-1.36242441784985,2.93642614191919,NA
51,0.984393461950169,0.980353390821219,0.405184889845744,0.416171935095186,0.417188576823701,0.421299478156486,0.981917047545565,0.959608251148689,0.959097515074035,0.417040560856203,0.419048006875707,0.419120349085859,0.816859291784685,0.763005925433308,0.622652525556472,0.0289854298283121,0.041461229161031,0.0645364387834626,0.050159222982635,0.17997871464909,0.245112387909198,-0.780139757160209,2.74044053579726,NA
52,0.974578365805547,0.989952885324278,0.405184889845745,0.41156567073699,0.412553666726073,0.416316001534888,0.980195507606746,0.958875659055865,0.95878996535847,0.417346423363674,0.41906584668964,0.419119546439417,0.782980197700609,0.750602733740893,0.579171603646205,0.0316431497373927,0.0414483988366622,0.0647861238066207,0.0581325093071615,0.132207139592783,0.241498860954869,-1.30272563744244,2.58812278729866,NA
53,0.967097569863278,0.983785823187218,0.405184889845751,0.415621696904124,0.415643246439048,0.420033239280279,0.979132157817875,0.958829183372423,0.958380312058608,0.417963548726058,0.419111903287594,0.419153004166893,0.73923260069315,0.741105147636092,0.575051106968725,0.0337814703295434,0.0421574693936443,0.0654994703043153,0.0583074469695144,0.208409872064775,0.239250266650481,-1.34745638256481,2.96882042724645,NA
54,0.974196704652644,0.98749712445712,0.405184889845747,0.415905787324384,0.416664764141519,0.420194704954111,0.980503255669951,0.960047517063872,0.959649860739857,0.417608895021632,0.419055304858941,0.419088307381226,0.7578944397581,0.76412626716834,0.612266646337747,0.0328363809709506,0.0406551017711023,0.0643748495862922,0.0630418448286241,0.157405463666456,0.261031519751877,-1.33568400858964,2.3887192649112,NA
55,0.964410747945872,0.97708642735166,0.405184889845747,0.417628473045683,0.418601922742269,0.422118534100786,0.974683059014727,0.958667272671696,0.958881959451372,0.417553568794923,0.419139414031432,0.419116055608287,0.712216712994461,0.737876317558643,0.591211895983683,0.0351562035012818,0.0418554813707044,0.0645696202617828,0.0721431908399461,0.140982786555745,0.251757557226618,-1.74948856824962,2.26350075905196,NA
56,0.972907262384713,0.971491440184944,0.405184889845747,0.415735360698309,0.416695642888842,0.419654395244191,0.985609404841252,0.959225183730373,0.958931299053047,0.417163013740956,0.419042023356797,0.419115126483734,0.799837781628488,0.724818521995354,0.59690603354903,0.0302793967537319,0.0419881502572039,0.0645654877933808,0.0542721469677437,0.131555178306199,0.262399283698637,-1.31382252785701,2.07673958598058,NA
57,0.984949686184572,0.978495092358904,0.405184889845747,0.419155973395248,0.419395815854605,0.422866460289789,0.97799980439548,0.959823559402491,0.959188941739147,0.417614425230394,0.419011360104272,0.419103379825486,0.768477193179832,0.747131205003892,0.576260231918878,0.0322084123352438,0.0413424499988227,0.06452001754523,0.0567325049872067,0.153013486050795,0.237529575225964,-1.0731823006092,2.35534137325729,NA
58,0.988635591153644,0.981428706463874,0.405184889845748,0.417915465873952,0.418689564356324,0.422436084334519,0.977339763595237,0.959661149227042,0.958876647675121,0.417837038884763,0.419045922713985,0.419115516376856,0.766837148321936,0.760149661095996,0.598928427587598,0.0322306021131613,0.0412510744843201,0.0645612383849915,0.0587427382965085,0.15637929613236,0.231398317011829,-1.13351708404832,2.50287174757412,NA
59,0.978140563270331,0.973867402814966,0.405184889845747,0.419887281999235,0.420461638297587,0.423682534858416,0.978973123021125,0.960182162668592,0.95953524740552,0.41792554713443,0.41903073065077,0.419109722568383,0.770378507142021,0.750840445850177,0.598169119169053,0.0322293705291283,0.0416707719614285,0.0645676781218458,0.0581012544519592,0.186125070892653,0.242880578478025,-1.29739885837747,2.4850760207379,NA
60,0.967453937649251,0.986608123736446,0.40518488984575,0.419944501016363,0.420436718421822,0.424205360210125,0.979982538698021,0.959720409995821,0.959389796236321,0.417564559028262,0.41904863415893,0.419091879556628,0.75443289614888,0.756825830285655,0.585802294560187,0.0330739452598895,0.0412808466752721,0.0649486993819628,0.0563388457978672,0.160073357609677,0.235946889173149,-1.19470138594233,2.7408889637902,NA
61,0.982632011222994,0.980370603818319,0.405184889845745,0.412472594603259,0.412896002143195,0.416826518228315,0.981298367768121,0.958083069245067,0.958342534782721,0.417088347782326,0.419125014090966,0.419144261973174,0.787586351702289,0.734298984187324,0.580559388277727,0.0311271949130459,0.0423023076669214,0.0650914618577543,0.0518059439166319,0.161609591243864,0.236871124698751,-1.13614866553234,2.69598866439125,NA
62,0.975813289075299,0.98638625603815,0.405184889845744,0.421622539344313,0.422937128437023,0.426521729554128,0.977785940682529,0.959044159039067,0.958224342442406,0.417660228124811,0.419081228714859,0.419156876009755,0.756338091800776,0.764890606149204,0.603708800552516,0.0331656110778454,0.0416372864995027,0.0650245289971426,0.0607019433068975,0.16858033971254,0.252008218319589,-1.17894494638217,2.44834644983622,NA
63,0.979806399435668,0.971077648753523,0.405184889845746,0.417050235529169,0.417537248168899,0.421229145441792,0.985306608538868,0.958193726513463,0.958397384146907,0.417559404488097,0.419098302861525,0.419137576664581,0.833577795396034,0.746144593262554,0.578974976092992,0.0277855762624324,0.0426770277745891,0.064702081465027,0.0446295005021378,0.168805305422464,0.223412102759129,-0.784124308011383,2.66058267014142,NA
64,0.985998476571418,0.980107399250123,0.405184889845746,0.414327782445487,0.414816480365524,0.418218209688035,0.979672636448409,0.958080471062964,0.958037784579027,0.41804582593377,0.419140303734991,0.419166234163359,0.762923210974551,0.74766273597543,0.567223268550013,0.0325792940337806,0.0426190416024741,0.0651849898424837,0.0553711049077964,0.1929043255329,0.223567556751244,-1.29322283419464,2.68539227937265,8.19795640027752
65,0.977643444108445,0.982378124010873,0.405184889845746,0.415288212590236,0.41621147619114,0.420168384680524,0.978948576796437,0.959324719428299,0.959053371311594,0.417861050637306,0.419088600436953,0.419110606047722,0.761586737227606,0.744360505284427,0.585830933066185,0.0325293611779933,0.0415195133714272,0.0647927057890671,0.0577591476824076,0.179271503367368,0.243101419414279,-1.00156027397049,2.47961271355381,NA
66,0.976892979299892,0.991923155890309,0.405184889845747,0.418823706049439,0.418935289963858,0.422839670605095,0.983262464870212,0.958947019882376,0.957722882952487,0.417767716846077,0.419093060282439,0.419185090560357,0.788906162918623,0.775147719580825,0.652297097403623,0.0309704305263674,0.0410032071638603,0.0654014941174196,0.0545979826424446,0.177122630044854,0.259932043640792,-1.07401118804449,2.97959339202361,NA
67,0.969249398270742,0.976165976160013,0.405184889845746,0.417208040778027,0.417964493869279,0.421685581922181,0.979771733091403,0.959216405352535,0.958855892412516,0.418188964678821,0.419072265643917,0.419116372238857,0.749420928406403,0.727382373811365,0.589265832416054,0.0332640373930514,0.0416373465295857,0.0645948917191216,0.0622315184189581,0.15677993648354,0.244703198948804,-1.48350100544563,2.30069756168574,NA
68,0.946647122214467,0.984394221175919,0.405184889845748,0.412221364226577,0.415872306210123,0.419327137972774,0.98257754866209,0.959659511333556,0.958707231025361,0.416551996360588,0.419041627156555,0.419157642897518,0.803065066393311,0.728808386028774,0.543430831508869,0.0300433550502971,0.041716466594183,0.0648949553679574,0.0482050547313312,0.151032895158214,0.234886613359565,-0.758877537912741,2.40964964722404,NA
69,0.985735343799093,0.979101398377624,0.405184889845742,0.413407495311838,0.414294809383575,0.418070458957748,0.977950169240179,0.958176554726647,0.95768546953776,0.417930239888213,0.419127234234294,0.41917032555738,0.753147445260297,0.729919855122795,0.562514803126213,0.0331363554464698,0.0422541025380046,0.0650347373562352,0.0590347955464155,0.154875884654969,0.230314463336772,-1.28485104088249,2.1600140830226,NA
70,0.98342687430882,0.987115419273186,0.405184889845746,0.413265364956344,0.413074927631942,0.416881136942678,0.981152779445787,0.957520477313214,0.957854755959605,0.417617452496715,0.419141967868871,0.419171150168596,0.802420644666177,0.742012415059925,0.610526718149905,0.0302486462449296,0.041926336362957,0.0650138786371429,0.0570343659770507,0.169732070100581,0.268361802119843,-1.1488934076875,2.57444394485759,NA
71,0.983081447906676,0.985863847792704,0.405184889845748,0.422692274003889,0.42262869080392,0.426468544605031,0.976179897943878,0.957968480265992,0.957680247064681,0.418006646959384,0.419099298119081,0.419173887362854,0.71471384456336,0.75892675602875,0.622934514549286,0.0354815893492744,0.0419114738466438,0.0652262344836395,0.064616295009918,0.171821126730763,0.252566632402813,-1.71099080062296,3.04758339092541,NA
72,0.992127207199731,0.988822735806863,0.405184889845746,0.418979538863883,0.421092560032211,0.424687893885357,0.973542208213371,0.959402660468621,0.958998141452805,0.417413480615718,0.41905255327364,0.419111665182376,0.71904752489059,0.7611825679179,0.599670986766025,0.0349186124482203,0.04105580674346,0.0647957156982237,0.0752732434229031,0.154953841016379,0.250639743236541,-1.4032155369633,2.23046286819444,NA
73,0.957883513526672,0.988305834354627,0.405184889845744,0.412588933079266,0.414431506213695,0.417681373120664,0.982092622012928,0.958665455028265,0.958117326770832,0.417358487508297,0.419079136802894,0.41915381823443,0.785688922544373,0.770130182384921,0.590990704378676,0.0313712898447701,0.041738389781559,0.0649753831910727,0.0566455294366317,0.155027875174079,0.23481641257691,-1.04291379320082,2.97310680335481,NA
74,0.992633880232729,0.978386967680556,0.405184889845744,0.411854269888772,0.412986942699058,0.416698731566732,0.978860476441441,0.957928371422628,0.958084289895044,0.417601220538895,0.419149682919298,0.41915493560518,0.784642867591493,0.745227012083434,0.58771156487658,0.031468516912401,0.0423615044051652,0.0648607290399286,0.056836738971228,0.144610569389602,0.236104041083469,-1.08069443732128,2.11136475717143,NA
75,0.971359016775098,0.987702399931289,0.405184889845745,0.415545806619972,0.415584809830943,0.41932225254858,0.985939218474125,0.959774178327884,0.959171086521192,0.41724384877942,0.419083932905544,0.419107711512784,0.8114113465407,0.764961414940165,0.620789827353212,0.0294167170164962,0.0407741276676998,0.0646657951558122,0.0527081214785108,0.174397571606694,0.257246881016587,-1.09052553546892,3.19728739448127,NA
76,0.973269521445907,0.988547631145657,0.405184889845747,0.420408718958251,0.420957704628148,0.424842794274355,0.979347034156506,0.959794535006654,0.959541419129762,0.417762913398018,0.419075679020411,0.419102196149678,0.732303441810894,0.733547541834131,0.586826406845022,0.034295053168055,0.0410554689808848,0.0647231590507817,0.0604065238314643,0.129849682806403,0.265756025066573,-1.6932312663568,1.79156292313798,NA
77,0.983792444034714,0.984177223855902,0.405184889845745,0.419425486960334,0.41989190226951,0.423136104192153,0.98468154489583,0.959795752682869,0.959631485031276,0.417627573484206,0.419050769922383,0.419083878324032,0.80361741340736,0.767983600008622,0.657302645417095,0.0300807792513994,0.0410082484259473,0.0646204400188578,0.0533355855751318,0.177137242669164,0.260214825829552,-1.12845793941357,2.72739519049676,NA
78,0.928378776387246,0.979740530244843,0.405184889845745,0.414030100428817,0.418822421494351,0.422945937738966,0.978245434501266,0.958320927136369,0.957669318915252,0.416732009565543,0.419096854013627,0.419171153378898,0.705146804353767,0.755334972752072,0.608160793034686,0.0355033988717122,0.0419903763787932,0.0649394251549466,0.0762741955380458,0.165257691269557,0.237747102145499,-1.28896217219722,2.73874236528185,NA
79,0.966612383101291,0.980165277767033,0.405184889845746,0.420933156936269,0.420712463154783,0.424745281513111,0.982688912850229,0.958656813769704,0.958528787346336,0.417480166921281,0.419127839274936,0.419146290596424,0.766685756437524,0.739799887568537,0.597656307213247,0.0325425076981182,0.0420896624989391,0.0651023578354377,0.0579530625746673,0.166256452806404,0.238525244265961,-1.32148030005694,2.26284323730883,NA
80,0.98746960119625,0.993215477911986,0.405184889845747,0.412765098698457,0.412705389750613,0.416595088711917,0.982016740341424,0.958568328906021,0.958531522919196,0.418169256989722,0.419140371136225,0.419164574902966,0.749685278526125,0.775353186954626,0.624814341455037,0.0334640372146721,0.0417445728922386,0.0652611171894519,0.0656174616154438,0.202346195143845,0.259501703138284,-1.35291472436055,3.08800466702278,NA
81,0.960476747422592,0.984627529366091,0.405184889845748,0.421908681791467,0.421758299457833,0.425121383317641,0.983215373513642,0.959390464544567,0.958703608659262,0.417724977057307,0.419074026505511,0.419138159767073,0.798273865326708,0.715875405561309,0.542990324077524,0.0305424428810949,0.0415953639936834,0.0648298073412275,0.0558710171165425,0.113748523444625,0.254669568343422,-0.931266891771243,1.83198214254457,NA
82,0.978849576215944,0.97930107581139,0.405184889845745,0.416730842652499,0.417302563552908,0.420850176708918,0.980250467176038,0.959160602469525,0.958802144362377,0.417496282669451,0.419069217946853,0.419120942508182,0.765531196903287,0.770895998167247,0.615798816738851,0.0322377157620918,0.041592525718113,0.064629947418504,0.0611497945224175,0.183060897353758,0.230336862355435,-1.32454365094665,3.17539194218055,8.9393003580164
83,0.95997997165834,0.990882167899693,0.405184889845746,0.418479289196238,0.419445913721515,0.42311736225036,0.978766923958837,0.959772932170544,0.95934528847749,0.417687913704021,0.419031899235879,0.419098030518627,0.765993417571551,0.748458248385973,0.578122361060363,0.0322768148783498,0.0409026883006352,0.0648791600947017,0.0613725691766228,0.129930202731522,0.248250257690486,-1.22752214862878,2.08507443338372,NA
84,0.981292712369386,0.990808815397452,0.405184889845744,0.417421500974032,0.419282271909388,0.423135258265814,0.976915603436668,0.958798476559598,0.958350294051477,0.418048187007015,0.419062018814841,0.419141736464478,0.751628293017099,0.774889113030212,0.608424564837718,0.0330164703243975,0.0413854064599064,0.0652832044111714,0.0617388365849313,0.172677784344214,0.234158066383888,-1.16906560694698,3.0360264570232,NA
85,0.984932513510798,0.98543894310385,0.405184889845744,0.40724377594616,0.407434149271976,0.411268331683697,0.980304840626473,0.959205722730343,0.958883566711495,0.4179122997688,0.419085744452687,0.419159656796843,0.770741845357416,0.759312744906434,0.652149703908247,0.033614584561659,0.0425387305544637,0.0653760866158218,0.0606307850570751,0.194345930440358,0.264256108434623,-1.3509583999778,2.95886892984974,NA
86,0.981803069856935,0.996230733837479,0.405184889845748,0.413152672976472,0.413901091630118,0.417561160621134,0.979206414641362,0.95735270086591,0.956397993186724,0.417725321624384,0.419194821207087,0.419240940890926,0.754107401128104,0.740039947462791,0.554683869845397,0.0331332356978461,0.0424402121842992,0.0659114863515896,0.0609447158422173,0.186408923156814,0.25408694082567,-1.21862343948208,2.81010618613502,NA
87,0.99590117425896,0.985026927610889,0.405184889845743,0.412235252868715,0.412618025261701,0.416414178074073,0.97553591429695,0.958729940009729,0.958605955165912,0.418224473549651,0.41910202611873,0.419139560633193,0.7664912152299,0.761063825294077,0.616065064598188,0.0326585366570751,0.041610604091036,0.0649028726564355,0.0633585986609841,0.190917417581662,0.251841215661879,-1.2714037914691,3.11431436418107,NA
88,0.991542494122441,0.991505283871207,0.405184889845746,0.415172429660959,0.415970050392097,0.419698353897949,0.974753784692274,0.957277411443834,0.957519718378621,0.417758666187369,0.419163399824748,0.419178732707068,0.740360586909433,0.740449154421509,0.604082585127623,0.0337288755270891,0.0415179823653997,0.0652519507682015,0.0620643792090641,0.145814767851904,0.264482105118404,-1.10269921024657,2.2436588348827,NA
89,0.987556030243002,0.984844109366003,0.405184889845748,0.41896453737865,0.418462178326358,0.422618510076665,0.980694721980263,0.959261149243867,0.958500552229022,0.417370285784836,0.419086908819104,0.419165804131523,0.762324095381346,0.754430055230838,0.637822707237323,0.032581030581052,0.0416889245904133,0.0649459429182549,0.0616499448860819,0.179702578825428,0.259966746180752,-1.28055250698564,2.9049449479353,NA
90,0.956292386789913,0.974341064828792,0.405184889845748,0.412563388271343,0.413676257085935,0.417005070123892,0.982873410745068,0.959557887625529,0.958861408889213,0.417322222412798,0.419079781533966,0.419155788601617,0.79106213467126,0.740185781697172,0.578717298557607,0.0309992813687119,0.042321366670225,0.0647105883232957,0.0522397155171838,0.151295574288888,0.235303614732721,-1.34617649945533,2.87193071899892,NA
91,0.987571194454661,0.986742348743731,0.405184889845746,0.409187632085725,0.410125631125264,0.413859922635074,0.97750269913972,0.959271663934153,0.958981169576099,0.417577613618697,0.41906061681789,0.419111528468776,0.759654793411229,0.76302389884439,0.615172842807755,0.0333830607585462,0.0416172446234719,0.0650322787490359,0.0628759094358184,0.148708650740456,0.250703839476835,-1.10331701484843,2.4701851912964,NA
92,0.977120828261531,0.985468821345737,0.405184889845743,0.41296632303574,0.414238643563569,0.417597263501458,0.981283930804173,0.95927201481746,0.958857921224976,0.417452112736455,0.419082824495823,0.419135518015023,0.788222880459714,0.773433414253074,0.623881675585017,0.0312312593980082,0.0412140621181814,0.0646396125899747,0.057596814579385,0.181116416933331,0.255237734570136,-1.13690681760855,2.64853682379495,NA
93,0.986001801794005,0.988452350961499,0.405184889845745,0.418154230521651,0.419066739250848,0.422609415413064,0.976806514666563,0.960298109954988,0.95979970719288,0.417712189775528,0.419016156292453,0.419076798741826,0.736940312072244,0.742740891056886,0.542940210274275,0.033891098644561,0.0415099298181435,0.0647516564302951,0.0634983116203823,0.166267844043838,0.228343457133273,-1.29181499666543,2.61239893004759,9.05242464912749
94,0.975603163803785,0.970956311793992,0.405184889845745,0.416697884141421,0.417895227658898,0.42118011174158,0.980462314754498,0.958600256689851,0.958252009558276,0.417843282664555,0.419127188437621,0.419149305147558,0.74569781062416,0.750997862525968,0.570647727687804,0.0333777931866882,0.0427049613155785,0.0647877210505525,0.0568740888081507,0.183649444678151,0.220254231807369,-1.14321917502017,3.21646204512143,7.92407568544677
95,0.985481124946087,0.982639389889033,0.405184889845746,0.410264309325297,0.412800376360019,0.41596606616762,0.974133970122901,0.960157393832155,0.959806806780987,0.417667213218089,0.41902830473585,0.419087003767524,0.717807072364008,0.77390440993713,0.593762789839796,0.0354976897004522,0.0417209654882365,0.0646703473512783,0.0648223765891846,0.183624394820506,0.223491403320991,-1.4832904015126,2.79211684095917,8.09076440555913
96,0.97528492633846,0.969678046759872,0.405184889845749,0.417827659991082,0.419206435664602,0.422570013810317,0.980630051498685,0.95835690538506,0.958294486680079,0.417370201913234,0.419127106605496,0.419166942188389,0.768338330194576,0.71437927426281,0.52643843363831,0.0320943585349908,0.0435335340683103,0.0649408504353718,0.055803067677044,0.162669107223932,0.200515839866905,-1.20280208638099,2.20703487443849,8.82752086745976
97,0.979030557644106,0.980584136418422,0.405184889845743,0.412238982664939,0.411928285815085,0.415488460429343,0.979290821649442,0.960106274430999,0.959449378557435,0.418172614258711,0.419035393572236,0.419093391759744,0.754191845505483,0.756493956938164,0.607595170748551,0.0333300102006504,0.0414457333916993,0.0645969520027494,0.054849642770045,0.159616432912574,0.247812227238812,-1.05017871736076,2.55606477471691,NA
98,0.977536860897975,0.981582799204115,0.405184889845746,0.414405880499643,0.414858377637719,0.418813719768204,0.981792516615753,0.958647859184431,0.958611489827111,0.417577826087771,0.419079781059366,0.419127569699316,0.797459372765003,0.736597574041654,0.587487661697886,0.030429622829197,0.0416374515530122,0.0646841863925134,0.0560687131778713,0.152485321808137,0.244006551866265,-1.39247396887036,2.43336104462511,NA
99,0.987494698917384,0.982565488269347,0.405184889845746,0.412839382407264,0.413770247305001,0.417790364090949,0.979557293953691,0.960536254373227,0.960197109074273,0.417747099839091,0.419026294061212,0.419054707647135,0.762262878968727,0.791882005570844,0.650142256361998,0.0327319469878744,0.0408696736452779,0.0641651109992998,0.0628632433156683,0.19099218510905,0.246972036828341,-1.17874311214597,2.88184864667935,9.36715347826762
100,0.985973666139689,0.9778297521114,0.405184889845747,0.418050491731266,0.418347041872833,0.422131297309053,0.978465862717159,0.95937966567437,0.958693279748369,0.417701993082526,0.419045849928356,0.419125596392192,0.767643674140835,0.724427657527589,0.542201292427063,0.0321516995019943,0.0418430462299889,0.0645618264230389,0.0573776937087801,0.128641472152518,0.22676626080316,-1.23330594048179,2.02864545255967,NA
101,0.983386047796036,0.980844844251444,0.405184889845746,0.412665894069938,0.4129863214577,0.416748261972856,0.982005887229761,0.957426329227533,0.956941852243328,0.416960222052006,0.419137398926105,0.419219485192466,0.796286504261183,0.73532785742619,0.583340946207762,0.0306645603229561,0.0424683558674286,0.0651987640690972,0.0565976748525479,0.150291089732943,0.247193301863481,-1.12554651217937,2.99524527164852,NA
102,0.969840818763466,0.978353997143083,0.405184889845745,0.418118347075279,0.418849409839348,0.422247204351212,0.979951930050239,0.959690383903975,0.959284450842054,0.41815361154269,0.419042280089283,0.419099263399569,0.764097190370214,0.731561053914358,0.532505020881105,0.0323916082468875,0.0421162455103278,0.0644274621486329,0.0583429216086573,0.141436960382139,0.219615145327721,-1.30024130128385,2.2633722982212,NA
103,0.966603893662082,0.99327913099385,0.405184889845748,0.417926807086119,0.418061292096529,0.422071728174077,0.983906791580305,0.959993584262864,0.959657145869647,0.417722762763358,0.419051294679062,0.419079733652089,0.819716782795885,0.74181693897824,0.572363720582994,0.0288803595699135,0.0404693584712982,0.0645309730124695,0.0496668733080288,0.13855151249855,0.260028662340833,-1.02719708831329,2.29037122620035,NA
104,0.977876321055542,0.976115310383794,0.405184889845745,0.420573226136284,0.421854303445721,0.424961098703687,0.977369271183289,0.959415742143105,0.958726892695954,0.41747530235827,0.419073448385373,0.41912707646874,0.737776976969835,0.744067021233992,0.59295915230854,0.0340430264076569,0.0418623761388668,0.0647874859119099,0.058406636620179,0.153380321753997,0.245511031223003,-1.33486820809267,2.43445489499578,NA
105,0.969574726311246,0.987729583507469,0.405184889845745,0.417117248687199,0.416651943643423,0.420664344197656,0.979708623505584,0.96006799347198,0.959470406076283,0.417547051890737,0.419019416717428,0.419093378939967,0.758468248232107,0.78192224986208,0.620500871399118,0.0326710052023139,0.0407723086094732,0.0645148324510654,0.061467438002525,0.172791733379141,0.231919786446104,-1.20582621173803,3.12438278037339,NA
106,0.970975788539623,0.983877135194248,0.405184889845745,0.4177571103501,0.41798366081916,0.421502986030808,0.981638057164916,0.95930083669849,0.959418232421189,0.417704780317535,0.419131811292111,0.419114258134499,0.74848451980821,0.755929253749088,0.626793770034388,0.0333139491624944,0.0412626032027923,0.0647023281154054,0.0649429201804509,0.154837856243335,0.264058586663578,-1.60806381756541,2.3435179559116,NA
107,0.977825986627692,0.982667533706278,0.405184889845746,0.418123976115542,0.418753276450872,0.422311929586185,0.981139154106905,0.959186159285429,0.958590691382194,0.417795178379647,0.419084778749373,0.419131189414799,0.785183392614944,0.745704522460497,0.588530611075376,0.0311407908883682,0.0412943853359256,0.0646882364997052,0.0558143811788783,0.145960982444679,0.244945163011097,-1.25547679145685,2.20994005358194,NA
108,0.983255857280333,0.991806654777326,0.405184889845746,0.411384086956109,0.413242044373099,0.416994705859942,0.97674868801998,0.95812089008681,0.958069204489074,0.41717591508546,0.419161354565642,0.419167487951437,0.745958375151546,0.741633721605609,0.59775271641738,0.0336939741175356,0.041538456275375,0.0651778253803061,0.0589376386841589,0.143798880179993,0.265192497771609,-1.28996620474495,2.51260417559938,NA
109,0.939722180115824,0.981433407617738,0.405184889845745,0.410121977808923,0.417534867517293,0.420670141985112,0.979809538925165,0.959116118886256,0.958922724974202,0.415877895852395,0.419049660910491,0.419118927186876,0.720876246073199,0.75091608919031,0.575431361580516,0.0350851466743202,0.0418157396099811,0.0646476882828767,0.074530558216199,0.16838831417126,0.234065591585008,-1.35730058820209,2.79997066689874,8.96270942731034
110,0.978726371218781,0.98292935609107,0.405184889845743,0.407369156344017,0.40863612073927,0.41224426786791,0.977169306703428,0.959451877246076,0.958812979687896,0.417224730463953,0.419090744384147,0.419156344654384,0.737309013232686,0.774309951585136,0.600058895575858,0.0350127206684248,0.0429056927255317,0.0652253048523585,0.0623321732055973,0.184539047698277,0.227342150592934,-1.74585242361682,3.01754434549539,8.08657254067082
111,0.981407736095492,0.983118166341664,0.405184889845745,0.415614837096364,0.416726536049855,0.420572714539162,0.975591864085835,0.9604009800464,0.960059924815203,0.418226702234896,0.41899124431398,0.419061498054966,0.720006836584507,0.756618415572993,0.590064724447878,0.0347946166713636,0.0407702062756964,0.06427364140899,0.0642726369148118,0.140522589477007,0.232667574250119,-1.55994473981839,2.34716808853678,NA
112,0.975324617912843,0.992366702564268,0.405184889845746,0.418971048646512,0.420809254895537,0.424285752802673,0.978838101110079,0.959818632428266,0.959325749186969,0.417809273412743,0.419035599314326,0.419094789938887,0.764430839544023,0.775328383544888,0.622501049057643,0.0324212014571026,0.0407159463555214,0.0649022054051329,0.0644393704508567,0.188977477399104,0.264283043232125,-1.22750828497508,2.59627381068703,NA
113,0.966788810983395,0.971943370522143,0.405184889845745,0.418460950883293,0.418688113943369,0.42201714465385,0.979526184740835,0.9597729040147,0.958911261646951,0.417853843432451,0.419045509810185,0.419149946407705,0.749469939804572,0.760026377306513,0.61954708371403,0.033243549004665,0.0421127137041559,0.0648603145816012,0.0618481622252956,0.176951034974299,0.228974971810438,-1.33053423311493,2.74889979787982,NA
114,0.969985067052778,0.966102847394764,0.405184889845747,0.419257677888988,0.420579190019216,0.423822921909019,0.979801883635689,0.960490262623786,0.960087448826196,0.417326688107976,0.41900513137575,0.419077536873332,0.754951584042344,0.761483547472181,0.602151095284947,0.03302910704085,0.0419017911001508,0.0643385671564975,0.0625277100560535,0.181667820023939,0.231789069078896,-1.51796852617369,2.83477711924042,8.30308758200669
115,0.985912592963734,0.988672499496002,0.405184889845746,0.419412100160358,0.420487891818339,0.424330153857337,0.977539766101235,0.959172540990095,0.958749159125563,0.417525998179597,0.419080093217883,0.419132989332008,0.773885379098841,0.766200064534299,0.599059045809414,0.0319014613040862,0.0414859946739512,0.0653961457870916,0.0554293990739689,0.158151667538072,0.226251205314329,-1.17386239663835,2.40364310465139,NA
116,0.970050971086626,0.986513833434881,0.405184889845748,0.414864271681354,0.415880665790341,0.419593478585226,0.978690423373242,0.95985348480114,0.959751164186432,0.417286798413136,0.419038573591158,0.419106675157867,0.740612609079712,0.785057569471545,0.633206607041321,0.0336948224452055,0.0410252872351227,0.0645100519568562,0.0604207392106462,0.186887666637283,0.245257351001072,-1.36616392286915,3.10079838927854,NA
117,0.971082032822773,0.990438947538097,0.405184889845747,0.421811607527993,0.421981962055787,0.425848405482968,0.981016499023619,0.957719828157375,0.957776648559196,0.418049769100361,0.419155331123781,0.419168165764909,0.759361563974768,0.758122581632483,0.60052447012368,0.0329945803061469,0.0420304277414158,0.0655298831508271,0.0682383094392506,0.186334858777955,0.249919820403395,-1.36097746818939,2.69042719866627,NA
118,0.981176051686486,0.977431294366568,0.405184889845748,0.417644830450165,0.417987001992329,0.421349645115444,0.978080231007174,0.958121918452503,0.957783605214351,0.417929680323219,0.419129934575396,0.419175069452142,0.759721388242988,0.737367811776824,0.599387312648149,0.0326054109257711,0.0420925710473672,0.0648567635072387,0.0576352440248026,0.166784431275748,0.262959252274509,-0.969758128303728,2.78333954918022,NA
119,0.969440777831167,0.989143757864791,0.405184889845746,0.417199729498866,0.417232109845163,0.420983867000101,0.983084079404855,0.959917622936699,0.959539581689976,0.417801197849788,0.419065559528572,0.419092173690288,0.750395987112254,0.752817460541495,0.68004656286961,0.0331482124679487,0.0409059873616061,0.0646081401622032,0.0723415574530381,0.173841545749496,0.273992307745743,-1.71321028379055,2.82508887096396,NA
120,0.983607506047162,0.98634661629222,0.405184889845746,0.416758344947631,0.419913093153784,0.423654685459252,0.985729787015143,0.959059540180397,0.958800353775717,0.417255293838976,0.419104546963169,0.419140721468885,0.834234909568738,0.772472720199249,0.611276365155279,0.0276844333595412,0.0417975554262005,0.0650741283254839,0.0489643239469189,0.186009953274032,0.233727131590113,-0.784414065087128,3.03076289974279,NA
121,0.984944992310223,0.982331408940164,0.405184889845746,0.41354087581254,0.414966324126696,0.418645651665982,0.979746527095809,0.958408193333601,0.958597601202199,0.417298789115567,0.419161001971137,0.419197961557317,0.796469178998474,0.763428465269765,0.612433777080982,0.0304597382788576,0.0422186742398163,0.0650012375504274,0.0541815066323081,0.175867664118305,0.243663126064151,-1.06101633739371,3.03759825139225,9.18830585092297
122,0.978352967475312,0.985530314017375,0.405184889845743,0.418222700820327,0.419431657218054,0.423194707530875,0.97390668326424,0.959541104192926,0.959409572777624,0.418057297320335,0.419069882720408,0.419111954284751,0.717815124215949,0.773412949553388,0.637393779527612,0.0348546070155572,0.0411179200301699,0.0649879628829519,0.0594274467685012,0.176050598608603,0.247984602733372,-1.3783935860243,2.94665429413662,NA
123,0.97498478145181,0.989462557720507,0.405184889845747,0.4187214027218,0.419023208139269,0.422681892204761,0.984045243825382,0.959884777679202,0.959435390153117,0.417517306290766,0.419063023202507,0.419103479440673,0.800686265994988,0.776161792490857,0.629143628847449,0.0301893189680271,0.0407482688732365,0.0645457069153646,0.0510725458440142,0.159979426051303,0.252557244921511,-1.06963317394636,3.05020970305823,NA
124,0.991019653197469,0.977784295271378,0.405184889845749,0.409007133637331,0.411874331796663,0.415162490691771,0.979001159472182,0.959064737843942,0.958398733620375,0.417262313490727,0.419076866007847,0.41913852154922,0.793117429529061,0.72027348344829,0.551915623885362,0.0314528084587823,0.0420028048336659,0.0649295831815828,0.0544520264896491,0.120829893686041,0.242393843709718,-0.96100649986438,1.8047007969096,NA
125,0.963578292616306,0.986749838504937,0.405184889845746,0.411233691519602,0.411319500340424,0.414852041079199,0.977850773210433,0.959054968775153,0.95859779691373,0.418036760243503,0.419075661242193,0.41912836259333,0.693376038039291,0.762567525414473,0.592139474327612,0.0365555011236399,0.0418081172816058,0.0650085025517562,0.0671645564179627,0.167508180767938,0.24621900149308,-1.78659766581436,2.50087866260047,NA
126,0.986853515983232,0.989257774285835,0.405184889845747,0.417132837616416,0.41674246585694,0.420895626401354,0.979726556019337,0.959081991390974,0.958822091010398,0.417736733752271,0.419054743952628,0.419119668343813,0.77662819416775,0.773726397178217,0.633931916925032,0.0316313774122213,0.0409617698639861,0.0647179068280175,0.056590448836918,0.171295432739259,0.248493107898817,-1.18824961465741,2.93144982931005,NA
127,0.979026820300035,0.983809069633626,0.405184889845748,0.413100828503987,0.414215511881054,0.417893147757591,0.984941080887863,0.958472392994389,0.958520586772134,0.417063249317635,0.419110620132769,0.419132106295608,0.825211753849214,0.74507325912364,0.56923977529051,0.028715917598403,0.0420127895784286,0.0647570504021629,0.0504435196585389,0.147558823606231,0.23151666985638,-0.995045900078944,2.91211800703858,9.99003956259555
128,0.980787245530343,0.992680735309578,0.405184889845744,0.410948746041518,0.41176412113542,0.415655999052527,0.980792161522194,0.960487107301184,0.959417473721197,0.417153707003442,0.419016204691469,0.419119310240339,0.775104797908189,0.760283679205458,0.580288240202887,0.0320935253444041,0.0414213235200015,0.065512680724175,0.0619171150935293,0.156112122424552,0.236378903746121,-1.07234258128258,2.32671703004461,NA
129,0.980106002420671,0.976444068368076,0.405184889845744,0.412181665338027,0.411438456077265,0.415549562753438,0.977964038035634,0.9581893882622,0.958280472791531,0.417568063558834,0.419127808310057,0.419163757504013,0.769346673745936,0.711703064338983,0.549974720090904,0.0324051584992999,0.0427729413248582,0.0649744029900546,0.0578359012868762,0.127130897336946,0.232460766509841,-1.29046660536077,2.0115005942919,NA
130,0.974773925213317,0.988996975188103,0.405184889845748,0.416786998076891,0.417792841778389,0.421173766901321,0.979692134088318,0.959815147966889,0.959413195960739,0.417891303658809,0.419069602285251,0.419091922409337,0.7394362812923,0.784234260161278,0.60996531752956,0.0337168894572353,0.0411099831330036,0.0646329331205679,0.0594967615541298,0.207734911978318,0.24153456905831,-1.14794846304413,3.28781973849996,8.78384544345568
131,0.987532337614596,0.978107723441712,0.405184889845748,0.416726787966094,0.417394990525955,0.420883158706187,0.97568092597973,0.95941263895875,0.958734634936594,0.418381320039437,0.419067729173066,0.419122194877597,0.726160532522038,0.75915766951293,0.61616045483089,0.0344664144727726,0.0414842531659002,0.0645014232530438,0.0645445109721742,0.178566883420171,0.249630760165804,-1.71575397710942,2.82987299841143,NA
132,0.969650069116376,0.989347095808123,0.405184889845746,0.416178760272457,0.41647946117877,0.420541025320054,0.978080378784703,0.959560467996268,0.958327054488286,0.417574410425118,0.419045964971199,0.419145010736136,0.727906857119634,0.761917646114685,0.586354704966447,0.0343401240361565,0.0414331874754773,0.0649745042251345,0.0618312218963896,0.165065076259777,0.229322635961465,-1.24350108906234,2.38991882179938,NA
133,0.971601743869146,0.971843151484516,0.405184889845745,0.412782180509123,0.415216317336702,0.418343935664318,0.983251188433775,0.959172155126738,0.958470466862844,0.416806135274067,0.419060645400526,0.419134166063666,0.798664238438594,0.76575312637969,0.632245255694809,0.0304562624511635,0.0419740656605384,0.0646134930803349,0.0555477999824439,0.187875345422289,0.247648802749194,-1.13253999484664,3.49687750272177,NA
134,0.992176367657405,0.98500204660895,0.405184889845746,0.412247466283629,0.414531285316628,0.418357348384795,0.980687240986174,0.959012702418296,0.958396850860879,0.417167193562577,0.419068034898855,0.419139889677092,0.816059143184447,0.734043114320099,0.583310620579334,0.0292446803444168,0.0413537491675675,0.0647967892686832,0.0559090840483657,0.154809031981799,0.262229142422081,-0.784531692467972,1.94725246603093,NA
135,0.984608332325055,0.982147497560491,0.405184889845745,0.41425691472535,0.41520829769243,0.418622993358741,0.979508885453046,0.959322975177573,0.959111918100534,0.417973574239159,0.419074376937585,0.419105031805238,0.751047163478371,0.783592404324804,0.635578545184812,0.0332422822005288,0.0412827904090849,0.0645112649973672,0.0670306106069187,0.188684589035357,0.246273575203359,-1.71016374601451,2.83614067959251,NA
136,0.985969848500691,0.977541588773147,0.405184889845747,0.412507526136171,0.414110879285314,0.417729297900855,0.980864265286339,0.958891693200625,0.958409781132461,0.417440300812554,0.419092013472474,0.419140017677748,0.793637872910926,0.720954119197954,0.548592666311436,0.0307300161694748,0.0422002156145831,0.0647857191484666,0.0515363552821799,0.135313979663561,0.229804211487569,-0.821924925895307,1.94004895026536,NA
137,0.977417123788838,0.989964153010809,0.405184889845748,0.419344396986878,0.420251233943411,0.423802512813495,0.984538353174518,0.958035516563003,0.957720428287013,0.417316084783114,0.419119341732148,0.419168565589425,0.810924845882673,0.75640165066738,0.626072203204215,0.029560390970234,0.0414339920694289,0.0657100061746724,0.047321986952114,0.182355468496704,0.266879699677355,-0.919357207162949,3.15135667547217,NA
138,0.979822537049656,0.991096273040974,0.405184889845749,0.407151736252094,0.409637774880193,0.413338344127876,0.974705373540899,0.959405663530874,0.959234294753668,0.417889629044424,0.419091101836532,0.419104565160442,0.725512390798351,0.73186599439455,0.542119416747381,0.0357678769328971,0.0419947760207976,0.0653923185229227,0.0643077218384609,0.142337701706346,0.240558839054334,-1.2904697804805,1.97608534532487,NA
139,0.973134425768871,0.980289053308643,0.405184889845746,0.419130097875763,0.419623447562059,0.423535139500486,0.979162554457311,0.95971692194828,0.959317206642603,0.417812106409611,0.419051361663859,0.419096315266614,0.741241497613417,0.771544062497501,0.623636854540601,0.0337400767971323,0.0413885836840292,0.0645551151728044,0.0666561937536713,0.190469692864065,0.240832015456006,-1.53671875168264,3.04852549259398,NA
140,0.974349663450195,0.995470118942414,0.405184889845744,0.417168849827721,0.41921140365485,0.422764029672645,0.977920116314826,0.959455857498322,0.958962398793941,0.417106123910607,0.419048577145744,0.419114914751683,0.752450981979426,0.757909513915311,0.600015805566005,0.0331351501978981,0.0404757024444497,0.0649823082278025,0.0642222257816778,0.149585033461058,0.271298930221293,-1.37397828674778,2.03157658302625,NA
141,0.978193109054674,0.988130637749338,0.405184889845746,0.417064614706684,0.417386820029857,0.420970215343745,0.981531964459596,0.957414801825304,0.957019335467253,0.418188807628333,0.419157087684872,0.419201885234589,0.809645945959853,0.733933380506455,0.602872174330692,0.0294970817224341,0.0416171020753195,0.0654154743895024,0.0518169063992496,0.163541856971612,0.273392785316746,-1.00293894074042,2.92686874428053,NA
142,0.965595810174194,0.979288579535497,0.405184889845745,0.41958436040204,0.420444840890892,0.423939113403457,0.980206458972054,0.958818053624501,0.958549608875704,0.417362516167312,0.419080220736328,0.419137272676486,0.76624373878536,0.719677103275914,0.560071221602666,0.0324127425023638,0.0421690170749686,0.0650353619342358,0.0588692857989983,0.141003770139424,0.237711687062913,-1.29414415003827,1.81181013128007,NA
143,0.969712945491885,0.963772375739439,0.405184889845746,0.417114611231279,0.419041274142887,0.421828360423436,0.981930897183501,0.959574468853596,0.959297998635857,0.417012326252133,0.41904204592494,0.419096332059321,0.738217159792963,0.718804718295922,0.514979589927204,0.0337581428184542,0.0436657239342443,0.064585580030911,0.0633326841368319,0.175049339451348,0.176093518078331,-1.39756912313517,2.61596668894303,6.71453799697157
144,0.970104264720051,0.987841567067223,0.405184889845745,0.407208488432547,0.408359778921196,0.411936941568774,0.98119400293794,0.959083454861617,0.958466473716748,0.417889303032192,0.419099504877683,0.419142738876884,0.772059866509599,0.780241937950184,0.639579358869947,0.0334438572829533,0.0419276186533566,0.065334360024912,0.058964186885061,0.21822186181904,0.258984663057639,-1.64444696811734,3.51537859064459,10.0943264136666
145,0.983916497953263,0.990597572692434,0.405184889845747,0.423345475157912,0.424503277276931,0.427911651619504,0.975109463050164,0.958690697315004,0.95814785466582,0.41751345632676,0.419131713914206,0.41918594989539,0.744491824970949,0.724555492710559,0.552417511139781,0.0341361749158565,0.0421828567907773,0.0656623443445412,0.0552712007742682,0.139587070182234,0.258968745702326,-1.2071592497773,2.24817458824052,NA
146,0.983977721994296,0.984115931803984,0.405184889845747,0.418291037333995,0.41835565367371,0.42219769438385,0.980950716098607,0.960184544778954,0.959557940114982,0.417793547865843,0.419068292621437,0.419094650958076,0.776155598353223,0.739040196674538,0.618835832990862,0.031739123503403,0.0409528929023668,0.0644979342608055,0.0563912650486626,0.168093095594543,0.268271591020875,-1.19963635312309,2.15217278039943,NA
147,0.982086293097261,0.989935320967598,0.405184889845747,0.420279116721888,0.420220791937194,0.423806482379667,0.987137012941508,0.958101050171821,0.958045037083218,0.417960267211224,0.41915673192053,0.419167505288198,0.830373629075698,0.775345606261585,0.635869618794423,0.0282034970599526,0.0416006244578371,0.0653016327258739,0.0487650466139321,0.207475468570071,0.258031571655905,-0.883963234603925,3.30187129360659,NA
148,0.988914836040984,0.978985323219419,0.405184889845747,0.420532857363739,0.42095817090981,0.424430942493935,0.981990382629859,0.959839718794512,0.959498852483298,0.417259431547658,0.419055214799831,0.419134705331971,0.821262001066437,0.762966788042469,0.622528431571322,0.0290042044664354,0.0417015850279113,0.0646730002002189,0.0505873936859982,0.158832220892271,0.242301824445006,-0.712564001910512,2.34415679000389,NA
149,0.975779257999869,0.976222252550266,0.405184889845745,0.418610300181795,0.418210020417598,0.421931540632107,0.981517007073509,0.959525084827516,0.95891462744176,0.41825641449008,0.419056598233872,0.419113664994058,0.760221356927464,0.750423252107427,0.600027198124881,0.0325971692366769,0.0416598260740413,0.0644738531632852,0.0608366910191015,0.183126279851994,0.244616459720133,-1.22434542993703,2.9407237980311,NA
150,0.979596101508825,0.982523030660683,0.405184889845747,0.414171248078318,0.415489444768751,0.418698722767374,0.986583897311587,0.958164092427836,0.957869863646489,0.41744814577363,0.419115016524887,0.419178593148344,0.854120096874935,0.724849337857191,0.566541953478096,0.0265226147325369,0.0417888854847823,0.0651063029321982,0.0447205663190738,0.134569727965471,0.254584049844548,-0.798091281059227,2.1994960433852,NA
151,0.940091241279944,0.984681795800731,0.405184889845748,0.409052092503419,0.414758600958464,0.41837807376165,0.976971746821055,0.959510750301258,0.958737539312844,0.417369098836522,0.41907239200635,0.419123767363481,0.688498392956005,0.777180932102223,0.629473989728301,0.0373281439839894,0.0410642624846008,0.064573773331478,0.106296561577684,0.192557799465025,0.253829282788476,-1.17659891958218,3.39813257255129,9.6458522551801
152,0.977471626487607,0.983931054798656,0.405184889845742,0.417008068530913,0.416509781162464,0.420552200120435,0.982969344069637,0.958465874971453,0.958688973638996,0.417724860444539,0.41911351090605,0.419126886024119,0.805520523188886,0.713299944952131,0.564982658878856,0.0298038546098362,0.0417015972619906,0.0653739490888959,0.0536524772517791,0.112259099642575,0.249777613054593,-1.10720945864508,1.77736271861048,NA
153,0.982645276868679,0.977329714159093,0.405184889845746,0.409460316912604,0.410219678782859,0.413679143979805,0.982070854787993,0.959658113514629,0.959454516975362,0.417982380476071,0.419085984209535,0.419096165669939,0.792061755464244,0.750324409447632,0.602151957506384,0.0317102656972772,0.0421190908861555,0.0647710429454955,0.0556811887381314,0.180510135363688,0.250951393795586,-1.15260536517496,2.48427119496896,NA
154,0.981000860007894,0.988420123599281,0.405184889845746,0.415660166866117,0.41629071936792,0.419782070968829,0.982820815376454,0.958943401035562,0.958463162339109,0.417697194682809,0.419088890955039,0.4191418558178,0.816920114883723,0.765058723380547,0.609555309497231,0.0290827092567838,0.0411536643934944,0.0647740455361812,0.053994896123692,0.172748425157747,0.252704087114029,-1.0405517576182,2.63472945583205,NA
155,0.993174567336442,0.986500935724726,0.405184889845747,0.415398359289189,0.416810545386731,0.420421106003631,0.974984444222082,0.958713467823975,0.957826807485018,0.417467801978636,0.419078416734938,0.419185106140221,0.743471610639514,0.748018608318664,0.600197589970822,0.0335180180044975,0.0413582463658432,0.064906416987529,0.0636400636687069,0.150029845390724,0.255451430959302,-0.912229838371946,2.44001158707124,NA
156,0.989330669994311,0.989510717695902,0.405184889845744,0.41476164977331,0.416338851887828,0.419758808091345,0.979568511367963,0.959337555708953,0.958832817756223,0.417611094815014,0.419086531502211,0.419146205796046,0.756933582061378,0.772183015934738,0.646985557093678,0.0328885807257579,0.0410909940887615,0.0650070205317856,0.0618778524368231,0.192750989924787,0.264492989821414,-1.59859924310799,2.54287320012939,NA
157,0.975645321567691,0.994109159649816,0.405184889845746,0.419584594059085,0.419675843085111,0.423575371889117,0.978557453341494,0.95890310704232,0.958371179261049,0.417526408939423,0.419081044688912,0.419150846007116,0.734632342024321,0.772428793231707,0.623846523237038,0.0341274210693375,0.0409265076119091,0.0648968678798885,0.0655773963415482,0.154827053708826,0.262093534838322,-1.86413945139026,2.62134883726623,NA
158,0.969732686043018,0.986196848811521,0.405184889845745,0.410832573723703,0.410189747534309,0.41395582337452,0.977019470419408,0.95969092137265,0.959021381041651,0.417952203653313,0.419040439006783,0.419118579657008,0.719988161006057,0.757145250563689,0.640129458020488,0.0353037621662196,0.0413424994542357,0.0650580079769181,0.0669106434680852,0.165797970025853,0.265858137504791,-1.50902933509003,2.14799317523288,NA
159,0.969177917638524,0.980364267787342,0.405184889845745,0.418717341539874,0.418093947623701,0.422075627170483,0.97846681790862,0.960030505147202,0.95990768813884,0.418169604957571,0.419095877440758,0.419113087504949,0.713168851437801,0.744097127435012,0.639567441994798,0.0351942234032525,0.0416089933877924,0.0644385387131473,0.0705675505029137,0.144753927863093,0.25748786453635,-1.61376486323647,2.16500983850094,NA
160,0.97990153387898,0.995272013586555,0.405184889845746,0.422140334816758,0.423587573721187,0.427454604810901,0.979318548242956,0.959649530445987,0.959163551003896,0.417461421879647,0.419030987551461,0.419103404975198,0.758437541157498,0.780919244663047,0.631378851941603,0.0331686602837188,0.040881083628839,0.0652469005307559,0.0602128731011593,0.179373330186049,0.263260023295235,-1.36146172247496,2.7515677534707,NA
161,0.973374468040921,0.992143519382754,0.405184889845746,0.417452565019221,0.418169842921721,0.422027095691056,0.977964962973908,0.959817153927127,0.959257527415205,0.417465159538008,0.419045206801886,0.419114122118641,0.750430442357516,0.773524081737671,0.611213088794275,0.0331211046823272,0.0406860326664091,0.064649493543586,0.0610808370604603,0.153960286045853,0.244911955716484,-1.19323039924158,3.01244000313981,NA
162,0.913870500081164,0.988548351804242,0.405184889845744,0.41516030113575,0.419237333661734,0.422950052459411,0.981099072116989,0.960011978891196,0.959085254289339,0.415689023080818,0.419038197037486,0.419107397229069,0.769784273157421,0.774013990677632,0.622896726523474,0.0319127467586418,0.0405950804768225,0.0646078851649272,0.0637460554490259,0.200014652550764,0.257930878147706,-0.983444141720565,3.12001328353544,NA
163,0.98647858504708,0.986866599053157,0.405184889845745,0.414313441451427,0.415336784582439,0.418957600451226,0.97987911600753,0.958964264543654,0.958880873857979,0.417652608033156,0.419105359591225,0.419115904732163,0.78589177981743,0.762197790899016,0.61434329571543,0.0311593132027926,0.0411963451671393,0.0647105378325116,0.0546275923975955,0.194338142983802,0.261744725989114,-1.10964906640124,2.58771555458724,NA
164,0.975843123417808,0.986401216850754,0.405184889845746,0.420404422282099,0.420864867490624,0.424466642717147,0.982645239791055,0.959537249851487,0.958859326054334,0.417667259015797,0.419045545028484,0.419116436147571,0.808814258550169,0.746506174905476,0.578697367669008,0.0297862092780022,0.0410796543655163,0.0646452516681039,0.0530535883759787,0.145184245240607,0.255899601270355,-0.939362398737403,2.30029273352055,NA
165,0.955071827966137,0.992326698008615,0.405184889845744,0.419458300870069,0.419978111706966,0.423680632948361,0.98197822099308,0.959280097960037,0.958901844831823,0.417006971968359,0.419114661680898,0.419130729095064,0.751718376600934,0.769769097055614,0.600614100402478,0.0331697455419572,0.0412830104448735,0.0650468932546377,0.0618725296117026,0.176262025961543,0.243917613804181,-1.44724042219302,3.14838526303422,NA
166,0.978443030987196,0.990254422692243,0.405184889845747,0.41746939842067,0.4182485267083,0.422000431925268,0.977599563811372,0.960175749907406,0.959567418034896,0.417426289718121,0.419012464340068,0.419107824898257,0.756388125822292,0.771407978053132,0.589961836374951,0.0328205266231349,0.0412136227061179,0.065064287463376,0.0583275274567446,0.17933917110005,0.225534289853691,-1.43701605101924,2.58679725471441,NA
167,0.97760171197457,0.989193382976165,0.405184889845745,0.413534054590845,0.414380509656287,0.418290266642301,0.983326408369082,0.958434926205142,0.958105347977167,0.417257127880613,0.419088101827115,0.419172692220905,0.813838084782254,0.773156360311764,0.651130559742013,0.0293217360103284,0.0413908732234111,0.0651075361237842,0.0544731637475673,0.176987451731856,0.256291730874116,-0.91562393798552,2.88865648918297,NA
168,0.971759024805041,0.984354498014127,0.405184889845745,0.416251790830312,0.4178145813352,0.421037956772268,0.974381732230052,0.959390278044087,0.9592427515978,0.417408008219676,0.419078511342207,0.419144885332605,0.705588473246581,0.75029627616313,0.587952141400921,0.0354726548145593,0.0414859669930369,0.0647224530777704,0.0720782419778062,0.14616786767697,0.249175118474363,-1.58316844409917,1.92138125404644,NA
169,0.987894731508101,0.980896981414224,0.405184889845748,0.412563439344338,0.41560919058525,0.418953957297136,0.980659319384255,0.959541766010227,0.958970975096267,0.417128538801805,0.419062062447906,0.419118622452704,0.77808754804391,0.756366773791106,0.57995855293144,0.0316501552550211,0.0416251601902425,0.0646354045215606,0.0524450774965709,0.177568553234522,0.23604119970001,-1.0578767205643,2.77290829225301,9.46557559101331
170,0.974568321892988,0.978545447130641,0.405184889845746,0.414984374794031,0.417097446539956,0.420424702273007,0.981345766539751,0.960066747053389,0.959178395868596,0.417148728188739,0.41899525802764,0.419103491331408,0.785848316968976,0.764952998497225,0.603270580752529,0.0310818971078993,0.0412062400018572,0.0644354337716414,0.0542343781176385,0.169365923539547,0.238256677006166,-0.97998849004908,2.62780214147091,NA
171,0.986850731305427,0.98627395944124,0.405184889845746,0.41381478854081,0.414949666068552,0.418459938125084,0.975706299409278,0.958442296867205,0.958445862136102,0.417958141979156,0.419119450420099,0.419140122788871,0.727800847259292,0.771348512272789,0.608316505752345,0.0345103808717086,0.0416888944891237,0.0648946620946431,0.0656499466854748,0.181209888448095,0.23433165797825,-1.4278161696496,2.6570313340571,8.41444111055011
172,0.977433614185673,0.991835653948059,0.405184889845748,0.413538953071154,0.414060365306122,0.417986113300314,0.979194067813628,0.95939570137792,0.95921478405113,0.417655713584834,0.419086169403698,0.419106215669301,0.760097745515188,0.757597123957015,0.606622612448248,0.0327697480379195,0.0409849798140601,0.0649622921880919,0.0612274148163138,0.144779348845936,0.255431834929365,-1.27135863177188,2.17810647872258,NA
173,0.991892815597641,0.995151074336659,0.405184889845749,0.41506665492679,0.417080574995763,0.420692195717686,0.979459507012615,0.959059510183678,0.958557117682114,0.417151117282201,0.41908021476244,0.419132242691599,0.788539807801167,0.76938310548185,0.585623414765326,0.0309314606386108,0.0413880434654905,0.0653956612772487,0.0563626191019192,0.167892958834296,0.243414443961762,-1.16751399920722,2.95975097623041,9.87357558961086
174,0.960098477010274,0.990545048350014,0.405184889845744,0.416386985378401,0.416940251314,0.420421473152107,0.981674680640726,0.960163325784264,0.959462186773277,0.417604365234597,0.419035248081255,0.419092638697986,0.747766296958459,0.772834314056508,0.586223732928393,0.0333356953768113,0.0412055025976594,0.0648887325130697,0.0600972050014677,0.187365786202858,0.22896992026146,-1.6037082117756,2.75323904464109,8.4297376478905
175,0.970624440209088,0.990215857672888,0.405184889845745,0.415892177126981,0.415899963670309,0.419836508036042,0.977533109829707,0.959264941988546,0.959099435854304,0.417720129210185,0.419084280781375,0.419108440779099,0.715754357416192,0.758551107446751,0.577719609582156,0.0349946987210108,0.0413828248871735,0.0647649050611898,0.066095852852306,0.176016544947609,0.234325850234748,-1.57571814730159,2.77466562457805,10.1471873977085
176,0.973126126826813,0.986092799383814,0.405184889845746,0.421283762490538,0.420389135379625,0.423855480510703,0.977566377265039,0.959024842021505,0.958789611932853,0.418354135471994,0.419104099576993,0.419119474861122,0.724459749493371,0.717413469627222,0.596019765571168,0.0347255724544296,0.0412244636708615,0.064637327195164,0.062720789853756,0.125998264437746,0.285440762926451,-1.444589553522,2.16580093712472,NA
177,0.980467781844658,0.994679073442583,0.405184889845744,0.412215983555026,0.41344566156654,0.417058970218852,0.981661514711981,0.958639116728966,0.958498214730537,0.417245784174502,0.419086850647023,0.419132897274162,0.789075927413666,0.753539971955803,0.567259191727043,0.0311025218457673,0.0418219003951796,0.0654922285768359,0.0528707091482451,0.168719058840758,0.242036591581725,-1.1126751898637,2.40851500453634,NA
178,0.98515599413414,0.985122743175654,0.405184889845747,0.414733327154659,0.415397782646275,0.418885627953733,0.980662401121696,0.960025114253572,0.959146843809373,0.417522382053193,0.419013630674735,0.419111162765466,0.781497118733448,0.771698780852302,0.596260178626702,0.0314160002592738,0.0411568788222108,0.0645204155959182,0.0603816413477865,0.187691215594725,0.24274381197101,-1.1199440584165,3.10552244074552,9.48351167559238
179,0.990913493801516,0.992181987110677,0.405184889845746,0.420095356100747,0.421232715014151,0.424905149126273,0.983031834490533,0.959417899242738,0.958888950893207,0.417266578480243,0.419081440572189,0.419118758906967,0.82030365169686,0.730293287220691,0.527621740782654,0.0289440016328932,0.0418653580054659,0.0651706232868357,0.0459218964016341,0.142643537235904,0.22564871235707,-0.781678367773117,2.15046744172628,NA
180,0.968769157859663,0.982858574570019,0.405184889845748,0.416414914795666,0.416880511248372,0.420323510242727,0.983257522722149,0.959735098345594,0.959022828568745,0.417804953075889,0.419064555522529,0.419116879947078,0.786770904310169,0.731724640889112,0.536883597097009,0.0309841064459824,0.0416811049718238,0.064633153894335,0.0559893511365118,0.152759944006149,0.232374054246555,-1.10738931120852,2.08454706578031,NA
181,0.977005828079991,0.981630698671948,0.405184889845746,0.415603726280616,0.415905719719428,0.419393853034294,0.98554605105044,0.959956333694528,0.95931565394428,0.417250433288196,0.419014226016195,0.41909527610386,0.824439264378164,0.743473453066821,0.56308992972488,0.0284527510951979,0.0413138997222331,0.0645540137491381,0.0477946485672504,0.137207286200606,0.226531622825125,-0.929975904162219,2.35283103242446,NA
182,0.965144600999309,0.991827266001435,0.405184889845748,0.41317015007025,0.414903990788405,0.418747803041322,0.984363223101961,0.960140693990091,0.959621739069176,0.416580068398886,0.419076970173057,0.419140597315656,0.755340701080703,0.76998904965617,0.607863002818859,0.0329871209873543,0.041411701665857,0.0651680999424104,0.0621278221339846,0.17476177758142,0.246232296722425,-1.51972761780991,2.92103515136109,NA
183,0.994233238934031,0.982855402253859,0.405184889845747,0.41467529836617,0.417618076659834,0.420938206326622,0.979309161018531,0.959356588773997,0.958315177286863,0.417484671865181,0.41906889619226,0.419141287575592,0.787046287416931,0.753912640352262,0.610445332075516,0.0309819876420343,0.0410868718356467,0.0646190632323191,0.0535573028834218,0.182523816881797,0.264931176264765,-1.05668612589047,2.43222888698271,NA
184,0.954010151277404,0.984654086393046,0.405184889845748,0.413204246124983,0.413150964197865,0.417070539720029,0.980768970209512,0.958053932064054,0.95721128704986,0.417633223420176,0.419149347831132,0.419212604076868,0.714187213758565,0.74014716935607,0.57830406809774,0.0352442006882466,0.0423477595197087,0.0652955815264799,0.0671975254353212,0.167434047110882,0.248223017594813,-1.97840607292098,2.697815851478,NA
185,0.980071320190947,0.988383320446181,0.405184889845747,0.413855952933698,0.41487690646115,0.418195095797119,0.97643924591315,0.959412869068171,0.958954928143494,0.417982545027346,0.419069064778784,0.419117562891139,0.734368815095142,0.763365728345048,0.584864416140312,0.0341377988427668,0.0413816405128945,0.0646200356032741,0.0608386351565544,0.167942883191939,0.245254029855347,NA,2.72707375049816,NA
186,0.958376190006944,0.986963045489829,0.405184889845746,0.419329833801036,0.419142554300155,0.422727051481712,0.979857113940982,0.95790410069584,0.957221729956697,0.418010384687764,0.419196550037255,0.419233574276327,0.742454710744483,0.71885729490253,0.551711979676453,0.0336462660937192,0.0424112030159689,0.0654078019331641,0.0636862835070108,0.167838352743075,0.266620879891177,-1.69230849568365,2.52683137076758,NA
187,0.990644718273146,0.990691451204603,0.405184889845744,0.42240034065742,0.423335804964095,0.426964554368733,0.98400965239717,0.959935628342689,0.959584338141666,0.417602824573717,0.419061022524713,0.419084452647892,0.829851414632902,0.779564038728717,0.625740985497081,0.0286257012238926,0.0409394267004239,0.0648652067810806,0.0495547545203546,0.189555298890664,0.256579421058943,-0.931550650969141,2.80766720786115,NA
188,0.966625905351801,0.983051130211935,0.405184889845745,0.416459109147035,0.415990408362684,0.419688402851966,0.985288123226993,0.959282768944847,0.958244319391547,0.417594763486189,0.419075388853559,0.419144444734897,0.830835783239438,0.750086100940057,0.585457013162034,0.0280190691469814,0.041364252452075,0.0647323161883392,0.0500784773778029,0.17285783045849,0.247287400361444,-1.03374820472912,2.85788141401181,NA
189,0.965427893195649,0.994188112286548,0.405184889845744,0.418597581781553,0.420204873674745,0.424066245558892,0.981944497218273,0.959710993742026,0.959404517386033,0.417376385594552,0.419056887860782,0.419106346529679,0.784757538917769,0.747947529175564,0.581824450325153,0.0311307969890555,0.0407330082131568,0.0648670941209557,0.0540364199719351,0.146617311622882,0.259512208892126,-1.10436183602453,2.49388213156382,NA
190,0.974004569254074,0.983107772848211,0.405184889845744,0.419016571409417,0.420845834800131,0.424620884865281,0.982447233707798,0.959372412539477,0.958887830290084,0.417996087956757,0.41908139380387,0.419118794608659,0.810634363290898,0.752414683472467,0.596379692190272,0.0295881575756658,0.041463525101806,0.0646639662916054,0.0541174908892148,0.157536032082794,0.253134440162746,-1.07495388312117,2.22393102952817,NA
191,0.978047600204287,0.976138034177325,0.405184889845746,0.416640642594311,0.418529034295688,0.422013022801265,0.979186477982118,0.960081997875026,0.959500992222219,0.417324962573628,0.419044109555591,0.419111551024279,0.74100879700893,0.731081636388118,0.580658257225884,0.0336488322715395,0.0416044900192534,0.064685276973735,0.0596802844625935,0.124552847952621,0.236553915580269,-1.09417848929005,1.83245465597694,NA
192,0.979772625646095,0.979584237966084,0.405184889845747,0.418598278330634,0.418523519741462,0.422139801061333,0.980618455762474,0.958624021278163,0.957753658971313,0.418080538493131,0.419099216609259,0.419178493139558,0.78663300018234,0.746858513396715,0.58892416933814,0.0310265365151,0.0418600075506901,0.0648302425472025,0.0558074834551613,0.135239538687025,0.24423476110041,-1.01259961610127,2.51484928498307,NA
193,0.983204440660894,0.987473885441907,0.405184889845747,0.416633417443314,0.419263377729802,0.422666001424133,0.981505199839589,0.958471325779081,0.958388664759471,0.416765664708305,0.419108009946973,0.419137819014709,0.802194382184192,0.743344092789106,0.601261196260878,0.0299956219894898,0.0412673042600871,0.0650691220410172,0.0513634690332044,0.166253733610242,0.263588938575766,-0.97352033425562,2.76066145210013,NA
194,0.958863464313652,0.990231486439634,0.405184889845747,0.412360665689284,0.414720758251001,0.418556723802967,0.98177433244604,0.959321089197342,0.959075847508966,0.417724727184985,0.419109687473861,0.41911697786411,0.783463763872301,0.758698946920275,0.602495904780542,0.0314809541520958,0.0410721268383901,0.0648595019562434,0.0556973914130677,0.177274109739258,0.255260913043461,-0.558144614109937,3.05483737449904,NA
195,0.98241520028266,0.9824558869602,0.405184889845745,0.411129469013421,0.412378863678989,0.416444647435545,0.971823575911819,0.95935889009973,0.958517435353247,0.417683817559617,0.419048882338814,0.419141707467459,0.695720898090977,0.74020698494092,0.567498431218426,0.0363339473934102,0.0419413588164533,0.0651060931984455,0.0649553423371924,0.158670099921909,0.227860750602829,-1.54598617087395,2.14141749854658,NA
196,0.977229300733126,0.980562514374887,0.405184889845747,0.414727731232737,0.414839839426876,0.418334119607091,0.980686791593656,0.959669928265234,0.959301952966604,0.41768911607375,0.419046102072578,0.419096240037053,0.78815190566546,0.750609042974612,0.616864232185608,0.0310809880725857,0.0411889387824717,0.0650907359395303,0.0584789198484865,0.164705334803263,0.255551651322142,-1.18409844857535,2.13085081000471,NA
197,0.982409646999426,0.992639821446739,0.405184889845743,0.414524749899592,0.415200250269275,0.418814737584479,0.983331289403113,0.959586743188601,0.958633195434914,0.417168480298179,0.419035891282746,0.419126926274268,0.81376905121633,0.755578280881008,0.5956383457071,0.0293107875165179,0.0406213104009594,0.0652147336538357,0.0580539801631788,0.15641454439732,0.266685339414452,-0.993438907306092,2.45977721015713,NA
198,0.989439473230904,0.988443690058257,0.405184889845745,0.414813076696252,0.415997412955533,0.419539445166834,0.974729931832575,0.957550988673013,0.956711524377979,0.418027593804379,0.419159186007356,0.419216385977217,0.736407268757333,0.71676845824467,0.561309698868248,0.0340325853807911,0.0417250393732484,0.0652065683312451,0.0659698412139158,0.128837948024116,0.267591807240534,-1.42209486393177,2.34667683028431,NA
199,0.96869686335851,0.983758998534697,0.405184889845745,0.411513857443576,0.41222634437381,0.415998351281744,0.980859960356934,0.959189771845523,0.958762623312664,0.417606094603803,0.419081491571506,0.419122267326032,0.767043006155589,0.760109295620917,0.595574968547422,0.0327124623453665,0.0417856296247835,0.0647464596593068,0.0561335858230888,0.178068100571062,0.244486686728182,-0.993600839432214,2.56391921836757,NA
200,0.988414888638513,0.971646476909391,0.405184889845745,0.419605272182876,0.420316806401092,0.42348183547355,0.980223853850235,0.956674910551506,0.956876048799991,0.417778475329149,0.419197022534495,0.41920757057585,0.788491896567212,0.718529875451223,0.600764200860444,0.0309633620636647,0.0431067023040182,0.0652585695853736,0.0555068163708065,0.192118650840078,0.26985888983307,-1.00757999495062,3.25575521236052,NA
201,0.984462402308067,0.968581324920502,0.405184889845746,0.424249301080607,0.424191554188093,0.427774314297658,0.975708198406681,0.95911202367352,0.959022161199091,0.418532199850564,0.41907548048359,0.419137000818809,0.74607717919187,0.71774738550397,0.568463210663372,0.0340840107424778,0.0429287113643788,0.0650924877203541,0.0583508128155398,0.166305326611703,0.250201831369876,-1.34343568802847,2.1857781846627,NA
202,0.976227803452566,0.979370028606367,0.405184889845745,0.417285392964839,0.417372904263375,0.42109968379023,0.979582723262946,0.958834002336149,0.958749342826132,0.418165503635006,0.419093107983829,0.419124702394658,0.775892655673365,0.752499086626628,0.577244115312296,0.0316854510042049,0.0420018488931838,0.0646345321225297,0.0608240954989099,0.163285931361869,0.226051034716636,-1.29039494382165,2.84852757567801,NA
203,0.98577116484869,0.986189333736712,0.40518488984575,0.424948208396196,0.424600348243406,0.428266940592544,0.976545116431619,0.957907044230999,0.957602350799253,0.417994311499537,0.419166524120369,0.419203302364626,0.759449697004873,0.738974333580553,0.58732470374557,0.0335638432859196,0.0426111568073545,0.0657593669093233,0.0583133790925875,0.152265956637667,0.244508149372712,-1.02755533056075,2.66112325085699,NA
204,0.978573505171747,0.981818953805911,0.405184889845745,0.4189900031585,0.419138596476848,0.422970330796755,0.979005508931254,0.959688850112962,0.958574986685996,0.418081602136772,0.41908262731962,0.419141830305111,0.755366108969029,0.725339983391225,0.5685853165837,0.032978106220426,0.0414273629813367,0.0648391349129935,0.0595313659340131,0.10236571477335,0.242857567542369,-1.26471540798193,1.66091181549709,NA
205,0.974867646072804,0.987896214545499,0.405184889845746,0.418209964633464,0.418019014363538,0.421748814770396,0.977446079042527,0.958921354013976,0.959066537355302,0.418105717553988,0.419098387070435,0.419115316853625,0.752771338055505,0.759191904439107,0.607855661697472,0.0330413392669116,0.0412334998149398,0.0647201953928694,0.0624847353110828,0.179807365052874,0.258638516623463,-1.48788746101258,2.75685529410028,NA
206,0.968329724657617,0.980847493495407,0.405184889845746,0.414539353337674,0.414200741152709,0.417491490958673,0.978687751676336,0.958790213976342,0.957755404454692,0.418493926620111,0.419088950205252,0.419173781821324,0.747627104007762,0.733943045447656,0.557617037592889,0.0334962590690736,0.0422426477606293,0.0651535357074635,0.0608875693760847,0.152869138653799,0.237421787215297,-1.38506744816639,2.19382381798128,NA
207,0.98506018496382,0.975658078052972,0.405184889845746,0.413765121993435,0.414883265545327,0.418463356590195,0.979268837229565,0.959827243478285,0.959500399119689,0.41798280951366,0.419068492923553,0.419092230138544,0.764187165345164,0.737667673611814,0.5828102177379,0.0325053838128329,0.0416795567195573,0.0644398614111876,0.0632208480997928,0.135836902184573,0.234865258289346,-1.13677795681959,1.85229825100186,NA
208,0.973059967955678,0.986918374389695,0.405184889845745,0.417357957294474,0.41751536643389,0.421138116811618,0.982045727324164,0.958772821394745,0.958517580637504,0.417722928504057,0.41917285335373,0.419164638252625,0.779586338855435,0.730704995713882,0.575685477853541,0.0314402836774036,0.0416810457878161,0.0651879648966659,0.0541460542075873,0.147051758069529,0.262592201824854,-1.35218748277327,2.12890354590752,NA
209,0.990834092834163,0.990884818339708,0.405184889845746,0.415779125937174,0.417515020637896,0.421190922199796,0.98075928499944,0.959367929692401,0.959392519732342,0.417873377150652,0.419094019797148,0.41911562891521,0.778876172910132,0.767791354170951,0.600984074257717,0.0314720763067219,0.0412875038705438,0.0650682236071223,0.0539562074598725,0.192149126817219,0.24952411644269,-1.05283163440725,3.15032495137157,9.61134154946528
210,0.985431075870644,0.987170748070902,0.405184889845747,0.412562653924923,0.414626239866119,0.417893066939244,0.981549525771006,0.959574314852625,0.958617513627999,0.416873712659432,0.419087911541808,0.419155858909817,0.779666414574365,0.762861898828478,0.612610385598693,0.0316538618260177,0.0412829227725819,0.0650564122119501,0.0610859793667762,0.19181358147511,0.264623362966848,-1.17489685641238,3.02882631820355,NA
211,0.987362117129955,0.98900607901366,0.405184889845745,0.413078728934035,0.4156465878175,0.41914356584254,0.980110316398108,0.957875234051423,0.958090322064004,0.417721763912853,0.419136858764985,0.419157999376174,0.812611793317802,0.754886047265399,0.592574385809601,0.0295035408226292,0.0416718092291853,0.0648484401933386,0.0475094729460447,0.169597446095407,0.252516224901387,-0.870239860758248,2.61894248220314,NA
212,0.982104874441066,0.97151365547205,0.405184889845748,0.417836574719107,0.420100445448726,0.423785559149563,0.978457357554027,0.956444579321996,0.956285994948721,0.416960233788479,0.419206953875806,0.419258468125339,0.772768027231148,0.732790245895778,0.586628182048306,0.0318622270637649,0.0435039414140208,0.0654239740199431,0.0607941288994107,0.187756744198876,0.236168027603519,-1.20671170616088,3.05801130020669,NA
213,0.987850147322803,0.988875146891511,0.405184889845744,0.411391224368285,0.411848770342965,0.415500900823525,0.972797206034515,0.959220476900304,0.958726600093658,0.418128804657626,0.419076927276903,0.419122310707833,0.711362764160288,0.727587502102123,0.572718623059333,0.0356310807589904,0.0411766755920568,0.0649793957704832,0.0671715688647675,0.110629209942891,0.264994684251731,-1.38114610303657,1.74468612578236,NA
214,0.985045579116762,0.991400172091473,0.405184889845746,0.414199827730834,0.416307550638507,0.419983973743305,0.975601929662701,0.958587617525934,0.957993129046881,0.417247632038423,0.419103377104068,0.419161940082867,0.73815608696903,0.757617656787828,0.594073920308254,0.0338670602747258,0.0411627158015195,0.0650761996876543,0.0660292482620926,0.16974969243332,0.254497797045938,-1.18192306984022,2.44118029297763,NA
215,0.981524738011879,0.985342969233591,0.405184889845746,0.416653316382459,0.418805095986892,0.422184223168351,0.976886096781361,0.959920341902368,0.958878260395959,0.416792384495083,0.419023513633882,0.419151021941532,0.74978280597533,0.769980224408326,0.612106580409697,0.0331453609622994,0.0411927393043812,0.0647408142953447,0.0591787110768735,0.195360963839459,0.245972353915205,-1.19713306532488,3.23530525259472,9.58752754395787
216,0.968744302003921,0.971627769737429,0.405184889845746,0.41308613971515,0.414533003424409,0.4177243138517,0.983132648876167,0.959845121182752,0.95965589935843,0.417611326960235,0.419021473552906,0.41908409698148,0.791509042557489,0.765876148753149,0.588000930669495,0.0309384571059236,0.0422743633959093,0.0644244539307522,0.0546356810537791,0.183096166137621,0.224480439832214,1.45093499316264,2.99711914969522,8.16117479523858
217,0.976809095916397,0.986436244610763,0.405184889845747,0.418796452590492,0.419566171472573,0.423076141742546,0.977887455600869,0.959401025038944,0.958817067538124,0.418043376610434,0.419073558748904,0.419142703659557,0.757712969537308,0.765903695427395,0.617391953622224,0.032755808973653,0.0410930620725256,0.0646515923580314,0.0639508693447435,0.175750681158781,0.260946237378842,-1.28577793081791,2.6918482944732,NA
218,0.987339733216981,0.990820980654965,0.405184889845744,0.417826613760972,0.418788433064551,0.422394633186192,0.977018758971449,0.959789704853907,0.958597538321029,0.417855414058487,0.41905154574443,0.419139991098092,0.759065967250804,0.776911435358936,0.598078156417839,0.0327583053180277,0.0411143710515768,0.0649161682450553,0.0576959848723986,0.176795588465637,0.233177953385097,-1.23178053451555,2.60288778940713,8.48042242158992
219,0.989061085267792,0.988435365050898,0.405184889845745,0.407836076087218,0.407975566579362,0.411935980391392,0.980957296804356,0.95919513469839,0.959038372728814,0.417474074467625,0.419070637088356,0.419126558214599,0.82017413201888,0.733398875134852,0.562714527583693,0.0301698227021824,0.0421697318697485,0.0652531267619184,0.0503156890482974,0.134739424117578,0.250141913249035,-0.955806096783212,2.04739095843294,NA
220,0.974369061972389,0.990649759469584,0.405184889845743,0.416609394334817,0.41575141470495,0.419947754188343,0.978361109115288,0.959274814553368,0.959250913668433,0.418241595178737,0.419078931238061,0.419115523767237,0.736748609498519,0.754426199484827,0.663534551844145,0.0338873304267636,0.0408948677810656,0.0650916799376462,0.0685382668434552,0.167688140122727,0.272513458104819,-1.57112665160745,2.3004185330813,NA
221,0.979550513221274,0.991128637792221,0.405184889845747,0.41243156458819,0.413099108090426,0.417031441388546,0.980007777621682,0.959288110244177,0.959414062384731,0.417605855318601,0.419077871277273,0.419101271648515,0.771817697554054,0.715568353794055,0.560204058409029,0.0321754231022027,0.0412170584182484,0.0649685421498436,0.0616804820326902,0.0973037124763451,0.26618335315736,-1.25222262071922,1.61190485523117,NA
222,0.978765522693171,0.988103449674854,0.405184889845746,0.414396773700874,0.415446377745213,0.418941546983393,0.977955748875588,0.960541511261312,0.960113669974884,0.41820435722549,0.418993771768358,0.419060341390017,0.741799706543186,0.787888123574366,0.636360016800697,0.0337306971673951,0.0404527170189518,0.0645800748762063,0.0605857047186541,0.184531216161823,0.249226332399706,-1.3217140845889,2.60477962684815,NA
223,0.976142190275693,0.989937936684643,0.405184889845743,0.416550555164376,0.415602217729025,0.419705526239181,0.989257832855414,0.959273486797902,0.959024697687848,0.417233626054859,0.419092225257711,0.419117691790267,0.866192529817489,0.747275670424982,0.579258674320992,0.0255062351927998,0.0414413071192494,0.0649278139696338,0.0430069199108491,0.140802862559566,0.243355866090535,-1.01377661453893,2.39865525292772,NA
224,0.983929923600234,0.984228219065766,0.405184889845749,0.413390031548589,0.415188890584194,0.418856178885549,0.977915083368431,0.959656386883394,0.959415852151874,0.417475024324196,0.419052304208913,0.419090633976159,0.767334400951745,0.735780905920417,0.55980696792174,0.0322943823820635,0.0413487408897602,0.0644373434606714,0.0567102754071872,0.158044008602556,0.249397500605147,-1.20927904852062,2.34109019420369,NA
225,0.968042820668112,0.988369578585934,0.405184889845744,0.414466499649808,0.415944814583393,0.41952609575029,0.982327761569918,0.95967257774376,0.958773519860527,0.417204865022351,0.41905983173102,0.419140434467879,0.788658372375775,0.774556891609345,0.587831644795033,0.0309397083509208,0.0416632158987928,0.0649561085218665,0.0647992326013109,0.194913376693984,0.226620576591754,-1.31539852013048,3.38214933184942,8.18232665184048
226,0.976359805645195,0.985201789669879,0.405184889845748,0.418407326677838,0.417888931388764,0.4216765684471,0.975770333018262,0.960069142911208,0.959378900944883,0.418191720879334,0.419063222862168,0.419103518353307,0.7369493633964,0.749509869887082,0.61074275838432,0.0339167672046363,0.0407381290942313,0.0646855745575304,0.0715670036070538,0.141637566933827,0.249659929539191,-1.46808281386252,2.0104207519371,NA
227,0.971515065561664,0.979559224000528,0.405184889845745,0.413857328386097,0.414671232142582,0.418186125895236,0.982051162117655,0.959504431748366,0.958663480187614,0.417853029177447,0.419103470156964,0.419138509059369,0.772018664590642,0.716014654239729,0.561485784628321,0.0320568850837773,0.0417452981921087,0.0648709260819584,0.0595670245846505,0.107584672128509,0.243577860165696,-1.36078937866499,2.05030636999332,NA
228,0.974946365428743,0.989855506268143,0.405184889845743,0.419817217474644,0.419555427900353,0.423378552274315,0.978457150975524,0.959235123600771,0.959278773999608,0.41750199707147,0.419058391359826,0.419104821598557,0.74475964805253,0.774126044980543,0.647244347401483,0.0336097758094598,0.0407171848882318,0.0646177385203247,0.0592314494554144,0.168939502933568,0.259067522837083,-1.31237051770338,2.9545640914659,NA
229,0.989262203942877,0.973386711151992,0.405184889845747,0.419295350464594,0.41918051156604,0.423151661267891,0.977663085761264,0.958897666463325,0.958474795068129,0.417529604523263,0.419110775999063,0.419134649738138,0.771800099695044,0.746864202195336,0.605421430887124,0.0320296031922357,0.0422305798187356,0.0646954142411642,0.0552817815164409,0.171870494831912,0.240748147094904,-1.0675991189126,2.65730197180765,NA
230,0.974050263310787,0.98291940090228,0.405184889845745,0.418712565673812,0.418940759989294,0.422658388572453,0.977854416008621,0.958833453787206,0.958207463900107,0.417843319916887,0.419092133430505,0.419149506379276,0.749428756819906,0.732160570428319,0.567653149566517,0.0332056900086302,0.0415794221178647,0.0647769899770272,0.0615507925769948,0.165086695093549,0.251694166958464,-1.32783142885977,2.35008003935056,NA
231,0.973636277061907,0.982499996935686,0.405184889845747,0.41777216556359,0.418947265817951,0.422552022252324,0.976918285842003,0.958517419631083,0.958659122806688,0.417593857089516,0.41912005281034,0.419126681256452,0.724259990155679,0.773104162493112,0.620101229734073,0.0345686125061331,0.0416929750008923,0.0648756912146741,0.0681598920546797,0.185585269546326,0.240333917458676,-1.42830972746765,2.85246941955389,9.19721493048995
232,0.969760223275824,0.987291216765019,0.405184889845747,0.418053599720503,0.419367655300908,0.423196545831282,0.982166539137964,0.957964558200682,0.957123237444881,0.417532419614987,0.419166291080264,0.419227965577926,0.788754482877818,0.748983053127721,0.579087671460944,0.0309417861605199,0.0424455358239993,0.0656764314154554,0.0560005566223177,0.178603076974501,0.238972847214678,-1.20445017864975,2.95581889216962,NA
233,0.981839735694366,0.991476004133418,0.405184889845745,0.416686785973053,0.417159839166235,0.420653190741508,0.976919144584191,0.957786305709934,0.95794419705596,0.418143823597407,0.419115905301776,0.419158680640514,0.745389199891645,0.743823101727935,0.588663706556489,0.0333883566442289,0.0415186660328706,0.0653715675531748,0.0634884832903016,0.198235431326002,0.267695734884985,-1.40752943534825,2.96392616851769,NA
234,0.985188462064121,0.99030236885757,0.405184889845746,0.414214279567356,0.414522863659229,0.418274854334282,0.981507366764812,0.95915724915903,0.958687947535634,0.4179587892841,0.419066632429846,0.419124092972841,0.786687263948668,0.752758809696223,0.612227137851375,0.0311203262123841,0.0407704362521052,0.0647774335273976,0.0525764434662684,0.159401232752348,0.268671689722241,-1.09416082707694,2.44730846904992,NA
235,0.924307350338873,0.97953623221204,0.405184889845747,0.414462469956609,0.418721289200393,0.422425637587844,0.977536983071484,0.959901568184767,0.959493971795862,0.416762343031436,0.419033999608229,0.419092423878867,0.679058560175988,0.73584689650662,0.574725833428953,0.036754434541027,0.0413185600927764,0.0644880214581995,0.0810517805683261,0.130936919446504,0.230464970047149,-1.13344029884812,1.88848391330966,NA
236,0.981783903456153,0.980362703165497,0.405184889845745,0.418461061513387,0.419687371097279,0.423165662125627,0.981931099015464,0.959661783956737,0.959161659877172,0.417580290035263,0.419052618498619,0.419112391959794,0.791997966701368,0.751329620702166,0.599605214170977,0.0308136360957704,0.0412921447417314,0.0644903170363169,0.0546488832649084,0.148627455353248,0.245146699646419,-1.32522409016615,2.3323550271255,NA
237,0.987031351339002,0.987898182029641,0.405184889845747,0.417614437357625,0.417239036535301,0.42133381625662,0.986694582367817,0.959132081280423,0.958410086601234,0.417335649751542,0.419054727437403,0.419137914895942,0.852119125766051,0.780450030327372,0.645502746266553,0.026657494555289,0.0410021152679642,0.0647033455165724,0.0450587161413348,0.170909270632622,0.252895217188493,-0.997322383133863,3.09488856147721,NA
238,0.973420624745892,0.985975340712251,0.405184889845745,0.416322895114242,0.417965691416267,0.421476970203181,0.978137850460483,0.960083225623989,0.959561258130904,0.417790199166619,0.419041004619323,0.419085737592194,0.729955286780786,0.780370953635511,0.618067049869488,0.0342618401305859,0.0409247839167007,0.0644947724948059,0.0631773951212558,0.19328475946996,0.244141586229392,-1.40782081401604,2.96486350073256,9.0684880836736
239,0.973664850023943,0.984879273954704,0.405184889845745,0.419571353763061,0.419470168723924,0.42312330860719,0.98259013985803,0.959520209970687,0.95910581544927,0.417549133245261,0.41905934389774,0.419107518744979,0.789524731907903,0.745737745898616,0.609800552725781,0.0309631791361517,0.0411368785972224,0.0645209483540032,0.0607487326892841,0.131482614571068,0.265144143023603,-1.44291806072096,2.52705389673482,NA
240,0.97775286169987,0.990618703385361,0.405184889845746,0.411282232568761,0.413238093777285,0.416976956479585,0.9834916545507,0.959877251162491,0.959351191859866,0.417092543113679,0.419031891361694,0.419096120688641,0.817985613890913,0.745054959373656,0.58087069556523,0.029294569338001,0.0410085806151825,0.0646603237038968,0.0508082184533984,0.133374972539812,0.25194665760499,-0.787627539628999,2.51692461628902,NA
241,0.985844818145812,0.991506532588643,0.405184889845747,0.414552165651857,0.414185283430011,0.418372074634004,0.983241673901746,0.958696861929069,0.959119497090826,0.41791096316158,0.419116401513618,0.419112265083207,0.813538359834247,0.738723210257553,0.592649077706281,0.0294072684879236,0.0412148275016561,0.0651253165685409,0.0494043395007634,0.150374689873815,0.2649619562875,-1.24608175887335,2.14984534302024,NA
242,0.954703249256871,0.97325668593036,0.405184889845746,0.420478894202603,0.421902317971539,0.426117879510871,0.982058882340382,0.960726787657921,0.960267557239513,0.417221577466598,0.418985074150227,0.419051655534485,0.780932849856538,0.764901194640303,0.628340096217258,0.0315581720422212,0.0415719461133222,0.0643785482200515,0.0550269261634853,0.18720141527923,0.234179562686477,-1.09790498731029,3.17882009429277,NA
243,0.960008497865532,0.978615599834808,0.405184889845747,0.414745183139482,0.41554994322659,0.418868751148822,0.982758894483704,0.958918388241647,0.958373183376175,0.417531670166312,0.419087348205412,0.419167576162878,0.792952291249662,0.742363316676435,0.598460482604608,0.0307147049973894,0.0418997380549946,0.0652431034976264,0.0536044539934576,0.181736369278026,0.246473909253202,-1.14025339707281,3.12913339365958,NA
244,0.987842679465645,0.988554332741993,0.405184889845747,0.418013780770331,0.418066868441198,0.421667242596895,0.979225429311857,0.959271512464778,0.958692185969854,0.418113328147058,0.419095942380503,0.41912580300074,0.78314118258142,0.751726606744327,0.619010839542331,0.0312381028589735,0.0408143773935566,0.0647940139446755,0.0520814192275423,0.177750028193914,0.268927661262845,-0.887831868976862,1.99253518376106,NA
245,0.977310692757857,0.977460320901145,0.405184889845744,0.411447592805306,0.412807899405972,0.41620181705694,0.978412426535399,0.959411215954547,0.959170363102558,0.417794062626941,0.419074081548287,0.419106693100683,0.751959520901828,0.70968532682245,0.525981209913817,0.0335032222206212,0.0419053518438092,0.064616661846,0.0641253729587497,0.114608015710473,0.237136648610252,-1.4827121290492,1.67632344824329,NA
246,0.996093701701631,0.986014399091598,0.405184889845748,0.417296415397519,0.418528428786853,0.422167790172644,0.982212233020087,0.95951626801133,0.958877544828507,0.417498144242159,0.419103143132836,0.419150991997037,0.815748094670572,0.732722284349667,0.568892203329812,0.0291404592514779,0.0413613393095261,0.0648557291990999,0.0523726400151648,0.126586856718203,0.260411723498376,-1.08208437553647,2.04682475712871,NA
247,0.973547894325609,0.979105124015062,0.405184889845744,0.415951346683344,0.418814048365933,0.422232021879829,0.97836539850483,0.958108738727915,0.957497469471549,0.416923146169796,0.419122610951459,0.419204705510684,0.758576472739839,0.739516264029122,0.576973667717727,0.0326813873697185,0.0422559285932661,0.0650471458045324,0.0565692784774796,0.180045213331281,0.245531541369501,-1.26975888225399,3.00947840238401,NA
248,0.979167541863714,0.979624291686444,0.405184889845746,0.412779295942016,0.414842171586548,0.418631402944714,0.974517322883627,0.959267032197431,0.958631356738023,0.417578017943509,0.419101378179698,0.419181858152937,0.735412658951619,0.747500408806034,0.584160199060323,0.0341375185110384,0.0421609256910379,0.0648451674266997,0.0585411469837772,0.179696861278521,0.235835628522659,-1.22157715443737,2.66229871318107,NA
249,0.988998720129634,0.984992287152654,0.405184889845746,0.416347392609744,0.417801993170335,0.421216725814006,0.980806613634213,0.959199920876494,0.958585355620079,0.417187612253235,0.419067524249131,0.41913913205671,0.79403550385779,0.760399051729048,0.588265748826433,0.0304755741899262,0.0414637315895478,0.0647759833841727,0.0492812049604743,0.161868534122868,0.243076179431693,-0.797271532464155,2.62937893215043,NA
250,0.976690643470952,0.983636892164464,0.405184889845747,0.415803296356075,0.415843363497488,0.419648850502212,0.977275040897049,0.957879957155977,0.957226046609043,0.417935092957319,0.419135127126786,0.419191549885826,0.735355237706467,0.733966389075277,0.570193726522138,0.0340081155787444,0.0419857541491707,0.0649677824792392,0.0598487342547751,0.165036347258757,0.248262916992579,-1.50119191846355,2.35684110466341,NA
251,0.976309555515634,0.985999197186898,0.405184889845746,0.414707145642485,0.414054904493834,0.418269284893152,0.982971444037109,0.959976873001576,0.95956390669839,0.417705423049958,0.419034004832334,0.41908608370008,0.812494411422075,0.753157463126288,0.604655060057474,0.0294302564459979,0.040971692558945,0.0645488252367115,0.0530083350589985,0.180430206040477,0.257225185095031,-1.02071348015366,2.47168110532168,NA
252,0.981620840796443,0.987113442324788,0.405184889845744,0.41982388077057,0.419795543873301,0.42322399878454,0.978783355668813,0.958373201635065,0.957854543031057,0.418449502476543,0.419113117291107,0.419164319445086,0.764731654756083,0.731513331859263,0.552797485301194,0.0323882711549931,0.0419381949266677,0.065549707562934,0.064001966789395,0.155780910349328,0.245913673128438,-1.26699208653221,2.25358608457077,NA
253,0.981877836486445,0.975495802267383,0.405184889845748,0.417134855635309,0.418131917954051,0.421320124606947,0.98082729326811,0.95861716337481,0.958703048990609,0.417272176905274,0.419114287360234,0.419132624386972,0.792766651063857,0.75500841163887,0.621031430310951,0.0306024068750431,0.0418811751366907,0.0646287372749307,0.0522373374596758,0.178748194162707,0.253892593797648,-1.10525301604993,2.97837962011228,NA
254,0.968022553401658,0.995145575089719,0.405184889845747,0.416408445934293,0.416359803897301,0.420423929713297,0.976496018382435,0.958761823079323,0.958116416707441,0.41834598498702,0.419099572358714,0.419150470273401,0.709810409415135,0.722085006759659,0.547046267402557,0.0352609869768301,0.0411278830332696,0.0654756716446347,0.0612683913323526,0.14214684671405,0.269557938510858,-1.43341937942312,2.13733717020901,NA
255,0.990879355361917,0.991913635819755,0.405184889845748,0.416525025119889,0.416189807536613,0.420070076955157,0.97314120892323,0.958872409981612,0.958192818937328,0.418047581524395,0.41907616452117,0.419178911629231,0.72082601810212,0.760978309175176,0.614984513646268,0.0347051687069246,0.0411081685690363,0.0651585635736261,0.0638416320338083,0.146376758695421,0.255344296974876,-1.34310067749256,2.54347779718695,NA
256,0.97029910801575,0.987455772389066,0.405184889845744,0.415485749232231,0.415902817424089,0.419598564804896,0.978120788143389,0.959387170383254,0.95893631094743,0.417666042668215,0.419028025799026,0.419120657196537,0.738534196272998,0.777560141473493,0.638633256078695,0.0338255370596881,0.0408889600929073,0.0649394958143057,0.0665532584980308,0.186948575429711,0.249322832115204,-1.61330014969201,3.03685360743328,NA
257,0.982696227183564,0.989681179874891,0.405184889845748,0.414279572082856,0.415960144883122,0.419610189206178,0.980107531565557,0.959768379923089,0.958998714353901,0.417591305001783,0.41904056493271,0.419109891152859,0.753817936740995,0.784986687140332,0.661977435022056,0.0330287173666733,0.0404843824912287,0.0644606895607624,0.0618498759729413,0.17622964101626,0.263626548664523,-1.39351204742868,3.05408703259331,NA
258,0.962127038298158,0.984440107042449,0.405184889845745,0.41554370911066,0.416612933239941,0.420260966551631,0.980830114912518,0.958162955019613,0.958278869511315,0.417140636117446,0.419107601512004,0.419144666133685,0.772631211701627,0.731954545799864,0.543547720150561,0.0317904747345948,0.042216542778263,0.0649207238429598,0.0539649065988037,0.154228966121449,0.226003452660521,-1.09320274542237,2.9761493091534,NA
259,0.991083110293172,0.97062043445817,0.405184889845746,0.414678690407435,0.415390503331748,0.418965391077522,0.974996875376796,0.959995173893355,0.959175893760517,0.417700962141557,0.419026630092161,0.419112025049903,0.749770034749691,0.737488321566697,0.590738394429352,0.0332099386844499,0.0418702963290535,0.0644523703717527,0.0610622688733044,0.159477320229445,0.246419148016097,-1.10161264579943,2.1220352387588,NA
260,0.989235717623183,0.987641275922503,0.405184889845746,0.420637627287241,0.421391397685865,0.425293279666269,0.977901075186606,0.959325006991593,0.95906041106652,0.417297469680221,0.419067678300308,0.419117686597359,0.7744713264224,0.779203141677196,0.630286619705469,0.032030338684496,0.0411358248568183,0.0649245130721017,0.0569457212462741,0.183054907892314,0.242450010951245,-1.04439534182911,2.91133895931327,NA
261,0.981042815002517,0.988847268231528,0.405184889845744,0.413549358647022,0.412925542252026,0.417230130640636,0.982479089816693,0.958309546893045,0.958109659505029,0.417755327994892,0.419142480615738,0.419150686260037,0.807371317340745,0.738632216528294,0.623486954742173,0.0299634892343319,0.0416521117128482,0.0652026122802752,0.0536431861677803,0.161348567178917,0.271238920563423,-0.969281783611565,2.30149822784823,NA
262,0.966152045180429,0.983712994836646,0.405184889845746,0.415224173009313,0.416232541096675,0.42023968563943,0.973511766454594,0.959448217357452,0.959415379120406,0.417211438864759,0.419047794209722,0.419134242831637,0.706918637592014,0.772522822892624,0.612057263523788,0.0354419136971892,0.0416163393009708,0.064805925720642,0.063213614748716,0.179821170344808,0.225705919460141,-1.58872619360726,2.62423686392604,8.62015985610102
263,0.977932088701219,0.98263391371194,0.405184889845748,0.410391393297486,0.412253486757762,0.416216218775447,0.983983060856695,0.959056401585848,0.958662356333446,0.417160964493839,0.419211538135198,0.419245235419027,0.782425059122339,0.731550891587904,0.571804242509626,0.0317577326126295,0.0431436969463171,0.065677613188475,0.0581998057273865,0.190048334389151,0.249844040186635,-0.943065610696048,2.60478797861176,NA
264,0.979015837550927,0.988890123862316,0.405184889845748,0.413137699044923,0.413805233589867,0.417770908156996,0.977339012451686,0.959251747790832,0.959194159130981,0.417651516407756,0.419066477674828,0.419108133706163,0.72409861320743,0.759689080192228,0.58550633513637,0.0347453240509045,0.04160226599107,0.0648299206639034,0.0615720959010166,0.17703946462285,0.24044236726187,-1.33138680904362,2.64124818848535,NA
265,0.977492957979245,0.970246571123559,0.405184889845745,0.414862457871389,0.414439238815787,0.418105011476483,0.980839311369441,0.95955426807188,0.958838509450523,0.417890760609946,0.419043415918424,0.419137508380265,0.768644671958846,0.734066520537419,0.587754825204575,0.0321654562699111,0.0421790062416482,0.064610866044876,0.0588248118230936,0.166336235724953,0.24033580254202,-1.09543211875388,2.71862425048861,NA
266,0.978609502516242,0.991292019963339,0.405184889845747,0.413729419673458,0.415799742579533,0.419519492298845,0.979260189822623,0.95869762353173,0.958135606198031,0.417359523090463,0.419067645147483,0.41914943639468,0.770241221682436,0.767500794269122,0.605165194290706,0.0320493622943668,0.0411695102251259,0.0651140648410326,0.0516135122810188,0.192809318706246,0.256006414544421,-1.10183253985305,3.0736845612067,NA
267,0.979356965264689,0.989705054721731,0.405184889845747,0.419545128928544,0.42076004527589,0.424292828367613,0.978002051143562,0.959324784633666,0.958925049266056,0.417746307288575,0.419061268168775,0.419124367425055,0.759789957770693,0.736378922111782,0.574200557845397,0.0327944288321186,0.0410253028889392,0.0649982737391078,0.0646762399489104,0.138698466446777,0.263767287356206,-1.06992194896496,2.04923926649945,NA
268,0.986110438065648,0.979895863222938,0.405184889845746,0.413919505745222,0.415200306627093,0.41898445347053,0.976082300325588,0.959541481257001,0.95873468229332,0.417214509091974,0.419039410489239,0.419122933259484,0.768082957659629,0.748212276374055,0.597158138894776,0.0324075482719046,0.0413643621204148,0.0645185870700115,0.0628354025054611,0.17358041637751,0.252450438414809,-1.67146859635311,2.26316676952668,NA
269,0.991011082033547,0.973368687385,0.405184889845746,0.416696637632397,0.417161921350933,0.420812505388239,0.980077893139377,0.959980698855078,0.959609696873706,0.418106980000371,0.41901518162264,0.419082365701066,0.781162855167472,0.751095179744774,0.625803037958515,0.0313617929527915,0.04161782916089,0.0643540025257813,0.057398452183312,0.154061433010123,0.251035890286196,-1.22565267109687,2.9155752764596,NA
270,0.980353021506716,0.982552508970942,0.405184889845746,0.412947017270373,0.413212745712573,0.416662967670833,0.979119424116422,0.958629952735924,0.958052591608748,0.418021317415482,0.41910632016698,0.419157281799972,0.755958742497779,0.750505690207346,0.592350890685801,0.0330714524819209,0.0418998324338509,0.0650837003888008,0.059414789403308,0.169834316410154,0.246454181618653,-1.18102229788356,2.52522324600281,NA
271,0.985205153886353,0.979693023638,0.405184889845746,0.419358435607187,0.419316676136727,0.422842128267674,0.97668179498915,0.959989590431188,0.959315254604131,0.417823260431419,0.419035243440184,0.419098489217049,0.749349650331447,0.746178916803468,0.623825236711654,0.0332926948807471,0.0410641262545513,0.0644116308781744,0.0630517724202047,0.142969891635674,0.261648322529372,-1.22610509221425,2.0626628797179,NA
272,0.970048622331152,0.982567125039273,0.405184889845746,0.416469360429263,0.417469217714347,0.421432008820414,0.98072503143961,0.957460926956788,0.957565348742627,0.416994121784682,0.419159747201298,0.419181628048952,0.766562644757401,0.769438111850048,0.628252595611172,0.0322857489080517,0.0423291305317214,0.0652833539816579,0.0602540171723127,0.195353831736687,0.241629509981906,-1.35867217080633,3.43368881358626,9.40673732329946
273,0.97628997594078,0.993097275518405,0.405184889845746,0.41461409148367,0.415575394057928,0.419651363555657,0.979938266952725,0.959181096647955,0.958360596690334,0.417782688534752,0.419097668243426,0.419146008544047,0.778634092500574,0.780289856916239,0.653353188056221,0.0316393870312446,0.0407220956039437,0.0652010356164584,0.0533433562919249,0.176580441647243,0.26243522152659,-1.22771409427853,2.7892150038307,NA
274,0.982660801569314,0.988879257259719,0.405184889845746,0.415787782169073,0.416894346826836,0.420925282221213,0.974370857291667,0.959770363132266,0.958978063329742,0.417951939422623,0.419029637028117,0.419111184910886,0.730016137952287,0.751935754346092,0.611264455878663,0.0342249808534666,0.0405886696903291,0.0649566586123975,0.0610614794268901,0.173438468360566,0.257316366418608,-1.27852021188112,2.23760950816403,NA
275,0.971949495785912,0.987066905080176,0.405184889845746,0.416711156298173,0.416505763041098,0.420400408194469,0.981811343057114,0.959264483005388,0.958578686840835,0.41770959928137,0.419061739160719,0.419129072953448,0.784133003291528,0.725486326085926,0.540264684260205,0.031154807051855,0.0415581319477988,0.064889956853521,0.0519454993728687,0.134199352384638,0.234583669849008,-0.853474661338945,1.93973211792707,NA
276,0.982138721727249,0.99032471832976,0.405184889845746,0.418409316658159,0.418827434835751,0.422894672031818,0.978395026643992,0.958349878575706,0.958090797128234,0.417681582658873,0.419090769002616,0.419151464629448,0.768440735396823,0.753491116895012,0.603308303019908,0.0321306222700703,0.0413407487996985,0.0650067489642726,0.0579734449085135,0.171270627075027,0.256893631013064,-0.905979163411545,2.55420782070082,NA
277,0.988799855628091,0.988643893800678,0.405184889845746,0.416547157456045,0.416319798273935,0.419937038801261,0.983067494989547,0.960241697914397,0.959798455841537,0.417916929148936,0.419026838375015,0.419073056737788,0.817290024230932,0.777198991167299,0.605917965147086,0.0290145725118561,0.0407726047817888,0.0645069326870985,0.0478423980166231,0.164452723573878,0.239580294205117,-0.920805414499777,2.79328960278877,NA
278,0.963870464792275,0.965035251368225,0.405184889845746,0.414382529024266,0.414283218239094,0.417765063441157,0.984284406771311,0.959940415950389,0.959568773399823,0.41759532007863,0.419082118756689,0.419110887387748,0.777099341297027,0.703115810396264,0.559978118834686,0.0317918405258701,0.0426664950036138,0.0647379828793167,0.0630050837083489,0.142384391036126,0.228223571586088,-1.58379774442347,1.63488858655522,NA
279,0.984000388927444,0.987750448274629,0.405184889845746,0.419992565755873,0.422152409191254,0.425870752156295,0.975655345048562,0.957329837788757,0.95730075075463,0.417657270295447,0.419165040158261,0.419189183456942,0.739009929382424,0.714049762052815,0.513170245613053,0.0338317824285542,0.0431353326324561,0.0657108432926276,0.0541797856630856,0.176833346535668,0.22300669648213,-1.15506286060441,2.36012127276632,NA
280,0.973673525376743,0.965895290858149,0.405184889845748,0.409329922439716,0.410053205559885,0.413839772550463,0.984539399051892,0.960234862528748,0.959492551671515,0.417373805752319,0.41902939806854,0.41909631157275,0.811634695989745,0.737468041678172,0.569627294054753,0.0304423264502358,0.0429123027772404,0.0647067724929872,0.049804814818017,0.169603721499718,0.217089219221264,-1.08513126585718,2.56931053363111,NA
281,0.974037850613571,0.984355740639519,0.405184889845746,0.416161590391301,0.417679034036169,0.421046479055222,0.979483791891587,0.959700724867273,0.959388423217944,0.417044602690695,0.419058608122007,0.419121357537687,0.749819121350253,0.751439646983597,0.585149792074561,0.0331632249185225,0.0411668677089131,0.0646600316424717,0.0632645869667667,0.153609402712125,0.248286359173427,-1.47678635606923,2.57417579624912,NA
282,0.978272868231342,0.98992326198808,0.405184889845744,0.408111080907051,0.408565342729029,0.412308200100145,0.978019091673594,0.958698651102482,0.957924125476925,0.417819719954708,0.41908466929409,0.419169970265228,0.744359022184392,0.749155438363445,0.579147410237332,0.0346490655445463,0.0425484701972076,0.0661581999617583,0.0621852098562911,0.16115935980131,0.2410120665423,-1.21116199196237,2.66462127816221,NA
283,0.966128350469933,0.990083898052756,0.405184889845748,0.418010496088532,0.417004225997161,0.421163974716952,0.980558659892094,0.959330343618987,0.958853683431774,0.418076340305386,0.419116314237284,0.419158098837385,0.738357319136033,0.716815528525109,0.53872115084206,0.0338146071050105,0.0419554940967109,0.0658138306199684,0.0611090953976541,0.129685512940925,0.240466083591836,-1.68007068993463,2.23135219974432,NA
284,0.981866163341499,0.993762945824844,0.405184889845744,0.418961225242242,0.419517224800341,0.423304828790197,0.976004895469844,0.959794548001633,0.959517500116182,0.417834246699518,0.419032255076956,0.419097466793455,0.742968316137885,0.78123519000193,0.624966943279205,0.0335764624913064,0.0405113476238436,0.0648233467514739,0.0636560451710005,0.175452893013228,0.2570081282599,-1.16530330395171,2.79366466924971,NA
285,0.985486780840635,0.992605674347726,0.405184889845746,0.412487338348496,0.413271126423394,0.417204254916378,0.978430345324856,0.959432909393596,0.958492041069115,0.418204571741432,0.41906050387579,0.419133113322715,0.75524830185536,0.759239578315309,0.601415494478759,0.0331563997479694,0.0407932683459303,0.0648307934142347,0.0610165662195773,0.164322278083742,0.263752148520441,-1.45478265350846,2.99278830828857,NA
286,0.950284583773825,0.954467057644713,0.405184889845747,0.416134273577989,0.415999419194217,0.418680711454318,0.977738993282516,0.960302327804707,0.959867460430881,0.417861597979627,0.419026022800376,0.419074155499739,0.695641034913759,0.690020482405647,0.491994894407697,0.0359431209757238,0.0432273196216199,0.0642822586147373,0.0663723111258203,0.116514689930174,0.195608162054826,-1.55720832629453,1.51814879691654,NA
287,0.987809994889558,0.990274090440272,0.405184889845744,0.412127237668955,0.412568452385199,0.416374016751662,0.980126561264291,0.958825849205241,0.958214588024105,0.417651275271031,0.419068911898045,0.419146443134539,0.789619071699443,0.746063028750927,0.59425374837333,0.031164652890393,0.0411823374306753,0.0648566363600679,0.0561937705637084,0.133862469101017,0.264334420904694,-0.902770767337234,2.0453312477565,NA
288,0.980709960755289,0.978688521325608,0.405184889845746,0.417559182055067,0.418062093856422,0.42170688702794,0.980825302904246,0.959889958427774,0.959212425622695,0.417354584643153,0.419073682685843,0.419111207704216,0.779057991140605,0.717414343486036,0.536439623466598,0.0316063474675647,0.0416402707556885,0.0646197903348023,0.0606181134265179,0.11129797993241,0.230281916807764,-1.23968413399478,1.70821458166139,NA
289,0.970390903371145,0.98786509140785,0.405184889845746,0.413715414619259,0.413907833081064,0.4172418268408,0.978427990874951,0.959731569081307,0.959149395965986,0.418541807010485,0.419046901775491,0.419103819310666,0.706699017336942,0.746879323377543,0.544531351524612,0.0356385863230783,0.0423482193382545,0.0648578561194985,0.0622913634376774,0.18048054675067,0.215725410341791,-1.50233350435898,2.45905701605199,7.52447055956475
290,0.965345785358438,0.979752469524174,0.405184889845749,0.424950294348764,0.425140197745989,0.428182830817522,0.977827637396591,0.959808729144895,0.95950755240882,0.418136178429481,0.419047476390736,0.419093653809714,0.73724652189613,0.758274846098844,0.605515336527806,0.034704142921319,0.0419754246403552,0.0650746493264437,0.0594082835293013,0.155291282075991,0.245816637842313,-1.05389309452205,2.35493919099229,NA
291,0.98209769559131,0.986543362600481,0.405184889845746,0.41548968448553,0.416623145127574,0.420038954117837,0.982144703496096,0.959332783194857,0.959082559892298,0.417497332745576,0.419062759888599,0.419112909613517,0.793333708927267,0.781239091423211,0.634919367151555,0.0305560895267086,0.0409193220886891,0.0646403906502234,0.0520160248016077,0.174566686338507,0.251561410714489,-0.881863394507217,3.34010573417683,NA
292,0.932780665507042,0.98053424026531,0.405184889845746,0.409316577184342,0.417528694069628,0.421025774418973,0.976629204077847,0.959424031148414,0.95884705058837,0.415864636506355,0.419078408389527,0.419117068856704,0.683479074558603,0.749385853064188,0.581677250013365,0.0370124783452999,0.0416796371906493,0.0646272263888449,0.0810396522097312,0.184393084372792,0.240510744881629,-1.18339091756627,2.73874697017422,9.84245899494889
293,0.982370670031097,0.992137086707185,0.405184889845743,0.416355198067331,0.41595379424497,0.420051384127989,0.978956739113556,0.959833428367827,0.959131661245613,0.417735126306063,0.419036477807158,0.419114406718524,0.77020789413671,0.735985474150262,0.566946903667765,0.0320436666781581,0.0409921230239834,0.0653483887502764,0.0535628827376053,0.142825726128073,0.259868273857227,-1.2319259767132,2.10378437278317,NA
294,0.975651773398039,0.990712988524895,0.405184889845744,0.415676243296559,0.415896730357306,0.419673493148282,0.981165858739334,0.95996486611142,0.959585222225378,0.417246795160745,0.419020388090189,0.419085538238847,0.77888091005436,0.768989969864502,0.634546998329456,0.0314843754031955,0.0403189730899855,0.0643845186606947,0.055533335861368,0.142237510949652,0.259822157035797,-1.21175165419206,2.69374561349702,NA
295,0.973844776725992,0.982123232348504,0.405184889845746,0.410593941533803,0.411688306942971,0.415263330085326,0.974683122252673,0.958685277006857,0.958678999956407,0.418176629167231,0.419111537316978,0.41912747358502,0.700907417400554,0.710727044491646,0.518805411416214,0.0362708038456128,0.0423848351736166,0.0649249900202913,0.0650664155307916,0.0999323857480966,0.22881037187407,-1.57341844238597,1.83594840407956,NA
296,0.98077603637698,0.991683919849097,0.405184889845743,0.418911012924438,0.418648816931672,0.422456236545945,0.981987615678118,0.958385721583802,0.95847330791481,0.418152465751196,0.419132046736899,0.41913413154965,0.79282355865701,0.753708080028663,0.572874544830531,0.0306772253383666,0.0419584156622228,0.0653617915879602,0.0520708543760218,0.18088811524284,0.238531958121475,-1.1702519400491,3.50523844751695,9.67870163042098
297,0.989267244526064,0.97509293330363,0.405184889845746,0.419349110454931,0.420044014125368,0.423807061939048,0.977919446061132,0.958586127092988,0.958439040058183,0.417348237593028,0.419098575707413,0.419136646600171,0.774717938515058,0.726409770629711,0.614573652560029,0.0318398959776173,0.0421744631098758,0.0647501929708313,0.0544071798174364,0.165693550400353,0.259541193056657,-1.13145605075622,2.47137664719977,NA
298,0.99264282522705,0.987361834693046,0.405184889845747,0.412141154168011,0.414187648308256,0.417817475519973,0.975551386807735,0.95913294269185,0.959025518318142,0.41777978948901,0.419071716992257,0.419109797826871,0.758911491134206,0.752249534459829,0.563310351145074,0.0329194616723866,0.0419884029653241,0.0647506939298435,0.0548538193729421,0.168408065476916,0.21746974138579,-0.996313126477181,2.44241258940459,8.22067167215674
299,0.9733178695647,0.988589688402806,0.405184889845746,0.420164620795789,0.422188435918449,0.425728916273978,0.978788859841679,0.959191311060498,0.959096699257771,0.417640279271816,0.419068730128398,0.419114795008572,0.755228043896707,0.770284779684851,0.621572467038001,0.033059507329538,0.0412231229729015,0.0650931125934172,0.0634029106883411,0.165183119044242,0.249865194454915,-1.35699189547772,3.08285993992468,NA
300,0.977328638877218,0.98960398970958,0.405184889845745,0.420073308084151,0.4202367011521,0.423524926751017,0.979968218916433,0.959314995395166,0.959387835320991,0.417766000195059,0.41911221754858,0.419135997366849,0.713931545540114,0.7617011410228,0.594298066948564,0.0352393203754652,0.0417500196295128,0.0653486330695469,0.063525741221266,0.177713720637064,0.249124738878292,-1.48827688329205,2.74476077979265,9.68781293880107
301,0.991604837607106,0.9862974895569,0.405184889845749,0.413914326744416,0.415429082283408,0.419060349436197,0.977469586981794,0.95760410029069,0.957764280796204,0.417635264456302,0.419137747880327,0.4191708901098,0.781986237831569,0.770602533461376,0.623165067222251,0.0313856011574512,0.0417346481332139,0.0649907944379376,0.0584187807367898,0.1980676293074,0.254084063947503,-0.98181353324612,3.16908509931818,NA
302,0.955495877508172,0.984921514293034,0.405184889845748,0.413682724412219,0.413579633466473,0.417763059497821,0.983804871300289,0.959687545610889,0.959419177041571,0.417367567805997,0.41903474117246,0.419091385353581,0.768224049228994,0.769144911390442,0.626289739614992,0.0323204541205313,0.0412122212655945,0.0645695710089283,0.0651247870257248,0.173991836319621,0.248886707823114,-1.42895168980368,2.8523773139915,NA
303,0.976363022980019,0.978962772054239,0.405184889845745,0.419140677120301,0.419071565659567,0.422778319839182,0.980974412316389,0.959234337161173,0.958843721829981,0.4182328324989,0.419119147442042,0.419176043597527,0.771343767506088,0.74029603154564,0.5923715234978,0.0319364779877141,0.0422627211217204,0.0651186127258501,0.0540804228259836,0.174404561912219,0.245408698041319,-1.13183614287177,3.01659736045162,NA
304,0.978068571730629,0.98237320258489,0.405184889845746,0.420487981948998,0.421460863281915,0.424750007916653,0.984839840392513,0.958394971756679,0.958006850448246,0.417393987584334,0.41912677685331,0.419168608741424,0.828931693211193,0.754975399051532,0.579458329097684,0.0284307751063983,0.0421735051573125,0.0649949062062509,0.0489926287997772,0.17324456124156,0.239526264278504,-0.859720394995132,2.79359548011571,NA
305,0.989206016504451,0.987553163662958,0.405184889845744,0.418592596423812,0.418386399439073,0.422270212941586,0.980423590463554,0.959265584068628,0.958624222681535,0.417572767505163,0.419047583649869,0.419127100598302,0.811638823660555,0.744397061590483,0.598374987458888,0.0293678112306309,0.0410050145657117,0.0648964728650533,0.0499977022036026,0.135035671944534,0.253056072836142,-0.864272080053342,2.23195911314769,NA
306,0.977389933669825,0.983849889040088,0.405184889845744,0.408844958508398,0.410417203414577,0.414111746734312,0.978851340671462,0.959742402895949,0.959656262156302,0.417706727310968,0.4190299878056,0.419080146999418,0.758662096349082,0.755036734035312,0.592476599718709,0.0336683362120604,0.0415045109404597,0.0646600889478843,0.0631417341216757,0.119784029779538,0.240214448729204,-1.07567792420441,2.59122823169841,NA
307,0.983099143144154,0.987300843860984,0.405184889845747,0.413166769889674,0.4145677485149,0.418300889469462,0.977837769359448,0.959791540536929,0.959302514057646,0.417409949262772,0.419039063910881,0.419095949244128,0.74696808191898,0.779848654051267,0.665925407516248,0.0334641613890643,0.0407593741927052,0.0645400303929859,0.055671992436145,0.190121562196843,0.259325302981774,-1.23508782722914,2.71025428574178,NA
308,0.968725082753424,0.9762897301876,0.405184889845745,0.417686363861457,0.418478991454756,0.421828209917885,0.980793916588606,0.959679827135952,0.958891107428878,0.417796863467989,0.419045769924229,0.419123740444413,0.776846953410187,0.770711588861226,0.609936778295851,0.0317025553455894,0.0416925202003413,0.0646444700469212,0.0563226715429255,0.176617138375911,0.223120237790893,-1.22105034858712,2.56034061699994,NA
309,0.982869773535923,0.976425171896766,0.405184889845747,0.416658292943648,0.4173449987939,0.420643937240842,0.977585204138427,0.958296621571938,0.957856132878823,0.417728587184495,0.419107409241326,0.419168565967076,0.748579371608096,0.746003917561701,0.60021671036551,0.0332450421415025,0.0420564646232284,0.0648307793360238,0.0568097285746358,0.187870106317156,0.253299210233522,-1.18692622413028,2.45231641864746,NA
310,0.979189427542702,0.991099308143575,0.405184889845745,0.409794732729033,0.410647780501282,0.414675483889538,0.976857231428319,0.960022765776994,0.959757328876553,0.417190840526994,0.419052982848579,0.419075224399883,0.747197933547464,0.746519434078718,0.57486109137126,0.033981457474006,0.0410996917852833,0.0647938696051836,0.071341126463304,0.116930636768833,0.247232136991554,-1.61386012917925,1.92480743813916,NA
311,0.975790848937219,0.974985052729278,0.405184889845746,0.415740871180323,0.415910332380414,0.419656930606006,0.979930721717186,0.959885930267512,0.959501388637262,0.417765657334406,0.419046426342386,0.419087294341425,0.764922686582273,0.742757531866961,0.556776967710602,0.0323885847521627,0.0418005442063221,0.0643209225734876,0.0591733017367643,0.146527743791506,0.223737590207374,-1.17354220852183,3.01774930721712,NA
312,0.974912799264887,0.988043756856038,0.405184889845747,0.408492115260021,0.409912331628793,0.413341513136039,0.981203219717004,0.959365093714492,0.959033269219357,0.417196340509088,0.419078721431445,0.41911231690309,0.784171821455898,0.76731851878119,0.601724905348442,0.0322061075125209,0.0417151249631338,0.0654060270091853,0.0561064834442591,0.18189488105496,0.245492555885577,-1.27132513104662,2.69019014733278,NA
313,0.968995847169981,0.979449918034655,0.405184889845746,0.411596792943016,0.411707576006989,0.415468817854074,0.97862649717371,0.959665599708444,0.958421237297698,0.417460032685508,0.419035696414872,0.419141162481532,0.741572523772665,0.738087428436116,0.558563663436648,0.0339603768700682,0.0422341868485901,0.0652260601361457,0.0641487527198427,0.162961773858784,0.219264332555585,-1.60929611319413,2.07623435452261,NA
314,0.987166856539999,0.984987870328574,0.405184889845745,0.409055993934999,0.409588619269407,0.413344817134666,0.980323879159369,0.958973831813073,0.958315208597576,0.417859949427075,0.419078542617235,0.419143268461223,0.794207909535613,0.757646741204235,0.59136783915739,0.031461471132228,0.0420835628169406,0.0650770110725698,0.0529301916073454,0.176713574568293,0.244865156639367,-0.938903500784665,2.36979994553632,NA
315,0.98013608925271,0.989370080747334,0.405184889845746,0.415640598938159,0.415676510358929,0.419350690847115,0.982304240787373,0.959491514905372,0.959265137410633,0.417632065552517,0.419064264782441,0.419109280976314,0.792500337884492,0.772942358052598,0.644215887447287,0.0306604023016712,0.0406471505877462,0.0645171620055172,0.0527115724484379,0.151868246718726,0.259050307361034,-1.02367124030994,2.77841775654442,NA
316,0.991177891349013,0.982341054246038,0.405184889845745,0.41707713671289,0.417835994824085,0.421783478562277,0.978173759419848,0.959348510165492,0.959170552735333,0.418046368325152,0.419117650868886,0.419140110643347,0.742590716790101,0.751234772781554,0.60085261212542,0.0335944725747389,0.0417664935661354,0.064772957223512,0.0609100897321657,0.15673175140162,0.241582519460059,-1.33669630189361,2.53991188696517,NA
317,0.980618882397049,0.983876246949796,0.405184889845747,0.412217313883712,0.413449078922764,0.416917080890119,0.980415142477066,0.95909321511597,0.958654995655535,0.417378331734082,0.419066944157565,0.419131797267915,0.776504987698916,0.75212842618736,0.578800187677701,0.0319391497060661,0.0415960624776141,0.0647531890377051,0.0620965369376784,0.154784827358423,0.242790622364782,-1.23904446063312,2.70966560783542,NA
318,0.981345343766906,0.975613244335232,0.405184889845747,0.417599629262459,0.419484320752243,0.42369113219664,0.97964325530846,0.959293242550967,0.959280520827242,0.416972516671009,0.419101084465878,0.419107694842324,0.769407642743824,0.754497384778899,0.630468806268985,0.0320596073981356,0.0420919595641471,0.0646006835619577,0.0577989894795219,0.178910606144245,0.245497491600366,-1.21474997855016,3.04954924230207,NA
319,0.986820121463153,0.990004266273416,0.405184889845747,0.417686329027093,0.41977886259001,0.423335234570184,0.975662883529543,0.958548397421047,0.958408832976494,0.417590546389747,0.419152291787103,0.419145255787057,0.746033160755928,0.743584401508224,0.601753507411696,0.0333748060779435,0.0412538868762195,0.0649189321084181,0.0594217474678823,0.1511194662859,0.268165010325263,-1.17483804113033,2.17291459149216,NA
320,0.981928225293684,0.988734705193354,0.405184889845746,0.414889057029664,0.414933239991904,0.418612786487865,0.978676561973581,0.957941715467114,0.958011179560805,0.41794153451579,0.419127811849697,0.419157077901954,0.742473286858401,0.752136045202393,0.645079163281292,0.033680187560105,0.0414425867417336,0.0648859968363555,0.0609516321239201,0.171547193139081,0.273177210471384,-1.45658012452199,2.8662017281814,NA
321,0.977875567414096,0.987678889037113,0.405184889845744,0.420904033763862,0.421506472836344,0.425046601618214,0.983774924992977,0.959138128658794,0.958834516636749,0.417501147556569,0.419098704149313,0.419128673265563,0.78663205883459,0.741989245456133,0.597930173782451,0.031295359833171,0.0413026344480021,0.0649902707557376,0.0522480580621961,0.145923980832628,0.260484621489691,-1.03254828265988,2.02591437494973,NA
322,0.986064458543094,0.978401094493229,0.405184889845746,0.409757185251617,0.41006220522784,0.413818811578208,0.976886278374446,0.959453472562738,0.959242414231566,0.418385801218233,0.419122318478199,0.419123001332519,0.725909896732927,0.743049364629576,0.579181178895068,0.0352341042271896,0.0424847117635921,0.064958217546406,0.0618280888602953,0.172071479316455,0.243653310596036,-1.41504558111798,2.54573709204629,NA
323,0.973723363779593,0.993505940708108,0.405184889845745,0.419191709886043,0.419514214807799,0.423425176096796,0.983655268822029,0.959123391303365,0.958267998064172,0.417221661998645,0.419073659225148,0.419149533248362,0.807372908679617,0.757572775960246,0.585294655055046,0.0297441108517809,0.0411042325558359,0.0653474663452404,0.051287398230336,0.154112801118462,0.246860119825443,-0.983056111374106,3.22561016170937,NA
324,0.994680606499595,0.992009635266493,0.405184889845746,0.413845229113436,0.415180017698657,0.418698869571484,0.976820884391613,0.958457471987747,0.957881494011306,0.417698992217369,0.419120201305788,0.419166662232573,0.77781818243362,0.777240613130425,0.631002019421824,0.0316350728688272,0.0410311337015082,0.0649653924468561,0.0610021128808763,0.183001953704132,0.262922852221628,-1.15926221104584,2.77231770481265,NA
325,0.984914618047086,0.96494535148685,0.405184889845746,0.415697437784628,0.416954531082877,0.420294466609035,0.976760773348079,0.95748288674808,0.956986146182354,0.418177649259215,0.419144664730286,0.419203473549508,0.746812217094566,0.70124043818676,0.530051756398004,0.0333903628276514,0.0432384220439243,0.0650710234278094,0.0627214427803045,0.148253278753839,0.240476758894759,-1.37576535246175,2.06566932277262,NA
326,0.980108501284556,0.994461401751326,0.405184889845747,0.416618191551865,0.416521702732888,0.42043807759115,0.978754910196342,0.959631868308512,0.95945526167983,0.41789155245913,0.419055224964919,0.419093122119167,0.751297834078554,0.752324753690383,0.597749453636716,0.0330749676333744,0.0404902970024023,0.0648310882032728,0.0585486481525905,0.147368453079133,0.265860919829756,-1.19702661977166,2.15525922914712,NA
327,0.974730459277395,0.975385526937264,0.405184889845747,0.414166388418794,0.414498190170222,0.417908527104768,0.98027020784976,0.958327292636133,0.958024573929456,0.417889788591684,0.419104456904414,0.419156564365762,0.761479991674929,0.736033972904693,0.59433562202464,0.0326249736668309,0.0422982556776605,0.0649463483258464,0.059216553331819,0.161870945029137,0.236531232584491,-1.40794255457516,2.68343189931801,NA
328,0.974857478795215,0.980453264285556,0.405184889845746,0.42223183307405,0.42258913821938,0.425822543728747,0.976874141124876,0.958524117232748,0.958345980111797,0.418068639628593,0.419097909246781,0.419151696132741,0.749770010541901,0.752168907551386,0.591642348446167,0.0335248195923466,0.0421898381818995,0.0649945039799255,0.0580336604589723,0.1668288111962,0.248071758606697,-1.14429465204005,2.70367348515325,NA
329,0.981644392897791,0.983891272642193,0.405184889845748,0.412753727433492,0.414450273747153,0.417741181059134,0.97680675670441,0.959022854444518,0.958646399051737,0.41753542621502,0.41907915423756,0.419125980691736,0.728150288283858,0.748269149856419,0.600494389353063,0.034532009662986,0.0412928580560395,0.0646810969711999,0.0636230866852441,0.141388517020454,0.255606869344756,-1.27032289302322,2.13737864473754,NA
330,0.991390099258382,0.992336190108561,0.405184889845746,0.414998535280961,0.417006844922678,0.421034904312298,0.978993282240532,0.959200327287243,0.958982360762104,0.416847727310993,0.419054950880239,0.419110631523645,0.788617207564685,0.777028422228426,0.646120153443668,0.0308964826101031,0.0406064754552875,0.0646713061158879,0.0525215580658167,0.157762553078318,0.2593823967624,-1.03844527334747,2.71376752076041,NA
331,0.953792045556435,0.984970373045431,0.405184889845747,0.413146283623622,0.413653637680283,0.417411923531853,0.983340615535326,0.958484071305396,0.957590405585687,0.41749135049231,0.419147045961568,0.419216052090659,0.753621799547548,0.731400509829042,0.564809334892108,0.033174254295843,0.0423768598830645,0.065325214446396,0.0662036176772597,0.157984966525213,0.249904417148447,-1.46037996375151,2.55085133961847,NA
332,0.977215045298803,0.979613736659873,0.405184889845745,0.416784345185061,0.417554491105366,0.421491108383648,0.97814410561917,0.959513079408962,0.959434662234807,0.417575273075678,0.4190976084529,0.419104480723495,0.726484322556626,0.731432551194363,0.552281395881378,0.0344816907781891,0.0419901919363845,0.0646580364591716,0.0646766762005414,0.14315778911344,0.223999411061623,-1.68957124395644,2.05000532990798,NA
333,0.978643988019319,0.990640386967169,0.405184889845749,0.417532778179051,0.416655381971576,0.420851860297809,0.976487327957507,0.959634496397159,0.95935530921178,0.418470169433088,0.419028828217211,0.419103466733795,0.737608343791937,0.763219933768144,0.618342644690471,0.0338721056715331,0.0407605250687452,0.0652618204135317,0.0605481359960286,0.191931037123236,0.262354655602465,-1.41855596170241,2.84217608389289,NA
334,0.976250853665183,0.988730443736411,0.405184889845747,0.41487365550993,0.413922806006732,0.418016757129752,0.980349292356524,0.958160475742035,0.95761147945819,0.418065806834498,0.419130529741754,0.41917825714771,0.778535951724367,0.744658232111204,0.586588047604383,0.0316056918237223,0.0417067874289131,0.06576527491754,0.0554442720586402,0.153310320619788,0.247605971189794,-1.16420023141302,2.50256267022748,NA
335,0.957095757786654,0.988056426707577,0.405184889845748,0.418052704626473,0.417280055212574,0.421132769750216,0.981654776687635,0.958820516538541,0.958712572874511,0.417925508954001,0.419104992223381,0.419141669707296,0.745694574049599,0.744101404347617,0.604115371683025,0.033452427001758,0.0412185125316075,0.0647553659178476,0.0644095297944883,0.153857797973167,0.254282805436164,-2.20031726810979,2.29182057684878,NA
336,0.97580961060777,0.988184729886379,0.405184889845743,0.417480431181485,0.417790055798636,0.421453695856598,0.980189754127927,0.95822159224256,0.958097743257587,0.417535863508737,0.419113241808589,0.41915381742961,0.761596941613669,0.749848051627135,0.605322933535965,0.0325387707852811,0.0413412195494257,0.0649586578299106,0.0583830618285865,0.128662888928098,0.252792778889652,-1.37168259062066,2.54505036827205,NA
337,0.984934200957435,0.98485752286899,0.405184889845746,0.413027665431198,0.41327317441052,0.416810107843132,0.976654323639162,0.958609301940769,0.958363994948727,0.417974061604644,0.419112067659689,0.41914613725239,0.74442378424504,0.713065098999517,0.537871800006484,0.0337259898153128,0.0418140154941544,0.0649288280522038,0.061059670413004,0.13243065029439,0.248371772257491,-1.42352239764035,1.85700535927418,NA
338,0.99645422466865,0.979261150735305,0.405184889845746,0.421053958134457,0.423190560082701,0.426355353067332,0.980260837727235,0.95867734683395,0.958507967249574,0.416983025190413,0.419097688029293,0.41913320419958,0.795722202130516,0.754815568437233,0.585743503445748,0.0307358648342007,0.0422318851111374,0.0650283150181359,0.0524746027664728,0.157807997042932,0.233224634442135,-0.902158846289667,2.77311263302624,NA
339,0.966576198163429,0.983358981635188,0.405184889845748,0.415378937153471,0.41543462703402,0.419366577959755,0.978023614239607,0.95877104050036,0.959037863861185,0.417762639508297,0.41909659712141,0.419130431510773,0.732634947297925,0.755563605648584,0.614363009974065,0.0341707032260368,0.0415164227817653,0.0646193485466091,0.0701686851207755,0.188239873108707,0.257775295239251,-1.49371718577845,2.73227787716531,NA
340,0.972626140227185,0.986842275852286,0.405184889845748,0.414606148144459,0.41556497391131,0.419365952726558,0.980165688338238,0.95887881493061,0.958740594051199,0.417324849456705,0.419140011581552,0.419219107953437,0.779945899947065,0.731277188710898,0.572724036924583,0.0315977094402082,0.0420120871818841,0.0651940848451902,0.0591969358665401,0.165253272570662,0.253054552482748,-1.30113399393952,2.37188452056978,NA
341,0.983868700348952,0.99206709802998,0.405184889845745,0.417259709876868,0.416642238990873,0.420422822344406,0.979664542616149,0.958484837962362,0.958179423441076,0.418090859878671,0.419092542383482,0.419147398962165,0.776525022207039,0.773751803190972,0.62963163167961,0.031590265176799,0.0409450608667211,0.0649247692112944,0.0561175218880896,0.180215732180522,0.259840273501947,-1.2907353803868,3.26759091174784,NA
342,0.981414533391496,0.983300183521863,0.405184889845745,0.408349471988995,0.409673122468084,0.413322910961365,0.979195397804875,0.960076187708225,0.959629164251133,0.417399627944605,0.419064307200276,0.419106929820375,0.762314221694681,0.742162314753812,0.585661259601311,0.033437536983094,0.0417630674070593,0.0650675585309917,0.0612068768186929,0.117286141384405,0.24889627031446,-1.33841560093549,1.73424221018375,NA
343,0.979809294119014,0.985019029439597,0.405184889845749,0.415589300052018,0.415524873346898,0.419616473871234,0.977509404907355,0.959909144893048,0.958785897482271,0.417668981746398,0.419033486726988,0.41912358039619,0.743507747655395,0.766459793476368,0.643939701946318,0.0336420644081827,0.0407947798558336,0.0645623542019317,0.064727672306443,0.193432198699955,0.255769392081049,-1.78963673201054,2.47273434161777,NA
344,0.983340197586151,0.993299211270208,0.405184889845744,0.416067606274754,0.417067265160271,0.42099736275221,0.975223952045809,0.960352387816714,0.960299341110448,0.418107969497632,0.419051664347028,0.419051341378696,0.720422002884427,0.747545562786815,0.571064367848239,0.0348250960460625,0.0406196144484402,0.0646867881901574,0.0660129106892185,0.138618269628256,0.253871274783208,-1.40339344964972,1.80039149539827,NA
345,0.968334385307551,0.977626771093169,0.405184889845746,0.415638550031837,0.416609920148773,0.420285574711204,0.98597044744091,0.95934735710079,0.959213212155295,0.417222747127458,0.419122423241168,0.419134277861177,0.798045988108294,0.74076434703828,0.594939747941966,0.0302642764849688,0.0419894390537566,0.0647386138318043,0.0519647460574088,0.159002500672583,0.249199661563246,-1.0206270146967,2.68012654992038,NA
346,0.970112904862615,0.988545689038133,0.405184889845748,0.411572155125607,0.411448244277342,0.415121679811826,0.980282097854122,0.958106673237568,0.957963661443799,0.417857488580046,0.419124260813499,0.419167098663653,0.765923174028738,0.750759683713153,0.582472306575007,0.0327963865898825,0.0424443522424216,0.0656316988545271,0.0547576043413502,0.198258360136801,0.249954536972286,-1.37111121009286,3.08447437325984,NA
347,0.968354853728299,0.967396916889849,0.405184889845745,0.418650635308664,0.418888172284881,0.422865156450532,0.977509914829861,0.960203753278968,0.95933757593525,0.417647906138438,0.419002454606906,0.419094595175773,0.745733140162891,0.749900041820915,0.589673012479054,0.0334887717482641,0.0419900322846616,0.0643989763883338,0.0598339924479286,0.163866897164036,0.218302308314857,-1.35389138813999,2.40315455996436,NA
348,0.976080809589146,0.981071071024446,0.405184889845747,0.415839492507527,0.41672716137275,0.420271014957058,0.983774759406953,0.960180592598381,0.959963288736445,0.417414180096226,0.419002156837814,0.419066820048766,0.803360825449821,0.758430557016818,0.579755606800767,0.0299946449602596,0.0412863363828769,0.0642999026864795,0.0545143988309881,0.170973167448139,0.231865942368594,-1.02223858216977,2.54978549699964,9.16168979441582
349,0.975485857549822,0.987799057197842,0.405184889845748,0.415185051679464,0.414878883012447,0.418698635202005,0.980809956699781,0.959897309014271,0.959902830686783,0.417786007226015,0.419080143189158,0.419106329458416,0.789192621541797,0.759518158069342,0.584792998026319,0.0308784488388841,0.0413640498886183,0.0645478737212319,0.0555844165962239,0.174856527838705,0.237574353380684,-1.07175871836371,2.71642324196257,NA
350,0.991287841346094,0.977957467278686,0.405184889845744,0.41234891977887,0.414021839066689,0.417393816747866,0.975275476903648,0.960036076803419,0.959793661853092,0.417696536255592,0.419061085590733,0.419080730804483,0.749074738780089,0.735510474833778,0.554339296151107,0.03343497143269,0.0415751938182298,0.0643292442723431,0.0557319955388679,0.145382424063987,0.233497323477241,-1.11937042864466,2.09166045476658,NA
351,0.973705643334631,0.986566433230927,0.405184889845746,0.417911738227082,0.418776122435068,0.422283578786928,0.981202776548608,0.957962575996305,0.957652487704423,0.41766113059215,0.419130928248533,0.419174764313744,0.759757373296553,0.746175849045296,0.567347994707342,0.0326410498228737,0.0420469464711861,0.0650634870729968,0.0676792630321784,0.160251805531294,0.239122995351135,-1.30117847499115,2.80992183099572,10.0242809719866
352,0.99048106878852,0.984105229460518,0.405184889845747,0.415620289653336,0.41706230263197,0.42067678115423,0.977930053243888,0.958402064104617,0.957149747959881,0.417476332805224,0.419118299116652,0.419214684033977,0.758537920490414,0.760315989463342,0.608426831694558,0.0327202802386517,0.0418813107079002,0.0651254657285684,0.0574935011339927,0.184944188088292,0.250781871749494,-1.1849993994904,3.06705266869066,NA
353,0.970920273122445,0.970078885737548,0.405184889845745,0.416000965102989,0.415712668181825,0.419878005494118,0.979122382614352,0.959519317355937,0.959073022440412,0.417983059937062,0.419055326997365,0.419108834714006,0.756551741828226,0.72005818568719,0.573665401368006,0.0329171775473092,0.0422756910852565,0.0645598815084187,0.0652184924374326,0.127958392520437,0.226789436501408,-1.59534492506608,1.62870241756168,NA
354,0.971788128634275,0.983663773904569,0.405184889845746,0.419096546004185,0.420320407632505,0.423644693342445,0.980094365232026,0.959543917023262,0.959045523120201,0.417713415844413,0.419057461530591,0.419107734439745,0.770806466713125,0.75299676129768,0.584187678832717,0.0320111432441173,0.0413541695769424,0.0646499625302311,0.0522458202477247,0.164841245156638,0.245302821807335,-1.05173843088232,2.83641024237998,NA
355,0.975327364094723,0.98402458432199,0.405184889845746,0.411819196731001,0.412614885425722,0.416360396674356,0.974730065459294,0.959905928455887,0.95975421498589,0.417572712636519,0.419038100229551,0.419090184572282,0.710134426767017,0.748958984665339,0.571718755877787,0.0355557950018442,0.0416577363083633,0.0649966281015435,0.0637957501198343,0.179673620375498,0.229560452554302,-1.67581716528164,2.36420481654614,NA
356,0.961003408025754,0.991370254633048,0.405184889845747,0.414782829205976,0.416069424200194,0.419494415713038,0.978169491580483,0.958640188286276,0.958675794591538,0.417425186215783,0.41913006848038,0.419135537128966,0.699916879133793,0.719911113516158,0.514540781280962,0.0358455126745776,0.0425945982090675,0.0654390525654581,0.0692298380589517,0.128940403933079,0.217586454699514,-2.32510084797367,2.2409420280924,NA
357,0.985385968895822,0.980334892593208,0.405184889845746,0.41790341557376,0.41804512263464,0.421367991848854,0.982072955396913,0.959233526419529,0.959000935330883,0.417733268386826,0.419116836616519,0.41911093993525,0.798756553224794,0.736226488565824,0.589234523319345,0.0303009729937923,0.0413715284991707,0.0645000518844184,0.0519694393047968,0.150085384069009,0.259513622598863,-1.15340146733522,2.18355456857603,NA
358,0.974264663398935,0.98202067008691,0.405184889845746,0.415661827985379,0.415627016473968,0.41922644423673,0.978110046860532,0.960124601724916,0.959714640255217,0.418182708177828,0.418993043347763,0.419076924865175,0.722905503027115,0.797748425826197,0.651691701784626,0.0346719741706001,0.0409326424349693,0.0643664089639059,0.0676320865708772,0.179998225629255,0.23742465636891,-1.52506495320528,2.54388680700469,NA
359,0.989593929249255,0.990034869592033,0.405184889845745,0.417270450564378,0.417194621479022,0.421063062310276,0.980250310956337,0.959439744499837,0.959006432123581,0.41796573419754,0.419045733359973,0.419110685110205,0.799355454336145,0.75206805552726,0.588201934816287,0.0303230518524036,0.0410243871917528,0.0649504769145713,0.0587394916379982,0.153040275101499,0.247176194851515,-1.1186132323819,1.95748206055727,NA
360,0.963839979916971,0.982875063955206,0.405184889845745,0.423836524630408,0.423199935233624,0.426962545319689,0.980391864064714,0.95903139932611,0.958721858529744,0.417777447360822,0.419060305391212,0.419127652228349,0.77990796546671,0.730508411718313,0.551497115281595,0.032105730208656,0.0420797894121152,0.0649612020931623,0.0575974788016831,0.152136839331489,0.240644003329758,-1.08300618592798,2.11034807323289,NA
361,0.955471582681312,0.982386656312605,0.405184889845746,0.41614101994983,0.417414206792486,0.420924752871591,0.983036133941562,0.959051880154443,0.958243108961786,0.417515278671306,0.419101702601754,0.41915113414242,0.754514898628098,0.77860447522202,0.606500124307988,0.032912060456669,0.0418865888019894,0.0648392794744648,0.0579876576794096,0.203959299076803,0.235271731002833,-1.15095276033726,3.81339409666279,9.12859582732281
362,0.990719255881387,0.983970881587595,0.405184889845745,0.420462036625447,0.420567297984838,0.424125517105739,0.979518530559063,0.958866216855422,0.958055506183534,0.41789257921596,0.419098271171664,0.419165875659736,0.789590212106612,0.708258857927308,0.535225111708286,0.0309824444426379,0.0417701306281369,0.0649658661341426,0.0564832882758233,0.119107993655401,0.260781984852266,-1.18322092176713,1.85019463548722,NA
363,0.968903392742051,0.990238072208464,0.405184889845746,0.415004630561756,0.415999331304842,0.419871046048629,0.978624888102885,0.960037446153066,0.959456483593375,0.417571334097599,0.419014045697591,0.419090479740323,0.746421459327319,0.757159471201061,0.579210939298691,0.0334367856469825,0.0410541788892274,0.0645922790558049,0.0637465910439114,0.162740515585892,0.241655159486491,-1.19652892175732,2.52715299126172,NA
364,0.985800283482466,0.990752250370907,0.405184889845744,0.417243947902874,0.418307676583432,0.421977051050991,0.981657465318425,0.958411831450539,0.957796200394265,0.417792294844974,0.41908844243731,0.419165028400335,0.810507970184409,0.730662064418101,0.548312574831276,0.0294858887411246,0.0415739630909852,0.0650393208401936,0.0544636719142157,0.149195822007347,0.244710127285677,-1.0306673851875,2.8193809227553,NA
365,0.980132784277341,0.992220415431363,0.405184889845746,0.414044980669179,0.415653293952291,0.419803666923602,0.976746651481199,0.958371572133762,0.957626340503673,0.417288648968135,0.41908307346257,0.419174599851573,0.742402882604147,0.768034543482438,0.634213857828059,0.033657162581043,0.0410884576086176,0.0650933777510127,0.0581497320641447,0.182503189466718,0.259235552429227,-1.43851772046858,3.06904100572194,NA
366,0.990704883905701,0.990999342549965,0.405184889845746,0.412520233240653,0.413390900493698,0.417202262364322,0.975697010765755,0.959548732464703,0.9593725675669,0.418319900409602,0.419058862525988,0.419097223600812,0.740774318341137,0.745996851705088,0.576314785069148,0.03400401181707,0.0409918026718971,0.0647320851037291,0.064679526734482,0.152146209336225,0.25633797612428,-1.40994018552251,1.86398094612092,NA
367,0.980482142251889,0.98023887172812,0.405184889845748,0.411088067751643,0.412007220700741,0.416400160188954,0.977834914686229,0.958624076952095,0.958624058335519,0.4173640396496,0.419089639444787,0.419179586816318,0.762654482530989,0.745790277627351,0.618026683751326,0.0328818984394649,0.0424515459952029,0.0649814998055215,0.0553147577841871,0.177551975267715,0.246677955234367,-1.35837202926771,2.41330275366616,NA
368,0.973610642329138,0.991979037555997,0.405184889845747,0.415080968130136,0.415269748326646,0.41901727353351,0.979755762212351,0.959460659109139,0.958835427354821,0.417875071194701,0.419077291569743,0.419120068013061,0.759056548647084,0.764430075128847,0.604167921574356,0.0328151877200433,0.040888637214493,0.0646562472637624,0.065664986381251,0.176313684125532,0.262018500300001,-1.78548699729131,2.71187460661349,NA
369,0.975829550421164,0.985023806654278,0.405184889845747,0.418829105631918,0.419158778167415,0.422900090723725,0.984337809416066,0.958852525030329,0.958222629782471,0.417347003999937,0.41907370332926,0.419154847555503,0.804073774106275,0.748273662948245,0.616017484910927,0.0299534802970703,0.0412951734948742,0.064785831847577,0.0519212062718329,0.175592977475889,0.265142987531774,-1.06008171056847,2.98221938585102,NA
370,0.980982246117489,0.987390097020926,0.405184889845749,0.420136208130231,0.419233505304422,0.423460761906752,0.977156751026695,0.959532946296272,0.959085027063952,0.417918269180441,0.419064386172399,0.419108587219876,0.731057159863884,0.745293775948063,0.571853996860578,0.0343072987052983,0.0415321606652089,0.0650336371113028,0.0617176481454069,0.163881982317675,0.233746251078814,-1.44405409174771,2.50366837004606,NA
371,0.969188344027552,0.983972582768869,0.405184889845745,0.417358357044279,0.417546687120649,0.421375680535585,0.978164109760299,0.957869986900221,0.957719352655559,0.41837536826985,0.41912063388771,0.419169656374387,0.742303165760023,0.754072952161041,0.612173791340239,0.0335861529372677,0.0417473839413465,0.0649490636968399,0.0623228986556821,0.150866162169433,0.248739755062971,-1.53631601907262,2.85865616736064,NA
372,0.990370873897318,0.990958693475232,0.405184889845745,0.412054179483602,0.413121373125268,0.416818756960133,0.975279344863342,0.958220490481677,0.957636343140655,0.417751778070741,0.419116427787476,0.419176493333875,0.756579806780027,0.742656119565497,0.592468347173771,0.0330689219371396,0.0413661636547249,0.0650724083383051,0.0561507171987622,0.161035300472122,0.269539142334241,-1.07254547189317,2.61126225216052,NA
373,0.983115031236505,0.97661779664199,0.405184889845747,0.415194905047739,0.415722681439102,0.419607967566813,0.977878601040486,0.957659239608438,0.958048537057092,0.417292229555981,0.419131218086985,0.419154662704339,0.746588780907667,0.734535188887584,0.599417967223004,0.0333625854292957,0.0424081141337014,0.0647930654464546,0.0598326754675521,0.159670466607634,0.246323161712722,-1.43951145217917,2.1950022245742,NA
374,0.988904931687126,0.98620444760827,0.405184889845746,0.416469535047247,0.417448987993156,0.42091582961801,0.978728350316601,0.959378327212001,0.95930615661705,0.417575242301657,0.419080587105651,0.419103782294263,0.781102834385605,0.761659234461284,0.600539332240729,0.0313732063092294,0.0409454357382841,0.0644789630994306,0.0610355571494615,0.170960881148417,0.255494130862409,-1.14408492326896,3.12678535323588,NA
375,0.983921849525649,0.99399589840346,0.405184889845747,0.414006312437089,0.414629237593331,0.418647762592035,0.981661775735491,0.959441825080244,0.95876056087511,0.417750346701236,0.419059695569258,0.419129281827071,0.802763318344798,0.760701704240049,0.613894963079435,0.0301783931900242,0.0406655877129855,0.0649409170130064,0.0514084607100313,0.150090947180623,0.262519906876081,-1.08779055743187,2.564419396904,NA
376,0.96914155151833,0.966800345784673,0.405184889845746,0.416652246906472,0.418407516327198,0.421954990345828,0.983839581611794,0.959481101867176,0.959020440625325,0.417405889946805,0.419030738669893,0.4191088081678,0.788033684364609,0.752951960782119,0.611219368927179,0.0308945721894045,0.042396566627828,0.0645166768005203,0.0533369317036334,0.197856946575124,0.233282304041381,-1.22640567461223,2.93364238236719,NA
377,0.975526416357064,0.983570958165919,0.405184889845747,0.419220618107401,0.420251894482816,0.423869611535973,0.978900375061185,0.95970807004989,0.959069850655529,0.417110502257777,0.419054618377762,0.419113029133839,0.759624583185175,0.769755782898674,0.607960745978497,0.0327568421449919,0.0411226731496817,0.0645961459123957,0.0598060717076552,0.183768364629589,0.248546369965778,-1.31442421303477,3.17129166379081,NA
378,0.974397566309164,0.984911427434968,0.405184889845746,0.417805157430515,0.41881935367164,0.422498869129798,0.982272656259071,0.959992524054845,0.959487422744491,0.417274974019427,0.419014920586006,0.41908739720688,0.790260446583385,0.776182505987584,0.625713198700726,0.0307985044535013,0.0408375352814537,0.0646381675358014,0.0602211817150998,0.170100032503299,0.244839585844142,-1.04710472863473,2.86083557256517,NA
379,0.95276154365849,0.981058693410836,0.405184889845747,0.405728823629971,0.412479847627506,0.416210425596364,0.976438651258452,0.95997140807745,0.95957861698773,0.415700531495255,0.4190395415596,0.419086243919398,0.727908387257825,0.771339251218432,0.64395259425257,0.0354735041413653,0.0413114338329005,0.064466666416887,0.0731212178775763,0.190683953757362,0.263615202971882,-1.29772782784949,2.67969332780069,NA
380,0.985576852940927,0.971809589167835,0.405184889845748,0.412266027234852,0.4119847874432,0.415615360436589,0.98379895147064,0.960108037455414,0.95959373406166,0.417870533567788,0.419041779875477,0.419088394082987,0.825183997430435,0.769482269428853,0.635708135842826,0.0289978705989552,0.0420046719906817,0.0644639521712026,0.0530334004922574,0.164997812623045,0.234931978974582,-0.889182221002228,2.5070537159661,NA
381,0.971726309816687,0.971338592707708,0.405184889845748,0.41594188924287,0.414695220589785,0.418354634210577,0.986354029956974,0.958087509680503,0.957494496626188,0.417816157260262,0.41917173936904,0.419196279286808,0.810773599238357,0.727090008400832,0.55785742584371,0.0294097390534346,0.0430346888303412,0.0650777447261719,0.0515648341166716,0.163097369258309,0.225263007286636,-1.05896107805575,3.06464535097955,9.48699797850341
382,0.993372028238172,0.971644041458146,0.405184889845747,0.417742860049147,0.419386069461787,0.422688943738661,0.979191028795454,0.958483732098995,0.958141659259054,0.417596269903782,0.419086588266978,0.419150607474318,0.782848624640569,0.753525043965097,0.584935208678886,0.0311749300492243,0.042494442745516,0.0647527266494195,0.0527228071839011,0.195353187342295,0.23190617000539,-1.05309288727545,2.9820350885152,8.65826029416471
383,0.972840338196554,0.982911933599711,0.405184889845746,0.423769876247433,0.424787189496175,0.428484003181803,0.982292111852132,0.959085498978235,0.958572179410579,0.41755482324601,0.419084364469966,0.41914668159861,0.77726837647291,0.753959471388255,0.612722364264446,0.0323242383069935,0.042002735307423,0.0653853971480903,0.0570232248268937,0.170402553622202,0.247630733432801,-1.38308547119719,2.48279955407478,NA
384,0.991462702086432,0.984193605772591,0.405184889845746,0.418706567759609,0.417940059551668,0.421781904104685,0.97646407454766,0.959728576728058,0.959249813296704,0.418521096091364,0.419112089359446,0.419133565496544,0.724029440691278,0.731964111210533,0.617029116913062,0.0345838865015446,0.041497492014365,0.0647066459584592,0.0614239332430955,0.190515061713126,0.281662700867418,-1.36759376089045,2.43004734034171,NA
385,0.978176612523934,0.989633476984637,0.405184889845747,0.41251640065713,0.413113216569602,0.416818234199723,0.979584105892192,0.959479094543184,0.95860849685906,0.417590906651976,0.419074806482686,0.419131635430061,0.750331422844816,0.779903161506143,0.617647865434481,0.0333889596434892,0.0411174824347915,0.064863933397661,0.0674709424216989,0.186236772328765,0.250638229301167,-1.31249503162639,3.07372749197415,NA
386,0.956928087810427,0.969208292464381,0.405184889845747,0.409681796242209,0.411421883975356,0.41507911222763,0.977018748991653,0.957087896843747,0.956422765525378,0.417138749624919,0.419194450544931,0.419258531472525,0.725045135230097,0.724728449803721,0.549953047908295,0.0351223056408137,0.0439875959020996,0.0654705976550929,0.0589279926807485,0.17981395806487,0.22025962460438,-1.18788188610002,2.49628389005943,9.49352522933044
387,0.966360021360778,0.993824639748999,0.405184889845744,0.416026287875922,0.417056350652292,0.42067872554113,0.979798983279025,0.959875907628327,0.959524881353353,0.417534317794812,0.419020127239626,0.419089114673537,0.779553367451115,0.761901066848685,0.595401538808719,0.0314613050851651,0.0405448031409501,0.0650186527183083,0.0546760926392644,0.141718583087247,0.256289999467439,-1.10528958265326,2.47998158974749,NA
388,0.984600112902564,0.991572604096044,0.405184889845744,0.414635344918803,0.41650896209906,0.420101603457233,0.977243776033408,0.957368877625549,0.958170570766688,0.417259231883766,0.419179508641885,0.419151000167945,0.748497040729537,0.750687468808754,0.592256743748273,0.0332922791949022,0.0417832343869633,0.0654986493242303,0.0588495972378734,0.174596967363883,0.255144900514343,-1.34719850180021,2.39794785443328,NA
389,0.982163722573987,0.988992056780038,0.405184889845745,0.417651005451144,0.418139282537936,0.421753228082277,0.983618550339001,0.95827197967419,0.957936461608776,0.417603921235215,0.419106519282492,0.419158856617508,0.823307607827517,0.75321758155499,0.591480598565882,0.0285446287717059,0.0416161646201649,0.0652795391050313,0.0490343985476805,0.165727184228434,0.244230270410373,-0.919371425711611,2.27441153000333,NA
390,0.970187797555921,0.989514511354123,0.405184889845745,0.420657997039727,0.42099482197561,0.424630883908973,0.975244221572379,0.959510402438687,0.958723576912657,0.417963266179565,0.419068899185828,0.419131010719577,0.725035744162632,0.771214689310334,0.605736411484675,0.0346868288040103,0.0410290538276047,0.0648849925216542,0.0640744695952158,0.161542498327628,0.247495073315489,-1.55458128217671,2.76435513464449,NA
391,0.979513630602438,0.993381629208964,0.405184889845748,0.415257922928221,0.415354020622722,0.419088153524219,0.974208291154736,0.958376900659111,0.95785883263197,0.418199885400959,0.41912335504581,0.419164683848487,0.713461127389433,0.762196104599467,0.630340563925492,0.0351593313127331,0.0408934469148234,0.0649377221558684,0.060937180275028,0.171265539206317,0.271392528308237,-1.4459767543135,2.83672433022519,NA
392,0.995409118243034,0.98128387219176,0.405184889845748,0.412952347151735,0.413044680935488,0.416821415422632,0.974338322952407,0.959310117667949,0.9589460763929,0.418067584361067,0.419064027193497,0.419112205479473,0.736661745184391,0.750267503710293,0.602086074094707,0.034094332334858,0.0414906562145406,0.0645879247438181,0.0649187364816153,0.130533018646821,0.246147480253606,-1.38707895584477,2.40407004468545,NA
393,0.977191359905445,0.986244364120864,0.405184889845745,0.416499086966242,0.416361013255731,0.420423347384237,0.978386020626042,0.958012564319965,0.958381763507226,0.418031438888837,0.4191133007084,0.419166529451481,0.754476812828175,0.763018157053817,0.642940973062634,0.0329189091246958,0.0417348890272742,0.0650079668867812,0.0616173348183868,0.182655773105643,0.254064527319451,-1.50122170429878,2.95455262383851,NA
394,0.994648411732784,0.989503087966323,0.405184889845745,0.423986631525571,0.42567013652195,0.42937012460153,0.97765125262935,0.96011605092823,0.959680468693418,0.416862804923735,0.419068132829574,0.419113517881052,0.754690472293793,0.738062412916848,0.580920537784997,0.0339022143307474,0.0416300696302367,0.0653312045476427,0.0626767580659345,0.102141690091867,0.259754738411063,-1.42830247949821,1.97834664857603,NA
395,0.972591397177286,0.988423872898536,0.405184889845744,0.418894566053079,0.418860200924714,0.422486151088395,0.980728491506657,0.958197581609364,0.958369603316008,0.417688718893183,0.419129911999045,0.419140091859098,0.747804439941007,0.788475117574899,0.65167619194734,0.0333550759781867,0.0413880317778387,0.0648107681569005,0.0647627825634898,0.184566820646069,0.254022907324525,-1.14835899897463,3.1860313282737,NA
396,0.974708575984191,0.982062619433743,0.405184889845748,0.414997799627111,0.415590799861143,0.419362922528904,0.982667132873229,0.959800523900776,0.959611220853563,0.417257432793082,0.419088203361995,0.419102558576404,0.788438898657468,0.748407759732843,0.600026986200331,0.0309258371479863,0.0413081489404412,0.0646109434568455,0.0561689915735869,0.14078170234614,0.244135526181837,-1.28241202885318,2.24028436299212,NA
397,0.98160507971995,0.984633646966292,0.405184889845746,0.416933997774792,0.415771941558526,0.419844995734343,0.978589207761833,0.959346703172959,0.959430046326697,0.418647528382057,0.419081823539224,0.419090004978159,0.760689538597319,0.725517072662563,0.577767647501465,0.0325225870399507,0.0411583517668534,0.0645258977026311,0.0645564121935814,0.147966223337032,0.262673100721352,-1.45884039765799,2.32705482024117,NA
398,0.987660652646082,0.987396250048563,0.405184889845745,0.423531383816992,0.422668187232997,0.426681078021985,0.980315829696749,0.959137923402508,0.958781913417612,0.41814992392286,0.419062518755939,0.419125617182647,0.788984062116011,0.71655575862249,0.571850718195052,0.03156510973611,0.0413413362064523,0.0649712860341818,0.0579390348106432,0.120165675574124,0.272253500860378,-1.23344535851086,2.09653924826692,NA
399,0.960668507904684,0.983153313814399,0.405184889845747,0.421707879016398,0.421147880177002,0.424910614270447,0.975371491132729,0.959413155496503,0.959352123488631,0.418799694283705,0.419044581309374,0.419094309216669,0.718916715819875,0.767281881684801,0.614145130706418,0.0350692944489083,0.0413712135084301,0.0646137670669816,0.0676377499642327,0.197090013260608,0.254781122366191,-1.79135383238151,3.05220322129697,NA
400,0.980577296041964,0.990769661938247,0.405184889845747,0.411901938801662,0.412145956400339,0.415920410721881,0.980484584543158,0.959141499162892,0.958769362997028,0.417945530763329,0.419081516608374,0.41912952817348,0.747795518874707,0.762737696876396,0.599217239570225,0.0336890994140007,0.0414198210292979,0.0652301145994148,0.0618769475619535,0.188383936057754,0.25308308613847,-1.37759657931651,2.6976188372182,NA
401,0.988328437718532,0.989330296064166,0.405184889845746,0.415409324519302,0.415884426087707,0.419721634481981,0.974344794485663,0.959855569470691,0.959276314900912,0.418089065160821,0.419028579704341,0.419098503756409,0.71033425857609,0.784446719122775,0.645525790191122,0.0353335074734708,0.0404815119087564,0.064417482847885,0.0652095725956822,0.183877456407112,0.261311458611963,-1.46811694983831,2.45281411623796,NA
402,0.975580440424374,0.981428706334837,0.405184889845746,0.418894544794434,0.419201100627554,0.422589154570087,0.982214592413023,0.958874126561202,0.958574562751325,0.417457793749855,0.419094993937713,0.419151762251354,0.791003096041074,0.751765324785404,0.601449784095261,0.0308230465118365,0.0416565999845316,0.0648147788212396,0.0566741828552857,0.166233107159274,0.24839168965493,-1.12631070527453,3.0304869237663,NA
403,0.980741550073164,0.9841978328145,0.405184889845745,0.420078531034766,0.421713692120709,0.425279442393587,0.977157805046383,0.959398637781783,0.959244621354502,0.417402877262623,0.419074642080941,0.4191050996062,0.737632433503588,0.76753954336082,0.617428649176614,0.0340137205933069,0.0414215471694627,0.064781079496667,0.0605530350666559,0.187577402483508,0.250848232224026,-1.37961172769521,2.76359029530932,NA
404,0.980742489098242,0.991021275147352,0.405184889845745,0.414030306734136,0.414552670001967,0.41819828979257,0.979903718746304,0.956385542417515,0.956424504951457,0.417795690489168,0.419220435541032,0.419235896074293,0.769965795961448,0.729295558488732,0.548253126424895,0.0322051619258722,0.0431704292916563,0.0658126136950976,0.0596426063832886,0.183505927097513,0.240562055146649,-1.26378699880599,2.68099620266229,9.34434081470291
405,0.984873951694027,0.98812251863004,0.405184889845747,0.412185206646001,0.412708134122467,0.416489989443164,0.978346944090004,0.95876042089321,0.958613475686906,0.418146110292044,0.419107833968929,0.419135658748815,0.76132689662115,0.779941242785086,0.637909104936894,0.0329476424351116,0.0413284107897728,0.0647775630206636,0.064403519576284,0.18830790756722,0.262145440469289,-1.27746097078108,2.87941363574206,NA
406,0.966810984678221,0.987203382676504,0.405184889845746,0.418899925858235,0.419650360544636,0.423289831401854,0.980291219603938,0.959893849161348,0.958996912471004,0.417039148571295,0.419053644676417,0.419160391102303,0.736639776258517,0.768901595148843,0.640110942843156,0.0340189711323469,0.0410789583887872,0.0648689830998159,0.0636597215414681,0.183555098063663,0.258397857767435,-1.5052463415632,3.01409987315908,NA
407,0.977531204700699,0.983682202725989,0.405184889845746,0.414185762280526,0.414417601108531,0.418321892351542,0.983425631673664,0.959053920090315,0.95851676054104,0.417764368033845,0.41908580915966,0.41913534399843,0.806454206016914,0.745073495945357,0.568056349195593,0.0298846119000266,0.0418886390860901,0.064820801085355,0.0488184053424916,0.16535787759959,0.22598007249802,-0.970162389490307,2.49169372902141,NA
408,0.97401933136537,0.968422893964552,0.405184889845748,0.418546022530244,0.418455822218862,0.422297015869428,0.984985945494738,0.958335232342925,0.956874907951865,0.417050838242553,0.419095453601369,0.41921630589884,0.81755513610523,0.723414217313172,0.561459421316046,0.0290672208321042,0.0427734521656242,0.0650461764645234,0.0538323874638223,0.15651862654834,0.227369934617132,-1.12605282301855,2.45776112568415,NA
409,0.972193428323286,0.992645669437438,0.405184889845747,0.414870716283223,0.416628386037731,0.420245445245525,0.97880517333506,0.958824533008411,0.959034843105843,0.417596180637055,0.419095161418865,0.419108393883441,0.735780416856765,0.765806075129417,0.624277171433222,0.0340170125418868,0.0407292739001642,0.0647210382242143,0.0615270949342543,0.171431321573597,0.266897297001532,-1.4328377227251,2.84140955858069,NA
410,0.982727444504579,0.989729872536242,0.405184889845744,0.413153447313442,0.414444141148047,0.418157325459276,0.979509075843001,0.959797456674143,0.959044084192736,0.41742105536294,0.419052884769702,0.419108015364922,0.761242547526353,0.775251576629752,0.631676179903287,0.0326806372708875,0.0405871041794095,0.064849461510144,0.0546086626838072,0.145773383517368,0.249928633083316,-1.39279738815802,2.39628713512104,NA
411,0.981125532526217,0.980397457449583,0.405184889845746,0.416936567491879,0.417405981630176,0.420728607362318,0.979559314485218,0.958602518606965,0.957179264149501,0.417555584022487,0.41910094930609,0.419202853487178,0.774115915737705,0.755237369828024,0.621484228858387,0.0318032482689256,0.0416659730059405,0.0649321030846556,0.0605044790082255,0.173769130519815,0.261280707649401,-1.50327639973398,2.91692193527372,NA
412,0.971446455554618,0.968983819540675,0.405184889845746,0.416068923403402,0.416462603934752,0.419916314982189,0.980935104237269,0.959703156429152,0.959086794521921,0.417777368673797,0.419057764031372,0.419118843334177,0.765276374156861,0.74348166866934,0.595173798301457,0.0323162509146424,0.0420355007267083,0.0645624839155021,0.056472001948449,0.173810789052191,0.243010740398505,-1.07789495079801,2.80784124173751,NA
413,0.988899151743313,0.990485768454063,0.405184889845743,0.415267462331987,0.416136484083877,0.419986758539756,0.971649580453636,0.958692027487688,0.957689144497722,0.417452869624827,0.419079570089619,0.419169928378506,0.706497570598646,0.711445973241521,0.543738752807924,0.0354442540644437,0.0411861045595402,0.0652138558678229,0.0655497717968009,0.0901561725756366,0.263548745959828,-1.69241290415365,1.67996240390566,NA
414,0.978170765815093,0.97931265520453,0.405184889845747,0.420328523299158,0.420752762016286,0.424591771789535,0.983536926766176,0.958498662603897,0.957718614157278,0.417472308684037,0.419090422081676,0.419186903016836,0.819343592481552,0.713137432099898,0.545292642847849,0.0292383659398171,0.0420939481823546,0.0650284771613314,0.0526700499641377,0.128272924769941,0.24437604708073,-1.15609823462654,1.78452286221694,NA
415,0.979232994621465,0.984622285089011,0.405184889845749,0.415821564519249,0.415548030301789,0.419449902484817,0.980912729290823,0.959420625142287,0.958875395138923,0.418247831064092,0.419170856259727,0.419204616200516,0.727773980601272,0.74079214760749,0.582946136397427,0.0343676960123324,0.042219827306804,0.0654301354861319,0.0608407504545524,0.173738485194811,0.244257547312479,-1.64265094085803,2.34113675649518,NA
416,0.977516489604734,0.983983321247096,0.405184889845747,0.417540614124721,0.417468700945336,0.421195716189357,0.983625205779419,0.958765543113122,0.958093360956386,0.41760838803246,0.41911158807465,0.419175310931782,0.776462575431196,0.767377023692946,0.610134386366489,0.0317530356278618,0.0418743587588984,0.0653114815781671,0.0561694214284479,0.19136086286093,0.236789244377755,-1.23103811864999,3.53721355577549,9.53280209788919
417,0.96832217182602,0.987204283280467,0.405184889845747,0.417402119438226,0.417667483315427,0.421296078501935,0.985149756491907,0.960030481235637,0.959731662350361,0.417550096483673,0.419065809487344,0.419084016214542,0.790562649756347,0.763489187872558,0.625885942367196,0.0308106245780645,0.0405971533909197,0.0644882300682918,0.0580170937583113,0.169396525780531,0.263543634464838,-1.15394257817481,2.58364889427633,NA
418,0.990139446962106,0.983749612424709,0.405184889845745,0.415977156467761,0.41753456148039,0.421185398925006,0.975567944224387,0.959499453731161,0.958889991625638,0.417988380708793,0.419053352969271,0.419133715648406,0.77429729480264,0.751652632746377,0.61613185798852,0.03176753395138,0.041078601456465,0.0646015512295738,0.0585207130233647,0.153577067562231,0.256364037170962,-1.25600261127043,2.10358323107961,NA
419,0.963760274031373,0.993615651523007,0.405184889845746,0.413088821211329,0.41353242431899,0.41760531005666,0.984724892574905,0.95978394658225,0.959102990359188,0.417173033628639,0.419046690984254,0.41910895623726,0.805048706531105,0.764851467999311,0.581909219269094,0.0300411585867925,0.0413517853925186,0.0652175642469155,0.0499154921799139,0.162570386601456,0.233762680007328,-0.912048465971788,2.91961660663836,NA
420,0.984399704767197,0.987260762006435,0.405184889845746,0.415694912637932,0.415819332605287,0.419603708098298,0.97947449661107,0.95993963308693,0.959506701625892,0.4181651810484,0.419028041340973,0.419087534427609,0.760761357803864,0.757864605295419,0.665544071791273,0.0325743164279026,0.0407788014107028,0.0645483935131705,0.0578519044890813,0.161067954586443,0.267050777404541,-1.0426220331773,2.44813896855234,NA
421,0.979077124400629,0.989374951471425,0.405184889845748,0.419259150877712,0.421027489197234,0.424737813020974,0.981255288584204,0.958974520165333,0.958143155376749,0.417240472279833,0.41906909705126,0.419149061846794,0.795284324458769,0.751839629469152,0.57713759679864,0.0305866332177656,0.0413515341035798,0.0650161484089597,0.0559067000363942,0.145953566423506,0.245780338614047,-1.0505114310924,2.39671700159366,NA
422,0.98728779630569,0.97993008623033,0.405184889845749,0.41476260521783,0.416262723384883,0.419848019702162,0.979531468216678,0.959267605038498,0.958253914835397,0.417057248964361,0.419033547869179,0.419144227455355,0.784311072348754,0.736879326162621,0.561573243543756,0.0311778470807765,0.0416029384199267,0.0646203423945015,0.0540993246244813,0.158966905793673,0.244761187944043,-1.11424198341749,2.4743130182088,NA
423,0.991494157663314,0.977979005059494,0.405184889845746,0.41288144484697,0.413992838016545,0.417458610201901,0.980729195944067,0.959371820654936,0.958668746033453,0.417486729008767,0.41907797684451,0.419154886605517,0.790727951709524,0.719508530837017,0.550276551816692,0.0309501477392677,0.0420885104490485,0.064869385961919,0.0548942401710998,0.154106359312692,0.249704538632322,-1.0857892278826,2.06085942665672,NA
424,0.987578567047282,0.985973127443056,0.405184889845745,0.415938512283455,0.417171589636422,0.420781658538371,0.977488268858273,0.960204373950112,0.959505740710466,0.41767784693164,0.418997333768753,0.419087072869109,0.752490060493519,0.783316193608516,0.624022110027366,0.0330205501861516,0.0407618845745562,0.0645459051571356,0.0583367004325631,0.181635581473417,0.234459293283777,-1.33475055641238,3.04835725080439,8.79586041943688
425,0.980364748985965,0.978668532344341,0.405184889845748,0.409795732745427,0.412237400605943,0.415750867722178,0.97845802046796,0.95870895237867,0.958414179068782,0.417662486374042,0.419084544362021,0.419136628007249,0.761992670202957,0.746744662316805,0.589282097029798,0.033141693862776,0.0421153832493678,0.0648123105581227,0.0549150457711495,0.161657577782387,0.241481506367722,-1.23082409542745,2.46445663132214,NA
426,0.975282511552107,0.987619902066527,0.405184889845746,0.414414095701445,0.415621078311324,0.419168131140342,0.976020699076445,0.959622103204357,0.958677939862463,0.417469278174862,0.419021580460694,0.419124534769599,0.734411469262919,0.78403512186822,0.636698361538126,0.0340418404231614,0.0407441971690413,0.0646753481061673,0.0567905382247411,0.204370068821654,0.25992460957808,-1.24056824037868,2.77806473114382,NA
427,0.92092988624533,0.974464587496173,0.405184889845748,0.415236404119178,0.413435804945123,0.417032077365787,0.978273657765392,0.959405328290173,0.959053022342452,0.417864478624244,0.41910777636013,0.41911849848669,0.672436440426896,0.693384432784959,0.483319027871155,0.0370856749227658,0.0436183112386131,0.0652710690263054,0.0586346764914129,0.152620996358932,0.183460878622875,-1.41885806195377,2.02645675066267,7.91792052099807
428,0.986466486291965,0.994176844982107,0.405184889845745,0.420035402625564,0.420776341261067,0.424407655663559,0.974409316634176,0.95900224956981,0.958869280850927,0.417428492007907,0.419075243947698,0.419123033030002,0.750677660494863,0.765004013862288,0.61119033934662,0.0333761180954703,0.0408350440266921,0.0652368863153862,0.0638623312746959,0.183045687744864,0.268004598373563,-1.50450742246749,2.76189706122203,NA
429,0.989456159661777,0.991337390905177,0.405184889845746,0.418006155566237,0.418246139410474,0.422136886450875,0.975178115053176,0.959327686577884,0.958457126568274,0.418295009817805,0.419108992541924,0.41916794554665,0.71240343408193,0.733402292928978,0.563039242910134,0.0351847404772061,0.041415072622343,0.0656239010771109,0.0684841766201565,0.163531308904146,0.262444533366068,-1.58599919428286,1.91740683562945,NA
430,0.977441561728262,0.98813036581747,0.405184889845745,0.421246560513135,0.422433414690366,0.425717775200871,0.978805968167191,0.959107372509459,0.958722835278992,0.41790813047617,0.419102771889467,0.419134898179722,0.73774764458676,0.744798888440654,0.594175071251554,0.0341225397157664,0.0414762611894836,0.0653459038759176,0.060146239439443,0.165516985073375,0.265489661847883,-1.45808749683722,2.20902113240877,NA
431,0.974907416263221,0.974434849650855,0.405184889845744,0.416816698506722,0.41684070982437,0.4211277826486,0.981801270276634,0.958618978163973,0.958197504396449,0.417416260669528,0.419091036794718,0.419152304068736,0.792297433413065,0.73166481849467,0.594228520533687,0.0306407802387713,0.0423846901016838,0.0650302583189872,0.0544983317653035,0.185295477558224,0.242508672622793,-1.18736409651905,2.55064260696596,NA
432,0.983976872884728,0.983766107784257,0.405184889845748,0.413722330908471,0.414929948510072,0.418938248463227,0.981548545522512,0.959299441290105,0.958943080664724,0.417412428438637,0.419095241632236,0.419141175558568,0.780786811089951,0.724071113577427,0.555114965431678,0.0314339974318651,0.0417287311619829,0.0649268634421726,0.058150384711087,0.121733016232816,0.240255753545939,-1.30425778520602,2.13801478839872,NA
433,0.988091666513325,0.986803172567342,0.405184889845744,0.420046659494444,0.420762546628861,0.424233229027099,0.978727723113103,0.959661362123074,0.959307484711074,0.417500366463554,0.419027918803635,0.41909577069486,0.775014313683901,0.769724346024999,0.59859963247576,0.0319280562518864,0.0412441607260872,0.0646813694858973,0.0549501776484765,0.169279081587024,0.239640930681387,-1.03454075450126,2.72266159717655,NA
434,0.987419212896842,0.982015050623045,0.405184889845747,0.409891135310398,0.41142328509503,0.414871621154129,0.979998508262666,0.959184080570631,0.958409514612347,0.417200886341576,0.419053486545291,0.419140087100947,0.778869084682877,0.733712588829596,0.569742545540207,0.0321378222222804,0.0418006827754359,0.06492311582024,0.0528271815017342,0.152040206744834,0.250582370802689,-0.972804340340325,2.50107020005012,NA
435,0.950296027636222,0.977685710572483,0.405184889845747,0.417860654315043,0.416679102277157,0.420480183286189,0.981489262253702,0.959460399015006,0.959363007684924,0.41806774590626,0.419085575955087,0.419094707078673,0.759059744275664,0.726530856713413,0.543093725515085,0.0327173958684652,0.0428079805329483,0.0647352965296691,0.0612968040430545,0.180159169548588,0.224567982419208,-1.48685897179043,2.63329716960203,9.37054745879678
436,0.991526802886313,0.99107272679797,0.405184889845746,0.417957107598935,0.420384177816578,0.424252161056118,0.977997200934724,0.959264011071721,0.95889451476533,0.4170324836564,0.419031666370585,0.419125214763648,0.78883817859329,0.77767876877853,0.641136970909947,0.0308494432618375,0.0408073452766613,0.0648004273205456,0.0556464976311154,0.170631613356301,0.256252294826159,-0.995081511339568,2.92539098012959,NA
437,0.960977932681132,0.978852232816466,0.405184889845747,0.412435261941839,0.412821495483956,0.416647396831826,0.986320509529475,0.959106672505379,0.959028508271133,0.417360756653638,0.419149288596153,0.419152712821907,0.785657350964438,0.774086962977212,0.651298510423456,0.0313191989053489,0.0422390400146661,0.0649738547564769,0.0595587421091027,0.202649986145849,0.250022057536438,-1.58076303295809,3.3097699134952,NA
438,0.985806892494677,0.985497581672674,0.405184889845746,0.421065300025967,0.420990253785949,0.425019366045434,0.985422670613236,0.959901824783345,0.959611428268039,0.417014196243149,0.419024551831306,0.419084111250499,0.85393681433725,0.727779058664471,0.54828622978241,0.0266164545806451,0.0413493832435354,0.0648858235904659,0.0444774454763729,0.0924443829055633,0.233674312703202,-0.754419810468397,1.79641698990353,NA
439,0.993323607200448,0.987011888109248,0.405184889845749,0.417747959196075,0.41877154105424,0.422345648548922,0.975720051790988,0.959329758373414,0.958838989682758,0.41812789424708,0.419067979670942,0.419123104445527,0.726635026522008,0.785012835537411,0.616498198593207,0.0344461595519198,0.0413040503072197,0.064782696457458,0.06949338832602,0.18988558162974,0.241397339944585,-1.56917300925191,3.05103279661115,7.75431043115472
440,0.964863735854241,0.990128642551867,0.405184889845748,0.415174595344401,0.416160310548357,0.419477984599408,0.985375031306107,0.959689412755708,0.959264752615771,0.417189325962274,0.419049954642892,0.419097565256258,0.80059080763225,0.761272773845349,0.571807320386524,0.0301014057900076,0.0415541776903771,0.0650171077901436,0.0543842331574961,0.191563499284408,0.238491487296681,-1.37948127291018,3.09414053207897,8.99323214133953
441,0.97807224563082,0.989576379265487,0.405184889845747,0.413695704545334,0.414179757936305,0.417817138900409,0.979590389434124,0.958905679878923,0.958605629647035,0.417880335661744,0.419125674659549,0.41914823076685,0.750108806354325,0.754603061137256,0.614270659379206,0.0333238281916483,0.0413035006346446,0.0652724565779608,0.0616371908623707,0.175804057227248,0.265786074730796,-1.24067437422124,2.78832817628766,NA
442,0.963162569588104,0.990509479346583,0.405184889845746,0.414493635234034,0.414476237202513,0.418293727823975,0.986106440709475,0.959573152564678,0.958985517632883,0.417276906248599,0.419072952965298,0.419112066831569,0.82433031106194,0.727431261003153,0.564692033876472,0.0288747184248308,0.0410253819776228,0.0652838361428344,0.053726134794414,0.114024144895674,0.263070424651784,-1.15555967222808,1.74948946725279,NA
443,0.978875546738194,0.986997859503507,0.405184889845745,0.41070008687036,0.412143005608982,0.415901321496883,0.98099559881088,0.959325828692753,0.958837738874313,0.417144141486577,0.419093852032548,0.419147248014964,0.77798072176988,0.744245909271999,0.601093489005568,0.0320442108320234,0.0414700455353519,0.0647603863497511,0.061774651380892,0.145165239810822,0.262804570574177,-1.41798011811525,2.66304764188784,NA
444,0.974774866081788,0.989471112384448,0.405184889845745,0.416841791685739,0.417374940024523,0.421308974278883,0.981219982483846,0.95914797786134,0.958844862601549,0.417563462465267,0.419090424466997,0.419119560592774,0.778387757438603,0.752856589546383,0.617954318768853,0.031533442928384,0.0408638610619921,0.064727447687772,0.0576625347124721,0.168539943352938,0.262560847372377,-1.25454890113308,2.73957490140184,NA
445,0.984300272013592,0.970665644237234,0.405184889845746,0.409589761680128,0.411672647548606,0.415316168698504,0.975005415049264,0.959753181625671,0.959512340332697,0.417678494175476,0.419052460918318,0.419099959883071,0.73621904095736,0.741417100490411,0.605153948450486,0.0346157461255218,0.0423222975779699,0.0645343406533368,0.0563811271350374,0.166017082449979,0.236892159411724,-1.37212741656991,2.39709192849462,NA
446,0.977129820110599,0.981927182583797,0.405184889845748,0.411699322293882,0.413989093992743,0.417603319186683,0.980686670691566,0.957258956509958,0.957422412929225,0.417261158363637,0.419195586353687,0.419250269557458,0.790506464508481,0.703881596690621,0.591354505171282,0.0310961060382708,0.0428082093528579,0.0655322666569084,0.0555143563387088,0.127471531375418,0.262114381170689,-1.09031831266526,2.0623737522183,NA
447,0.973994932689673,0.988085723459874,0.405184889845744,0.414848137376083,0.415676737082142,0.419125758161235,0.974109161304825,0.959026165244259,0.959074896725732,0.417831284306951,0.419078283417793,0.419107330797913,0.70433210475519,0.753989654365114,0.590720686317566,0.0356124939706828,0.041201593601385,0.0646000705133346,0.0679873488231616,0.180291343684989,0.25833736117225,-1.65844864484785,2.90493296905776,NA
448,0.981020994502549,0.979114157699441,0.405184889845747,0.419207448028142,0.420090195790095,0.423641616703102,0.973892809198866,0.95944855454114,0.958779159639493,0.41776202831111,0.419060854212723,0.419141190139343,0.715264788910597,0.736798902757427,0.58934143126896,0.0351188770963057,0.0415723308559706,0.0646789190730314,0.0669133766112392,0.152563710612667,0.25218957023355,-1.49441253263778,2.629791302809,NA
449,0.957976081536639,0.986176765613404,0.405184889845745,0.415045948744192,0.414904003613557,0.418726619674879,0.982010321110324,0.958524651137485,0.958084968830803,0.417827862536985,0.419113289830761,0.419152428550004,0.77725232230944,0.731806487777244,0.541177506831342,0.0316728517001604,0.0423407269742344,0.0658005899333521,0.0589685948995548,0.178126937319234,0.225962393210392,-1.17791791298995,2.61125876126978,NA
450,0.982941998476988,0.973754548401512,0.405184889845747,0.414064217862895,0.414719447929025,0.418085493941895,0.982303620936601,0.959535046956197,0.958570563907143,0.417601785839114,0.419044296848229,0.419131729385547,0.797487607368949,0.736736768203116,0.625158578420601,0.030464534076634,0.042024832716031,0.064638472682404,0.0614381453020286,0.155382084525809,0.264677960812049,-1.2418738678033,2.13361443699689,NA
451,0.981756243134475,0.994089495322067,0.405184889845744,0.416722184490066,0.417741887847337,0.421296427003372,0.979875895789261,0.959599106743912,0.959173797391491,0.417028736628795,0.419076586172354,0.419122191755914,0.741184746807415,0.760840424936228,0.626174591463053,0.0336688915827677,0.0405132576135329,0.0648321227103843,0.0619147279695919,0.161208479458594,0.277280593718427,-1.48893747102224,2.23730078821445,NA
452,0.985564780608355,0.980651884702976,0.405184889845746,0.41823052859313,0.418226931902215,0.421943931097156,0.979499954933169,0.959752522371671,0.959152594436413,0.417812693418435,0.419063789532962,0.419105266243056,0.771471886000768,0.741990925751145,0.572703534981262,0.0320434946636157,0.041336081978039,0.0645669839153232,0.0609369583132745,0.163007694752977,0.239423926501737,-1.44515121647333,2.2331149636496,NA
453,0.926593766055257,0.972535941045286,0.405184889845745,0.414024644154959,0.421195660723087,0.4247728411101,0.98145602588965,0.959069081357514,0.958662353171439,0.415915412563742,0.419090982857051,0.419146204632085,0.723901309656465,0.722088520432958,0.570753663460554,0.0345654829159754,0.042374826424742,0.0648028373772466,0.0754149489418384,0.160855320580999,0.243021657258215,-0.963170709722419,2.63767747479534,NA
454,0.963056799832367,0.992418749847797,0.405184889845745,0.414535681152666,0.414289450979617,0.418166246120478,0.983301075779795,0.960157334211757,0.959723609867198,0.417327790870493,0.419047149359096,0.41909419266729,0.788959500503735,0.755493357258814,0.578720116060693,0.0310631809679655,0.0410023734221298,0.0652897572886887,0.058422555319316,0.158709285705759,0.248002144488436,-1.48696622943557,2.64654596277728,NA
455,0.961727909252132,0.99185397192053,0.405184889845746,0.415261426637259,0.417328392961574,0.420646472166242,0.981869143186487,0.958751184770156,0.957864603776177,0.416977457857703,0.419102050085202,0.419164467161412,0.764377560980348,0.742652805374272,0.550650886579019,0.0323911743764061,0.0418341891856713,0.0653447253806643,0.0597017075135536,0.159927831138026,0.240252901926678,-1.26146753148735,2.34121617598546,NA
456,0.981099592184344,0.992915857019458,0.405184889845748,0.420125186227405,0.422506807226971,0.425937123194792,0.979173849471047,0.959603007651179,0.959092702270453,0.4170197326627,0.419007698336643,0.419107718874693,0.760908877549386,0.768785751716192,0.641921612159308,0.0328013574055998,0.0406162909686005,0.0648829626646632,0.059143003619269,0.172659207533755,0.272723137885334,-1.20071121412587,2.90803959363705,NA
457,0.980102936594643,0.974550558028446,0.405184889845743,0.418069130646356,0.418218390763839,0.422100954425297,0.986708435492977,0.959880172417442,0.959086370971483,0.417029666798912,0.419061635704307,0.419134679936967,0.838197219120064,0.742239052194331,0.596571069142863,0.0276599965052707,0.0419531299891452,0.0646724417007582,0.0465335853725864,0.149906447989576,0.239223273164758,-0.980045341234681,2.04011343304807,NA
458,0.970696827516172,0.979319603490571,0.405184889845746,0.417488491350291,0.419038753028462,0.422615079116243,0.978610868171966,0.960121277755576,0.959607183613993,0.417339449211731,0.419032568823472,0.419093267842723,0.75280956456179,0.739477532562819,0.574236848222499,0.0330958443118909,0.0413007997517724,0.0646687080272339,0.0614190799286155,0.172506051339255,0.237940442089434,-1.48919855604294,2.26606082381107,NA
459,0.980811579341316,0.992347794548201,0.405184889845745,0.419110418343723,0.420627178680891,0.424612987235492,0.974939763358873,0.957253439780748,0.956345725289527,0.417314671534704,0.419241567992642,0.419323900371443,0.732395850457224,0.719293644541439,0.537105701873139,0.0342247496490453,0.0432948966744031,0.0662265439237402,0.065783784501312,0.157085024775529,0.242170884943709,-1.52651573397356,2.47219093640853,NA
460,0.984133810957645,0.983922134136488,0.405184889845746,0.422132340641649,0.422209217571338,0.425882743499275,0.980789990666549,0.958796136652792,0.958051482286189,0.417437980699317,0.419092765825497,0.419155577882888,0.77591631255646,0.769213382331881,0.611031432509413,0.0321216050738494,0.0417850554726414,0.0650936158625174,0.054221416955087,0.160649348958931,0.235649883096482,-1.10354803550507,2.89292352976181,NA
461,0.990339105412547,0.98804645948648,0.405184889845745,0.409751415829353,0.411094878680468,0.414643960634938,0.980492998623113,0.959737431122971,0.9595371948219,0.417379513424048,0.419052467611224,0.419091007420188,0.798848955284338,0.765948910994728,0.595204308038313,0.0309326954666769,0.0413438139898584,0.0647783841209179,0.0528611492117329,0.170481757079971,0.248600402048268,-0.967413179120684,2.83122828461912,NA
462,0.986532822785268,0.964947120228812,0.405184889845746,0.415965751821844,0.418258318144186,0.42163858512785,0.979536239991465,0.960272262756546,0.959672826067889,0.417365994803741,0.419040568236768,0.419095652336979,0.752282694263648,0.739734906162426,0.554604539987311,0.0330246250902304,0.042372798000366,0.0644245809528591,0.0617092427114326,0.186085957811526,0.220933450841237,-1.48945448234202,2.59614647795235,8.65729447859472
463,0.973993794983572,0.991554024413099,0.405184889845748,0.413462540247005,0.413656038039553,0.417662601143665,0.978838920610842,0.959437696814759,0.958959647191953,0.417335540760674,0.419058863917052,0.419112816550069,0.746443484580076,0.746303287053167,0.568047097068967,0.0334451499632695,0.0413054867917098,0.065089189044025,0.0565581247191142,0.144640988922332,0.240103631613476,-1.0869741755077,2.2455374041568,NA
464,0.978386171063562,0.988670600520392,0.405184889845747,0.411564248932054,0.413980497732245,0.417372791928006,0.983280287781381,0.959496401721058,0.95909304731041,0.4173661930991,0.419073753555221,0.419105841551273,0.82889047696896,0.755078433776053,0.603342369464452,0.0287552452871222,0.0407981417074054,0.0645569178050079,0.0543231238725818,0.159214157413869,0.270660282603632,-1.22110368316887,2.54397623254409,NA
465,0.972502148064675,0.975633155070537,0.405184889845745,0.416100470643702,0.417491477897412,0.421502552615807,0.979189990017836,0.958709346735453,0.95853125042736,0.417257481736677,0.419087093488544,0.41914288531369,0.773873830824313,0.736108411206253,0.599193405714816,0.0317391823241963,0.0424058128313984,0.065827141266508,0.0611726922672914,0.172664362526409,0.247599092940311,-1.08028321771407,2.44615561972483,NA
466,0.991825687114059,0.988513092451044,0.405184889845747,0.414756211906435,0.414174426141705,0.418233561719266,0.979198819008034,0.959598184680733,0.959469254830555,0.418118857390773,0.419063509877378,0.419089223379857,0.77725990812088,0.745908031918007,0.609577692968112,0.0317438977247564,0.0407494364532507,0.0644567546286221,0.0598626056647029,0.147743301087532,0.267204637869319,-1.3325431465751,2.23063353271546,NA
467,0.971715366026371,0.975365995208926,0.405184889845746,0.4133766560492,0.415636304673368,0.418847218255561,0.978021603405584,0.959554700408406,0.959456158572686,0.416980433046348,0.419053560848426,0.419094012217983,0.754221988911924,0.716567932082476,0.518918166951126,0.0329732894834481,0.04224089829418,0.064421279984373,0.0568807778061446,0.133924605288838,0.222028853645949,-1.21817953789138,1.88539864054196,NA
468,0.974406914661506,0.993175293087153,0.405184889845748,0.410659580108959,0.411482665718772,0.415531728698168,0.98038424392717,0.959062305051164,0.957960450767542,0.417471376100747,0.419070826327692,0.419166492810945,0.771925320166127,0.74821987662487,0.617496090331666,0.0325220620600866,0.0410301112114202,0.0652143633943364,0.0614599296602356,0.154942239113483,0.272690218912384,-1.71082493149641,2.57426301317802,NA
469,0.97235334754531,0.990574521623778,0.405184889845747,0.416394093362378,0.417335383302994,0.420880955990921,0.984472468522242,0.959178550626957,0.959230483245285,0.417242103229087,0.419090647848013,0.419099582099104,0.801174994094371,0.774333160152161,0.617205662360891,0.0301264589098224,0.0408220775572854,0.0646530018423732,0.0551053280228176,0.172732611729209,0.25589072272427,-1.10505913097515,2.98221520508585,NA
470,0.978818489071812,0.980986376922572,0.405184889845745,0.42105180770763,0.420146341398427,0.42373034550987,0.979814577029673,0.960096679948591,0.959665767974974,0.418030218714838,0.419044277085101,0.41909289049145,0.772685348904447,0.756189761823421,0.63861846688272,0.032136599605121,0.0411466650658335,0.0644111078966802,0.0569640584817133,0.156815110153443,0.264930703818426,NA,2.41027410833926,NA
471,0.985778322597189,0.984820138972768,0.405184889845748,0.419282626879925,0.41881420959976,0.422672573749556,0.98339352081346,0.95964730129689,0.958591065583534,0.417773546134795,0.419072641584723,0.41913367279206,0.800217414982027,0.746422884721597,0.628864901335332,0.0302666086008026,0.041202324162063,0.0646405536711689,0.0530797050960101,0.139535999658241,0.263721214068159,-1.29165913191275,2.34157054778616,NA
472,0.980913860901625,0.992724245906873,0.405184889845745,0.415814174122334,0.416739515765472,0.420609036097506,0.98447940019679,0.958723779281122,0.958461889754769,0.41798676156676,0.419120729405003,0.419150391706991,0.80275556227113,0.787622156744287,0.653600166290872,0.0300246179548351,0.0410707793674785,0.0650093847619002,0.0555614134829157,0.186595521093832,0.258184244372532,-1.05888764133374,2.83055088268967,NA
473,0.986262802666707,0.989743433675615,0.405184889845745,0.412016665897171,0.412710930453683,0.416824421501766,0.980300248990941,0.959641857827504,0.958789153206743,0.417509346250537,0.419042254269291,0.419126669943595,0.772135609753069,0.761417657286395,0.643640844012727,0.0322137340483371,0.0409357010581182,0.064987963956265,0.059262043387948,0.177406122825874,0.265924556273148,-1.20166692286209,2.61526854508293,NA
474,0.974940841941371,0.979928566826481,0.405184889845746,0.411329849190054,0.412399283300338,0.416314428709298,0.97131713469904,0.959761252509831,0.959404035276291,0.418244448395195,0.419128625593268,0.419156667584678,0.684404955338026,0.705139918491032,0.532464852064032,0.0369392203378291,0.042302367140154,0.0648567305954409,0.0694086826991864,0.119701083332859,0.236305829438666,-2.16838423954538,1.45293436021671,NA
475,0.9877401020602,0.990074206853915,0.405184889845745,0.418052267381987,0.419326687660185,0.422798227796383,0.978247039840924,0.959181801106226,0.958930727491037,0.417851764397316,0.419085982645825,0.419167111645236,0.777543528038707,0.776715406379806,0.643763915274536,0.0315660695880023,0.0411423692301823,0.0650468934512695,0.0562644448542394,0.187393190885864,0.260194292151366,-1.10853543421312,2.70143716100014,NA
476,0.97112541228028,0.954801016821805,0.405184889845745,0.418835336982323,0.419297153827554,0.42257825290693,0.980925827428892,0.957388932262311,0.957870487617084,0.417970998293638,0.419188460022065,0.419176675412953,0.767303474708115,0.706664469041748,0.520800346522925,0.032225210294048,0.0442779064965302,0.0649697324201127,0.0635100352392648,0.181242605268785,0.210977851272949,-1.57928551777199,2.77924639774051,7.85631458198015
477,0.970256152056868,0.979686191097982,0.405184889845745,0.413776591029646,0.416391399134289,0.419453941349246,0.978530849183251,0.95932668665451,0.959328031787998,0.417179860936391,0.419050854738658,0.419094774997966,0.759314944870688,0.713685254143242,0.533569048106566,0.032766040451857,0.0418100848747374,0.0645463010782605,0.0609845318120403,0.145072904337124,0.242337713245004,-1.33258766698342,1.65019920677885,NA
478,0.971652840885926,0.972252235762631,0.405184889845748,0.416188147923408,0.416916626334464,0.420366649803864,0.981798645867279,0.959468925196741,0.95927525038979,0.417595255362265,0.419070859282085,0.41909818050252,0.780651253360231,0.729893094019775,0.576337703253218,0.0313730136450493,0.0420564912101509,0.0646123233409,0.0553374781751915,0.129525458512013,0.216784684579697,-1.10133527464731,1.85167608433441,NA
479,0.95835767136348,0.976545380276352,0.405184889845747,0.417847267139243,0.420240726029624,0.424051839392638,0.978679275100088,0.959137131985445,0.959114165823963,0.417309936217763,0.419088670837544,0.419107337047032,0.712219838282399,0.771405016192601,0.608816612729899,0.0351741855111947,0.0420613710871269,0.0646503828958559,0.0680078411553445,0.186039253345296,0.22670303056393,-1.49797091479726,2.54458972804193,8.45593727763909
480,0.978025564307599,0.980958482455288,0.405184889845745,0.417445525184084,0.419289493957966,0.422563472581988,0.976504978055028,0.959168127110153,0.95826385332977,0.41784535056096,0.419083644146653,0.419144307365947,0.732976559895302,0.748995526701112,0.611696078623115,0.0341006122766211,0.0414230434289155,0.0647750162898263,0.0635801311428058,0.165415928168191,0.255739763893531,-1.34849012278317,2.37256555178635,NA
481,0.99087617336487,0.982925456325676,0.405184889845747,0.413448793584144,0.413770021215458,0.417268513653463,0.9822171966348,0.959349733860739,0.95832053207387,0.417567804050333,0.41905909036924,0.419158375380444,0.827728741801249,0.762861552482377,0.605145974852321,0.0283517353544037,0.0414852632829939,0.0648888570481455,0.0463910777480337,0.164509632145971,0.242157172574306,-0.767291925855444,2.44282473121697,NA
482,0.978446427487597,0.988132260957195,0.405184889845746,0.413110549298549,0.412683700683568,0.416810045344037,0.978727695743169,0.959606954503387,0.959006156524725,0.417930685560825,0.419033659720739,0.419110300266782,0.756966614049205,0.75177983360597,0.57778571800906,0.0330509615511476,0.0414049573547252,0.0648420754027995,0.0595353703462987,0.163181333822834,0.235640320864558,-1.13109644474607,2.10747132028734,NA
483,0.970970504054054,0.973017410568945,0.405184889845746,0.412054549686153,0.413577766624398,0.417900663615883,0.974519542127265,0.960115105387541,0.959501013098039,0.417631132908137,0.419030223412733,0.419094205988647,0.701107004611886,0.73647743278884,0.607488364985516,0.0359686970064308,0.0419335350409207,0.0645809825959877,0.0681556537046041,0.171334568469163,0.237436170307414,-1.63968247448852,2.1031138030652,NA
484,0.96647806436848,0.991217349537333,0.405184889845748,0.415829434584067,0.417004879614088,0.42031213608818,0.975118346247048,0.959735783341941,0.959022808049041,0.41829134948697,0.419078812266387,0.419122622232534,0.722714514488143,0.749851101158771,0.597880791719473,0.0346742675223974,0.0407034473593995,0.0652462057182678,0.0614750628825774,0.168368054272537,0.274752059529326,-1.48233277215297,2.38885787262363,NA
485,0.991066663287987,0.987122296846318,0.405184889845746,0.415681103664182,0.416089527035977,0.419805425415781,0.97726087033168,0.958535982452894,0.95841422511625,0.418456560627677,0.419100375689263,0.419141032809903,0.749336580896706,0.725348818317731,0.633227896847756,0.0332917795784163,0.0414954505417344,0.0646867501910947,0.0645952730050089,0.143845692921369,0.280513774711258,-1.46569282651493,2.63014454090844,NA
486,0.970320538487365,0.977007735487919,0.405184889845747,0.416469326164798,0.416944504716975,0.420041565202932,0.981965081751037,0.95768228169084,0.95779828453851,0.417597187745038,0.419174700187597,0.419183300767855,0.760738947914517,0.699381667712298,0.513133168636338,0.0325415356426149,0.0433073868407094,0.0653942020812077,0.0577714990033986,0.142086441359354,0.217757558064916,-1.1981018154144,1.70546020254068,NA
487,0.976082254518861,0.984374814150612,0.405184889845747,0.417661483336201,0.417756279133261,0.421617990990813,0.98542912346047,0.959616843384653,0.959195808121201,0.417300218823379,0.419033778241245,0.419102254367031,0.826683835310436,0.749763626716708,0.586908708955075,0.0283009796274016,0.0412321430687875,0.0647230397141983,0.0500638409776683,0.151964280127608,0.241844310289809,-0.9025312499237,2.96609934277803,NA
488,0.981306020420215,0.986416958258224,0.405184889845746,0.419081308519883,0.41845699391871,0.422263440574941,0.979514754252469,0.959503207135564,0.959231288530549,0.41819619214982,0.419049726477487,0.419102283163448,0.769304905149917,0.760339441879396,0.61463223983672,0.0320819909425974,0.040868212194638,0.0644545827852947,0.05969025043901,0.175592391174401,0.261448517244384,-1.16704883666397,2.53937889053806,NA
489,0.978952468929296,0.968663268985577,0.405184889845746,0.410667900593189,0.411637300240173,0.41522310646472,0.984644825278913,0.959299768798152,0.958950538658702,0.417301362687331,0.419045067748105,0.419117234192265,0.816818477133653,0.725883408703323,0.540233508718467,0.0296230608536755,0.0429680575055266,0.0647091625993904,0.0583018778217733,0.157373481215685,0.209236917932605,-1.05633002041908,2.89869335986635,9.02564009050814
490,0.982679249500964,0.968086775426702,0.405184889845746,0.414993850612631,0.415437567673472,0.419026919257104,0.982743693223098,0.959143608503865,0.958360731646394,0.417767240086488,0.419077613664537,0.419139077335477,0.797157613067619,0.757472989388421,0.598462447614248,0.0303852492426924,0.0423310455880704,0.0646743439252992,0.0546146269383799,0.190741327296798,0.237321819099667,-1.06048471392066,3.07120293822214,8.70063651324324
491,0.977724139898191,0.979495056055541,0.405184889845745,0.415768462150064,0.417802426717992,0.421356075722008,0.980125360578359,0.959314265118975,0.958415520691392,0.417060049239504,0.419047134556053,0.419141967627191,0.792933843141461,0.736932017765722,0.588103415429785,0.0305874778270125,0.0415045108503745,0.0645980873660722,0.0549266758994778,0.154170549947995,0.252811338038344,-0.887481861995688,2.40980707182307,NA
492,0.985596863399174,0.980041506962512,0.405184889845745,0.419488923439781,0.420505556648488,0.423995933952197,0.976922280532339,0.958004545938021,0.9576621883597,0.417682084984149,0.419131776045368,0.41917194706044,0.755587910566515,0.715171771390914,0.553006715807803,0.032974716516436,0.0422153183417764,0.0649567771394102,0.0603144427789465,0.117975306062856,0.249114043987909,-1.31179671073771,1.92444693864013,NA
493,0.982086495633966,0.989673699570211,0.405184889845745,0.420336913898052,0.420194335257004,0.42425369412426,0.98228591138857,0.95948705647288,0.959062853189215,0.417502673124357,0.419056215003046,0.419108344029146,0.803260456443019,0.798113342651607,0.654832434031022,0.0301713881315734,0.0409204599530433,0.0650733088340298,0.0588087283955885,0.196829891160015,0.247675198811164,-1.20337726955434,3.20275880553915,NA
494,0.981276680462489,0.98481967088578,0.405184889845748,0.419215724807748,0.420569664243097,0.424157247671469,0.978621959600296,0.959622321754623,0.959325736694863,0.417433622134298,0.419041315934716,0.419101288023732,0.762183157097614,0.77569553265762,0.692186378348707,0.0325732242637591,0.0411306435281995,0.0646453135966618,0.0594018721261018,0.186321224077047,0.25930814560881,-1.17814767994698,2.97242294579899,NA
495,0.979310526050569,0.977350846068641,0.405184889845748,0.412543138708948,0.413890470026037,0.41737867101528,0.977440359092856,0.959886086900024,0.959137102573189,0.417731508763843,0.419043912736185,0.419114929682922,0.715278263781475,0.743508846736302,0.568350949732286,0.0352233371668058,0.0418977728526184,0.0648017277422364,0.0648733728865885,0.170441363746149,0.224535784806354,-1.59485327195057,2.40442419701125,NA
496,0.975722351724985,0.99061714863032,0.40518488984575,0.417372216684285,0.418087947964516,0.421718935276936,0.98348261949786,0.959348699596483,0.959269674137875,0.417429233682707,0.419083586000132,0.419107037285851,0.814491699866327,0.746120015420933,0.577754818084806,0.029257018624139,0.0412424769376904,0.0651000680395407,0.0527712787430146,0.162620198602741,0.251996804935404,-1.18245944675437,2.32948338804109,NA
497,0.956425138077356,0.974101077621243,0.405184889845745,0.420505149913942,0.423073311290516,0.426379424110858,0.984741233131751,0.959224044983321,0.958958507381736,0.416519173213564,0.419050504192818,0.419112145353644,0.780314605389249,0.756761504861138,0.596047268689471,0.0317746998517733,0.042292643505607,0.0648072852793439,0.0577517940102529,0.18180877696952,0.24179159602328,-1.30450119311654,2.94166562904453,NA
498,0.976054244029137,0.986431123280244,0.405184889845746,0.415252742353264,0.415756757594142,0.419306938767455,0.980753267973496,0.958881860200022,0.958241243377734,0.418091604495254,0.419086012720444,0.41914486113974,0.781457388097717,0.772825973901418,0.634942524818945,0.0314281380396931,0.0411190369186377,0.0647302521549747,0.0573776932514995,0.167613516420189,0.257841695776122,-1.04079397662515,2.2642147281817,NA
499,0.977976517699136,0.991178897949747,0.405184889845747,0.420906442407992,0.419882192804929,0.423637579168493,0.984883188050674,0.959636505534331,0.959579797719843,0.41794348573109,0.419046105481847,0.419088411640953,0.816362185653946,0.773661276729135,0.632042749923193,0.0294229540697014,0.0405284975310979,0.0648377309423037,0.0550332866450108,0.165283680072256,0.258107615663834,-1.02879225717295,2.85827869661008,NA
500,0.987156197578947,0.990874328303627,0.405184889845747,0.40870035393338,0.410647820664189,0.41431443816461,0.977218277626477,0.959805007110069,0.958927196216163,0.41736448132526,0.419036332162381,0.419132785735983,0.768387402247078,0.763889232009862,0.616747184354664,0.0330193355604927,0.0411020376466288,0.0649846004558003,0.0549800226720389,0.145294523269514,0.26056438733082,NA,2.36591505001075,NA
501,0.981881704734026,0.990670194139978,0.405184889845746,0.425695283655756,0.42562339035558,0.429439199820104,0.981179746287506,0.958136375062108,0.958204727860017,0.418249792095479,0.419133621348554,0.419155049435197,0.786818450949553,0.751130674925158,0.573334358441482,0.0320270440890134,0.042921282903139,0.0665190934782605,0.0528005251722793,0.171897317794156,0.238345157244838,-1.07106646027505,2.88954263673372,NA
502,0.982431502845483,0.987002404327573,0.405184889845745,0.413496956750439,0.413578236922901,0.417298888140903,0.977155903133716,0.95989208183947,0.959795729610511,0.417932927906378,0.419023577797773,0.419076590091591,0.748793871438054,0.769315205757314,0.603659884958104,0.0335244022536666,0.0411644372313364,0.064540651747332,0.0676197512104777,0.152175638153985,0.237261248220773,-1.55562101773968,2.39678591170593,NA
503,0.976847152785648,0.980529932720557,0.405184889845748,0.415870681197562,0.416839502385369,0.420161758419485,0.98644235884267,0.958178326531377,0.957956983688934,0.417080761832621,0.419108406586019,0.41916636482729,0.831702967732065,0.728393633730131,0.544342294309714,0.0279089378358284,0.0423089877575736,0.0650200444655921,0.0464937033036608,0.160085336706876,0.228182789584088,-0.79509162798953,2.72894513725511,NA
504,0.990650177063327,0.991856012760309,0.405184889845744,0.41722371343447,0.418684084717946,0.422127325093856,0.981067076318027,0.960221108325407,0.959657330525384,0.417173155399682,0.419016371983901,0.419080599961996,0.794457413846303,0.783161604112153,0.646206998954445,0.0306429062550317,0.0401078209600918,0.0644648478627077,0.0623554874531323,0.180423842911373,0.269049694713652,-1.28196752296796,2.84241082921612,NA
505,0.98998408838732,0.984924137566342,0.405184889845748,0.417409341588892,0.417265846375544,0.421111875185608,0.976196319126587,0.9585530602669,0.958660374499505,0.418751172724511,0.419165875372092,0.419197081827649,0.738399913396403,0.740694197550611,0.604909836503172,0.0338142380449051,0.0419530374688191,0.0650477449984668,0.0663067334999975,0.18480898974893,0.260150244277677,-1.71890134216684,2.58181485920049,NA
506,0.980169181330708,0.986109193579989,0.405184889845743,0.418033336452733,0.419384251541852,0.422869708378957,0.981656500412836,0.959831119428018,0.959608603210696,0.417188928968565,0.419049184573021,0.41908523362268,0.766428594730878,0.758836885081857,0.596033284037814,0.0323403218225847,0.0410215795793296,0.0648824075425229,0.0607841603347625,0.185972569991443,0.252656100872629,-1.77822134205249,2.86509542533258,NA
507,0.963847255545936,0.98019473890171,0.405184889845746,0.422238374604215,0.425662471893734,0.429108046676342,0.983449184024733,0.959954251007478,0.959595704786222,0.416980146182263,0.419030635882229,0.419082388432178,0.788358861799728,0.763165540237443,0.586257782645471,0.0313300707443792,0.0424837876379634,0.0652912088697725,0.050756054243199,0.194423233604155,0.220150898098264,-1.02822094321732,2.67925396957829,8.62765735558383
508,0.964567875799217,0.983504246337473,0.405184889845746,0.417984441230405,0.41828101487815,0.422190500756173,0.978583678645134,0.957892818862722,0.957906881662503,0.417775700976934,0.419159302793943,0.419176681115557,0.705914478593245,0.703933021778495,0.564168239287331,0.0355008733177362,0.0422320702014681,0.0660126448314499,0.0644554965706152,0.14086670680605,0.253979492897203,-1.841714324305,1.83711049115604,NA
509,0.988291149825434,0.979409172379757,0.405184889845748,0.415106682050274,0.414847306816418,0.418579415141502,0.980255009255735,0.957531811099639,0.958026604828361,0.417637673206692,0.419186402624445,0.419207067657685,0.79784625178734,0.733842375639589,0.597051605734399,0.0303780648064405,0.0426040926364186,0.0650871031306056,0.0547361852808261,0.160334378886893,0.25609169520596,-1.21570095385332,2.70402088515612,NA
510,0.972874707191448,0.991361031495515,0.405184889845747,0.41706539696966,0.4174730271963,0.421270240398363,0.982910944804415,0.960135226262662,0.959985856668984,0.417470196311952,0.419023555605238,0.419064833053404,0.802668725379196,0.748632129613419,0.59629184410294,0.0299761783371751,0.0402247208066764,0.0645017022133423,0.0549276819562515,0.11551732098222,0.26671780145032,-1.08117622205042,2.06408815223312,NA
511,0.993160909740807,0.989491044472299,0.405184889845745,0.413673575293703,0.414847806983411,0.418594256774685,0.975019642580924,0.959002111565621,0.959020299134595,0.418113456820993,0.419070058039634,0.419109398731157,0.743111064726363,0.742500156432438,0.599759510487082,0.0336897954997258,0.0408976636151531,0.0645702778317054,0.0575045488768751,0.129048370104661,0.266465507611921,-1.16704540707966,2.23163967858431,NA
512,0.951328585081435,0.986656532120183,0.405184889845745,0.412776125495515,0.415045621334091,0.418976750462989,0.987050264420098,0.959673248930067,0.959453869890998,0.416832764704157,0.419049635106803,0.419097449953119,0.8056062174155,0.775426565531626,0.609276833634971,0.0299459934159658,0.0412534187875136,0.0645756649303945,0.0559122994890478,0.190873540795661,0.237733794032276,-0.787111766247325,2.95458465341512,10.0706504536182
513,0.978664513634561,0.982142315938366,0.405184889845745,0.41186861554069,0.412950337017959,0.416661774649207,0.977290667391236,0.959602015262307,0.958910250214089,0.417796000149713,0.419065035309441,0.419159888490176,0.757661192265737,0.750103112386109,0.595731276814282,0.0331663294621004,0.0417097983124153,0.0647810056430695,0.0603911376601984,0.188372993165834,0.255483612097758,-1.28002823369942,3.03086556385915,NA
514,0.987289566862711,0.988347837150624,0.405184889845746,0.41082183339378,0.412508357761233,0.415947835223974,0.976554568653996,0.960432202651785,0.95987663484017,0.417178546214623,0.418985835827623,0.419069446333414,0.732906185082215,0.791684753956333,0.613928729842787,0.03450935293594,0.0412173018997809,0.0647478549808199,0.0614644555207676,0.177646125407072,0.227247138949623,-1.51794951831419,2.82119082933436,8.19651445603848
515,0.963333275245783,0.990504136339127,0.405184889845748,0.416380806154612,0.416841421745699,0.420712830959208,0.980149455176295,0.959488984251662,0.959284976604246,0.41741554593747,0.419058187466161,0.419096884017054,0.751419526444895,0.759038288657821,0.597684247598,0.0331453194829434,0.0409707922523143,0.0658192051018621,0.0632654311867264,0.179246815369429,0.261289648282608,-1.21775571634112,2.71014053183105,NA
516,0.973343378776091,0.987854842925369,0.405184889845744,0.418132980840516,0.419133995072814,0.422476475335824,0.976445309794445,0.957595357894197,0.956552432976084,0.41786715621046,0.419131364355074,0.419226558488792,0.731752779031461,0.716216499563031,0.52576934945895,0.0341346853215101,0.0423595571601793,0.0653535171522381,0.0602568096834315,0.151970927998573,0.242805226793596,-1.38637446598904,2.44460352593151,NA
517,0.983055921615811,0.983547129081381,0.405184889845745,0.419629114780122,0.419824904219006,0.423282934727466,0.982274521994512,0.959424837588924,0.959411964335816,0.417909823153446,0.419099958857117,0.419091431577855,0.809596866961751,0.716633805851862,0.571484294885592,0.0296990826308336,0.0410345385338968,0.0645915982587093,0.0559139964670738,0.105868273855953,0.269257575458473,-1.11964976888549,1.8300568422747,NA
518,0.97587514903834,0.96627574339276,0.405184889845747,0.417639972587034,0.418061544578347,0.421595839800606,0.981098320736355,0.958077604739971,0.957834143169972,0.417668359196483,0.419154575289339,0.419164743518206,0.778279632083149,0.696374104817021,0.564104986958881,0.0315532401145609,0.0430464281651527,0.0648774808162544,0.0593852675265527,0.156358969035579,0.24185867881289,-1.15762507087754,2.13878770276117,NA
519,0.984445873999061,0.986224294142297,0.405184889845745,0.416984636671967,0.41695253334925,0.420903394119135,0.980976411395351,0.959906701967366,0.959287873301135,0.417995637109031,0.419037687692981,0.419096542935912,0.795053813248913,0.766316933028156,0.597203634865503,0.0305477131074783,0.0409634814086352,0.0644254376643088,0.0513833819978534,0.173907122138174,0.242966706802092,-1.13240928373981,2.94689629298716,NA
520,0.985791765609551,0.984561005770529,0.405184889845746,0.415870559288038,0.416783903124651,0.42053111554503,0.982037331045207,0.959243812985241,0.959088474230355,0.417847074892734,0.419084593219971,0.419106563680297,0.809087439265698,0.742659359353214,0.587870791522582,0.0295654144653025,0.041095816539435,0.0645045301037303,0.0505376374640379,0.138299608240239,0.253435771573211,-1.0428517838796,2.54439903273696,NA
521,0.958777711325873,0.980775166824475,0.405184889845746,0.409661002743218,0.412262623531635,0.415861681826786,0.980368874096474,0.959230569937955,0.958453545727384,0.417146136819663,0.419079339051847,0.419134863011172,0.775363809544804,0.745586001989795,0.584834405322345,0.0323477855667727,0.0417145894589615,0.0647332050208018,0.0562067612740034,0.156207643838378,0.251262142747952,-1.04809321978038,2.69095177251632,NA
522,0.894239816281219,0.98760693058723,0.405184889845745,0.427705442400839,0.42493606356219,0.428260195004426,0.983343220967979,0.959421832948435,0.959210177509384,0.41804898706189,0.419047895100354,0.419102054768121,0.675372978886013,0.740419473378692,0.540465006272587,0.038240453412966,0.0430722117667703,0.0659568772278622,0.0581847507980755,0.190037924142666,0.218800624979156,-1.43753155679017,2.61380004306372,9.01658706097201
523,0.985118904766162,0.977574054999453,0.405184889845745,0.411263354976593,0.41185235930309,0.415624529833442,0.981427274116523,0.957574229958006,0.9566458192988,0.417227015086225,0.419114283026659,0.419220867324067,0.804950735024799,0.719066232164759,0.551917070630428,0.0302477632316069,0.0427820118075874,0.0652795877750994,0.0500029645115337,0.154077244709244,0.240353209541193,-0.999572301924355,2.22594425928661,NA
524,0.981091153917291,0.985454033740906,0.405184889845749,0.414352716699145,0.414849885173014,0.418702582325767,0.979071142183963,0.96043894383659,0.959865468929549,0.417273431429259,0.419011491680516,0.419070196752142,0.758506506205071,0.769776715357892,0.600234369628552,0.0327616067651644,0.0407933563715334,0.0645585873454279,0.0604766439835612,0.175817723249393,0.238565995066476,-1.67638913979005,2.75754112992234,NA
525,0.983118179879129,0.981396951451193,0.405184889845747,0.41599366786917,0.416693138015286,0.420209528509599,0.976899540916259,0.959686477303642,0.959415640742281,0.417917747237555,0.419049722999774,0.41909432325504,0.74012419881977,0.750371874940934,0.580208632009561,0.0337544538145343,0.0414198931466722,0.0645710324273712,0.0636536764132707,0.177666103352431,0.236809497601291,-1.42290979903579,2.41304897459927,NA
526,0.987730565234724,0.965725373391072,0.405184889845746,0.409296554141985,0.410701683598328,0.413907915951526,0.979701161265632,0.958856025403132,0.958174513263729,0.417489213570255,0.419069438868181,0.419148071854578,0.766472092770233,0.745506240804801,0.557618582002341,0.0330442557747596,0.0436040665285014,0.0650400903274082,0.0566636511882661,0.174285464646363,0.195889999599847,-1.10937818477466,2.60013206093824,7.1004643302692
527,0.981919529148024,0.984026582086308,0.405184889845745,0.414047429564045,0.41619741942882,0.419802941414606,0.97646815534617,0.959786996063438,0.95959106808791,0.417876362714228,0.419079435678178,0.419110516503069,0.764519081173025,0.740319444178145,0.584514685626063,0.0324385544038907,0.0412777168057097,0.0646392006395458,0.0596745970576637,0.162290199566689,0.257409774505624,-1.07801845918193,2.00654228442101,NA
528,0.986223098196756,0.987866158524008,0.405184889845747,0.419184879566912,0.421609362273021,0.424812259830318,0.976081569380621,0.959513263878018,0.959155072038059,0.417063157205721,0.419061520779406,0.419106170712887,0.749267197811021,0.765940685425096,0.646492476287222,0.0333292245585634,0.0409490271571266,0.0646099615813068,0.0615873498993699,0.169183406810639,0.270462033401946,-1.23940707786394,2.79774954595832,NA
529,0.978196674333235,0.984095091468897,0.405184889845748,0.423609575113023,0.423502956845812,0.427117351546552,0.976771131963347,0.957117246686149,0.956841461544175,0.417960571021207,0.419226221540291,0.419240137913375,0.715292051975211,0.700589885195849,0.534156639455625,0.0356318662595692,0.043121377642882,0.0658140829681555,0.0658791247435032,0.162517824136147,0.257371665627828,-1.69113751470925,2.01811984464209,NA
530,0.97777537175914,0.990008950751337,0.405184889845748,0.413200101997581,0.413146172482993,0.416918934707322,0.984589517102293,0.959607232326656,0.959276845957418,0.417564901184347,0.419056351105424,0.419113072852636,0.779480883102767,0.780686786995998,0.644526094256275,0.0316841109737549,0.0409496231021532,0.0646869673937408,0.0611517412116659,0.174243481319995,0.257294874016679,-1.35451068937915,2.721751164252,NA
531,0.993852442713679,0.979326863397964,0.405184889845746,0.416547915587882,0.41721087245982,0.420902694049122,0.982141352472149,0.959732828970353,0.958980006221006,0.417394735876285,0.419079211640659,0.41911250094937,0.822495005727638,0.735374892474874,0.604811304044825,0.0289599510491648,0.0413391198246599,0.064478457370383,0.0495560279072607,0.164823179857334,0.267114515619234,-1.22883018567885,2.18717518452382,NA
532,0.96599915737739,0.972239579517053,0.405184889845748,0.41709482429669,0.418096203297308,0.421251274041159,0.98217105894372,0.959186557294778,0.958535563674234,0.417440239511366,0.419067799153878,0.419131155825927,0.791325658363626,0.746633929506825,0.58742429942144,0.0306702929824109,0.0420892532661358,0.0646706524633933,0.0577546728831003,0.162251873178585,0.229388484198128,-1.24393940699866,2.61585131570417,NA
533,0.977620613222227,0.986340193390712,0.405184889845746,0.417652235446248,0.417973540816768,0.421199234018436,0.976495915770848,0.959029642867202,0.957845317834364,0.418239615897188,0.419077605101898,0.419186884716471,0.742648734849884,0.755758342262281,0.612965358620458,0.0335851632170739,0.0411997626442288,0.0649988336795858,0.0598711666103368,0.172204936561595,0.267510143783627,-1.4974507159096,2.26363521884456,NA
534,0.962464996944925,0.97444290818746,0.405184889845746,0.420922009338961,0.421663546619617,0.425632330761528,0.981363729545993,0.959208087924728,0.959209156113412,0.417526539943663,0.419060215790607,0.419101977838853,0.760443068692661,0.775566152745273,0.616782037755666,0.0328085004758544,0.0423638972047072,0.0647070952878178,0.0573302021552332,0.192732592722416,0.218891036098305,-1.34966028010351,3.30306672454915,7.87648668873669
535,0.982859460472981,0.98348769731688,0.405184889845743,0.41355785899349,0.415375159618927,0.418738663518368,0.980487724873888,0.958879800639209,0.958221386025887,0.417108745264748,0.419106981608455,0.419155674216263,0.784025250722136,0.74431725591475,0.583044888374338,0.031219663381278,0.0415076187888119,0.064786932414148,0.0548724739986145,0.1609937260061,0.251251275079507,-1.30781107213703,2.54221114336691,NA
536,0.987783579750278,0.985671815368172,0.405184889845745,0.413021944499607,0.413355556591247,0.417228441969122,0.975455863088707,0.959660595494882,0.959200174342293,0.417847401246672,0.419079811766917,0.419127853640264,0.747043233863482,0.736518675580965,0.603523951398606,0.0336180112302863,0.0412180742022687,0.064571986742904,0.0628344624005326,0.153433206214469,0.271260678609707,-1.32806512427313,2.60291904386986,NA
537,0.974740040949338,0.990716457170341,0.405184889845745,0.413404521306915,0.413492177534141,0.417527954499511,0.982360197998014,0.959482667650707,0.959132193390682,0.418065271643552,0.419082212955807,0.419131927007302,0.803295896795824,0.776870227603946,0.616125502220625,0.0301869891982189,0.0412030681860668,0.0647680643209474,0.0518271228159188,0.171981780357603,0.242552839734638,-0.968580007989896,3.21313141310396,NA
538,0.972458540276235,0.986197004286892,0.405184889845746,0.422171970965417,0.423462242779642,0.426633477688081,0.975719649971743,0.95663760804702,0.955957615626327,0.417543938433837,0.41918529567276,0.419258845684675,0.741529972623603,0.754984720638009,0.621042758030374,0.0340880019502289,0.0425896800328831,0.0656828160300615,0.0588909295680047,0.190466437923096,0.269985459351853,-1.23002040226002,3.06182837051143,NA
539,0.982566912270292,0.98406766456167,0.405184889845748,0.414578849355541,0.414589904840021,0.418322951072243,0.981195533346892,0.959626834409568,0.959556845639777,0.417941495627786,0.419078535777338,0.419090285605811,0.775196030969348,0.762087958870853,0.619638520442044,0.0318453092125108,0.0411798007707318,0.0645070016217191,0.0608473982527585,0.15912458113617,0.25284702032167,-1.42760967003294,2.70814095864142,NA
540,0.986304226524841,0.977162506322635,0.405184889845749,0.415434615637848,0.415308564776868,0.419159342588219,0.978929883039104,0.959600938835047,0.958711244291082,0.417725417987487,0.419037553903974,0.419123398782552,0.79398137842401,0.710999982346365,0.518072460581469,0.0306357725148801,0.0419561381639925,0.0645482730762756,0.0570125286273243,0.12242350404072,0.224214997694854,-1.144639218647,1.69182294894668,NA
541,0.982579476504361,0.97539581922388,0.405184889845744,0.417288723471029,0.417347417841321,0.420935970152046,0.982321149721255,0.958364642888547,0.958592351838914,0.417692170116656,0.4191554643815,0.419140977721268,0.78299149056546,0.725220252043979,0.624804481952165,0.0312052130057703,0.0423116285709348,0.0647594953713097,0.0605692685272587,0.149578858331166,0.258623678459513,-1.08325565176973,1.89271844312319,NA
542,0.982590680731284,0.98762526914635,0.405184889845746,0.41924237194156,0.419697456045845,0.423509032195089,0.982716555026236,0.959777924268466,0.95902960210651,0.416924551033037,0.419029331547414,0.419108467784325,0.796452322057884,0.757505915867687,0.609922882696933,0.0305147871158741,0.0407650045491402,0.0645954729987582,0.0548663997151889,0.165090155014346,0.261823742458147,-0.971875308756885,2.65162123305305,NA
543,0.980432331953354,0.975955181228389,0.405184889845746,0.415273578213726,0.415467943617262,0.418722561527943,0.981189423376472,0.959168115565102,0.95835750998568,0.417963660164411,0.419050433344694,0.41914094516366,0.784187599783605,0.73001700986028,0.584744585991186,0.0314615752977429,0.0417618638288019,0.0646945485626739,0.05898673898152,0.146666914559881,0.257546164589728,-1.39659845036685,2.1871555222522,NA
544,0.971728519414813,0.988026610455308,0.405184889845745,0.41287563280914,0.412395435354661,0.415934641804968,0.981661214947195,0.959726725314484,0.959286018943541,0.41807244343938,0.419033141002805,0.419106480324474,0.778118116629143,0.762892551122666,0.597539109443803,0.0318740965640491,0.0411000754883009,0.0647565809803251,0.0639464753546568,0.184167409262111,0.257490772170574,-1.30719088643028,2.80902230522609,NA
545,0.983945637339167,0.991142190819491,0.405184889845746,0.413916067579998,0.414960208425732,0.418680778208476,0.981119568893395,0.959623422285083,0.959093505699051,0.417489724864574,0.419031685284467,0.419107114885482,0.781319545535258,0.785922618230229,0.641085052996537,0.0314044789334218,0.0405797005775945,0.0646227247033732,0.0621206354022783,0.182200470946459,0.257463200146948,-1.35443146635938,3.22468113663692,NA
546,0.978520396977375,0.977153354107386,0.405184889845746,0.417834922743746,0.418092080101809,0.421366724035997,0.97381258466292,0.95920306012323,0.959019058493519,0.418770189914739,0.419091201267742,0.419109927133429,0.705324538670592,0.762101679916574,0.614271439572256,0.0355020286425069,0.0415770359427344,0.064502128214484,0.0699923263025218,0.176798680052753,0.252074281133456,-1.64436893281923,2.40351443091889,NA
547,0.978647555438419,0.977787826841746,0.405184889845749,0.418362031714897,0.419675458242996,0.423433918435255,0.983040699629654,0.958866072116717,0.958572343935086,0.417324575905673,0.41909883492561,0.419144766556221,0.810970700473182,0.715957387395153,0.564822315650131,0.0294289797614667,0.0419687543572603,0.0647641091509899,0.0513030024186919,0.168269310417752,0.255072564919769,-0.917092555992099,2.2021499530945,NA
548,0.972591680670502,0.990707904097368,0.405184889845748,0.415467611748069,0.416764530365201,0.420440495505401,0.978691942539069,0.959988031304385,0.959797104349957,0.417495015662765,0.419036219922984,0.419073871787803,0.730572134392911,0.746155860659101,0.610018568112986,0.0342179384386996,0.0404331274320859,0.0652313743130396,0.0625966419184562,0.143137619241129,0.27580558693418,-1.40231405785043,2.07835000805083,NA
549,0.987449426960941,0.987857719636577,0.405184889845746,0.417826192581381,0.418002734426336,0.42171077636349,0.983239186339055,0.957604425215968,0.957773515387248,0.417476861461204,0.419165138008591,0.419167920897689,0.830033654294494,0.738589887315937,0.578275816671936,0.0282832734570884,0.0418249674972624,0.0649999468128825,0.0577587196645596,0.152222762411716,0.253260488612926,-0.888316618410321,2.2408652060318,NA
550,0.990105339794387,0.990852691455787,0.405184889845748,0.416883188907255,0.4181895536601,0.421545159433873,0.97675317719084,0.95954541678249,0.959456871922924,0.417489559408439,0.419052014096858,0.419089190170018,0.759075856867353,0.76492024918415,0.592591209248178,0.0327979687911448,0.0408077405940998,0.0645712396930464,0.062412693888336,0.146692932313289,0.249428797246019,-1.62163196792885,2.29930712021826,NA
551,0.980393493528439,0.985532034929548,0.405184889845746,0.423694501182986,0.42354220841923,0.427261893298038,0.982067839404899,0.959252020690795,0.958576842539107,0.418120250358848,0.419113560838749,0.419155587480227,0.768911635901577,0.743275498388072,0.559634004247934,0.0327532937217952,0.0424750029859589,0.0653671429030555,0.0635506693196704,0.188473193547083,0.239488852763383,-1.28186700074863,2.95672541345335,NA
552,0.976928072556187,0.98791384277894,0.405184889845749,0.417293786060038,0.416319930509101,0.420250407188427,0.98257472825318,0.95857433246415,0.958969193453456,0.418251117911962,0.419135388283647,0.419114272791331,0.807491924215113,0.719023104443125,0.541613006220646,0.0297029109720322,0.0418114830687939,0.0650513343391044,0.0519840014521977,0.165605562338669,0.24375507323803,-1.17656636593287,2.43494197014936,NA
553,0.976848727648967,0.977670532636333,0.405184889845746,0.418679639661281,0.419794679767082,0.423482276293635,0.98158789330278,0.958953921144992,0.958283399156462,0.41746875331336,0.419071688843235,0.419143671126844,0.789914123087663,0.752215857324198,0.578385384558532,0.0309315117315418,0.0420136428028795,0.0647768685759357,0.0559574460339376,0.158833361807749,0.223479936266192,-1.34911069668805,2.50026636455495,NA
554,0.972488510049314,0.985167277136067,0.405184889845742,0.41936770411085,0.419735812885544,0.423279610403795,0.982207657488911,0.959262984475817,0.95877450254336,0.418042523629506,0.419090390005083,0.419133482067686,0.758457414892553,0.754555820760456,0.572661624595898,0.0327043544222636,0.0420656378576616,0.0652209218674455,0.0587457149102377,0.1923795930449,0.224980357696209,-1.17059118434471,3.20583186710557,8.58065478270257
555,0.971096047061386,0.990666363805871,0.405184889845748,0.413885685108653,0.413148209201223,0.417202400982728,0.978917087638312,0.959299743627653,0.958504124779421,0.41803960330155,0.419056038648552,0.419145698197775,0.757810585407912,0.752403300873571,0.598951992832278,0.0329247345105687,0.0412530525941769,0.0656201578040869,0.0631982370463422,0.173742539072554,0.263512678748877,-1.32941748708302,2.23047234118356,NA
556,0.973886351345698,0.986836137357834,0.405184889845745,0.412638947037082,0.41171039763502,0.415721180178549,0.980406817999959,0.958912928035072,0.958776700104894,0.418350854834604,0.419105770071799,0.419138669879243,0.757625499658307,0.74908217050162,0.593120580224994,0.0330794433558416,0.0420280920801555,0.0654303806972595,0.058436544875458,0.155435783123033,0.247030767782546,-1.2925777157165,2.27503999085676,NA
557,0.978865267454905,0.990762356727473,0.40518488984575,0.412003750638339,0.412067708299976,0.41592846684807,0.981373059218877,0.957789625727051,0.957481113107407,0.417761699861157,0.419137798849073,0.419187055926353,0.800926629063577,0.747799442206659,0.599153359094837,0.0304532676642047,0.0417450501965495,0.0654724319690615,0.0556020253497751,0.154626186657478,0.259311875553313,-0.908089925126941,2.78437655760207,NA
558,0.963173795511973,0.968085060173738,0.405184889845746,0.418255943027864,0.418087602823299,0.421778187114812,0.982833652936822,0.958795888616099,0.95850004675504,0.417486805682888,0.419103815856628,0.419135509492658,0.778742405991577,0.7289778737292,0.579649132708417,0.0316883451089249,0.0425999985103192,0.0648393061055384,0.0649750866504089,0.149453376518334,0.243695778510316,-1.57632290875842,2.55507654552744,NA
559,0.98460115522704,0.987751776656433,0.405184889845744,0.416114890927735,0.418280247270266,0.421483681714959,0.981658870036195,0.959376294177977,0.959084664304508,0.41718464023243,0.419066928780313,0.419113919624629,0.798612088385364,0.749379979601011,0.567215692162583,0.0304069175851379,0.0413782779642884,0.064851906339216,0.0527061690709864,0.143863298758984,0.236649441018869,-0.915944746573647,1.83164676862122,NA
560,0.976507444606036,0.987987577703404,0.405184889845749,0.413448418452003,0.416384329763751,0.419998982628106,0.978050816187344,0.958720803517459,0.958622909045754,0.417422674140012,0.419094793251024,0.41914295480173,0.768725744717106,0.777222425467975,0.62479520792291,0.0322123036790872,0.0413344939934951,0.0646843888406819,0.0639190426906909,0.188653643702773,0.251158207888262,-1.25795832813331,3.00252920261268,9.06144068055952
561,0.990710217318026,0.984837851642153,0.405184889845748,0.418906205913136,0.419648883652227,0.423434382738146,0.982073554523093,0.959282477613344,0.958321717789407,0.417543491596661,0.419089851217008,0.419158680586452,0.800667304696757,0.751234722639174,0.599828994835087,0.0301553376151073,0.0414632362324357,0.0650620780473773,0.0529175619132393,0.165623966794635,0.248543471367252,-1.00501956598107,2.85687315466942,NA
562,0.985482332639034,0.986797118376301,0.405184889845747,0.417770732413813,0.41759342042721,0.421381758815377,0.977057138923688,0.959702847381143,0.958923829364361,0.418196690087995,0.419184454500368,0.419196687191105,0.686912547769086,0.74174509114071,0.594627792568058,0.0364193979498011,0.041736701307948,0.0651712538600896,0.0706404439367948,0.152447958895276,0.257204920696212,-1.83511954277124,2.15236513996963,NA
563,0.98595624700207,0.988891533437058,0.405184889845746,0.41339018120386,0.413698100232649,0.41771331148629,0.977955603451271,0.958720532831372,0.957718312199993,0.4179427325254,0.419093139455587,0.419187470104461,0.7608965017145,0.723497875946959,0.562445633951088,0.0327239386609216,0.0414712287439969,0.0651467703854353,0.0597781400175891,0.139935523672455,0.258370062313965,-1.61296066773093,2.22364491351857,NA
564,0.977978839356651,0.979868566326327,0.405184889845746,0.412590019446985,0.413650269944136,0.417667913313843,0.976016638786912,0.957538295860376,0.957360497292928,0.417547800669793,0.419152175818812,0.419186020262086,0.738176171387035,0.734305175985927,0.576277656697802,0.034003596847894,0.0425473857131125,0.0651880001082132,0.0566565924628225,0.195734273589844,0.237457655087212,-0.93237434473014,2.64737018769489,10.8136984249151
565,0.97829580007471,0.994429079620409,0.405184889845747,0.416718133894428,0.41739686174179,0.42104108235384,0.982995601123094,0.95989501704185,0.959345548207429,0.417364015988704,0.419021761294503,0.419095538634307,0.80309098463379,0.777385649697027,0.628631580345904,0.030044073418003,0.0401501809016439,0.0645800004189355,0.0542743097934797,0.169421217091803,0.266684491029249,-0.957261305009772,2.83792018519557,NA
566,0.974368917724487,0.96108328339961,0.405184889845744,0.413278527259987,0.413002962605723,0.416640608026762,0.984773294601029,0.959093115353143,0.958237102920301,0.417474286074248,0.419090462423711,0.419145030934169,0.827649508439755,0.717021409108034,0.535677341237387,0.028601534901412,0.04330389897491,0.0647566706082267,0.0514477678236309,0.142584610089991,0.198043904992984,-1.01906504447428,2.37521419302109,NA
567,0.97055129503006,0.985203476784707,0.405184889845745,0.411446540658935,0.412365849355039,0.416133889974089,0.977993546173274,0.958840216438237,0.958793773700276,0.417749445874903,0.41912873667858,0.419119575844826,0.731547877747892,0.759778020297487,0.627642407566384,0.0345762260863547,0.0416254702269042,0.0648665022426782,0.0608568744968396,0.179717071558255,0.254387739272836,-1.3417174162787,2.82140532454915,NA
568,0.961201270479936,0.97831493684653,0.405184889845746,0.415213063760109,0.416224576242801,0.419116097065943,0.981566410618037,0.959029321687053,0.958344176960346,0.417269393596154,0.419042473336179,0.419140816150037,0.762555300698949,0.76252486757777,0.619753452197345,0.0325583612948944,0.0415934366249417,0.0646937057954129,0.0590933476706588,0.174041568965104,0.249624308183907,-1.16542780578862,2.89009724899923,NA
569,0.978287883374495,0.986012232123899,0.405184889845747,0.420220855752469,0.420122452417479,0.423508983904657,0.98317546360763,0.959127738040227,0.958538836893121,0.417455611194692,0.419061175248434,0.419155738648272,0.79633084866239,0.758632540992602,0.613834960942368,0.0307197649059507,0.0412415827347856,0.0650145059207976,0.0574095661183598,0.1614279587218,0.254257409345356,-1.1974625200763,2.15822568355176,NA
570,0.984996802256705,0.993343313892486,0.405184889845747,0.413910498437083,0.415097980550507,0.418711797522377,0.982261076898149,0.959808217009424,0.959686744874907,0.417651146605784,0.419052449342529,0.419078173497671,0.801898105853705,0.736984546326107,0.555954882928713,0.030099424251952,0.0407069109276254,0.0646866716920082,0.0521003564306298,0.1226580473967,0.256242234908303,-0.821927780025946,2.00905792342525,NA
571,0.977046602513819,0.987465680419568,0.405184889845746,0.415612158305538,0.414138730712771,0.418233133899874,0.98391521310224,0.959184378906522,0.959217284188631,0.418058787097197,0.419092739026241,0.419103104782073,0.795594484349505,0.758903513626266,0.607154023921919,0.0304369881672049,0.0412537991460457,0.0646498308324525,0.0517980632301557,0.190722034280518,0.255703190437649,-0.938742790854575,3.11551220300773,NA
572,0.973194877240338,0.983764912522603,0.405184889845745,0.419156255485318,0.42006410536056,0.423339901889709,0.979804538714086,0.959199730309045,0.958828920210846,0.417735210689018,0.419071077764548,0.41911762927503,0.756590428765806,0.756215359822134,0.628435115540486,0.0329810816515245,0.0411637139418506,0.0648085635057231,0.0617890625823511,0.167119800209873,0.266023504956689,-1.76703857974236,2.34062934467141,NA
573,0.98650158846954,0.982009003609543,0.405184889845747,0.412647036234051,0.41320526336392,0.4165644605088,0.983134748180227,0.958572010377239,0.957625183292898,0.417609122361266,0.419096645320254,0.419175914934538,0.81803941275647,0.734491293313167,0.557589156650369,0.0292351764542323,0.0420726555540509,0.0649681553033225,0.0494054036416625,0.125619931158903,0.239472401884505,-0.848359303634115,2.32770825674965,NA
574,0.978628720558212,0.985537027830663,0.405184889845743,0.412018629783151,0.412797701365942,0.416325280429845,0.979623077868881,0.959842819919817,0.95991853602999,0.417616824556652,0.419035663790036,0.419067524974468,0.77588086721363,0.756526930851148,0.624485365827015,0.0320555364387095,0.0408852149960748,0.0649604976436748,0.06283991619292,0.152618950472539,0.262236907258678,-1.4424868798954,2.14994246004007,NA
575,0.98939294964224,0.989731562591391,0.405184889845747,0.417225185879296,0.418615300116268,0.422300363171329,0.97961695130539,0.959140707900758,0.958750104822756,0.417742316319066,0.419067962738031,0.419125066548296,0.763646395055352,0.769234242962797,0.627944964425697,0.032450796366604,0.0408876818794198,0.0647382969010571,0.0572663731768972,0.179364459428287,0.263978866807624,-1.49090888608553,2.47929746977799,NA
576,0.991293409754509,0.98834994030298,0.405184889845747,0.419150868244525,0.421509184182212,0.424723730701696,0.979186706169963,0.959472780798981,0.959435469045031,0.416932484021639,0.419036730272179,0.419098265464109,0.793267413749706,0.76425639041844,0.594397636056108,0.0307466624023973,0.041245018660809,0.0646561009928331,0.0542793864197432,0.170468598009063,0.250651825459689,-0.908139954110171,3.47653481794561,NA
577,0.984381751837758,0.98998447312927,0.405184889845746,0.411140918207683,0.412699451370243,0.416297597733087,0.983407460073311,0.959280482076958,0.959234382557525,0.41726849197176,0.419062301298203,0.419112903924917,0.829885179976463,0.743885132648242,0.595149001423648,0.0286392808978224,0.0409670787483838,0.0647163997140267,0.0513521263177895,0.12546105974078,0.263518614389645,-0.919558820084312,1.71763483499995,NA
578,0.98337946111222,0.989186866485325,0.405184889845746,0.414597788599718,0.416701814435407,0.420410152642533,0.977125446590198,0.957354013420064,0.956633632436705,0.41651423741171,0.419136314511422,0.419240737659029,0.769168128851061,0.73183230153976,0.575907869028361,0.0320425573132127,0.0420209767962009,0.065538126051267,0.0534112350727602,0.158091786483581,0.25272474393178,-1.11964077462653,2.82807242161469,NA
579,0.976778301307429,0.987394428343347,0.405184889845746,0.413420791357374,0.414296204441836,0.418334275646842,0.980823055427206,0.958080800881524,0.957958878641941,0.417335597022489,0.419127255345588,0.419169583536584,0.789539999007173,0.726753415868402,0.58182444210033,0.03096607194906,0.0416396672464205,0.0650367804823929,0.0561978983120492,0.120775551589909,0.254332604880045,-1.08524270440691,2.37756617878241,NA
580,0.984806945293054,0.994413907391592,0.405184889845746,0.412676650864334,0.413138088477898,0.417262107206253,0.976998156906686,0.959316119333697,0.959179209813108,0.418200271270129,0.419097575957497,0.419112884245276,0.745081118546039,0.759500896111872,0.59134357805102,0.0337670373999953,0.0414684255169421,0.0653518934189912,0.0589468480747114,0.171072962178568,0.248432893517947,-1.07316343197678,2.45785688338466,NA
581,0.992490555944221,0.98947290378434,0.405184889845746,0.409657854907539,0.410951163115261,0.414778409651609,0.976023919425649,0.959658853861614,0.959026095438337,0.417696896143192,0.419056901196308,0.41910864620185,0.748908007777483,0.755764572017642,0.58951931053046,0.0338791503888285,0.0412988175671385,0.0649839550837106,0.0569564175347595,0.175433715384524,0.254051938708025,-1.35948319886938,2.74269326135072,NA
582,0.983107258175647,0.98375510883253,0.405184889845748,0.418493421741371,0.419965983927538,0.423184940916406,0.980120664011331,0.958961837505124,0.958978403014372,0.41748207470328,0.419084497291159,0.41911120030611,0.775858562035262,0.754095886738138,0.624554040842797,0.031737293239454,0.041189309695464,0.0646815067383676,0.0556169605003817,0.170346244174103,0.270482336055765,-1.11828579849675,2.89424698901151,NA
583,0.97820848177128,0.988690438755754,0.405184889845745,0.412969037910141,0.415682220048786,0.419217363178981,0.974476924193662,0.959498113384458,0.959142819716808,0.418017862128025,0.419050517160735,0.419106894449016,0.733158175598805,0.75239042583897,0.574623602722167,0.0343062456754593,0.041389435710128,0.0646332523788307,0.0623154687854243,0.178958243693451,0.247380042849032,-1.44115811792271,2.84530294894145,NA
584,0.9862604039415,0.98959577470825,0.405184889845746,0.414946973276777,0.415051530627222,0.418915044005072,0.983384072687251,0.959236405464746,0.95906516323676,0.417220974773862,0.419057981413587,0.419106771685139,0.822668911851602,0.747029666483261,0.655145512819451,0.0288309721073868,0.0408809134269773,0.0646410993629605,0.0548793801768303,0.152649829830901,0.273660625752837,-0.914166765472604,2.02758370366536,NA
585,0.977463058236756,0.989592827795934,0.405184889845747,0.417710276885182,0.418208860560607,0.421690172256909,0.981191254286354,0.959526748384185,0.959072755488911,0.417887313625107,0.419055142294385,0.419111403650753,0.774080857320571,0.749403581758301,0.600917004216275,0.0317445247801469,0.0405556733262337,0.0646403994672045,0.0570468548807339,0.124592716843136,0.267188819817644,-1.08093877602672,2.38546944919331,NA
586,0.973298062378101,0.992297147780497,0.405184889845747,0.414034985405503,0.414494608961394,0.418399221455241,0.98359290279755,0.960185311883741,0.959554292894856,0.417157059958596,0.419011858263294,0.419084283257161,0.7969614647983,0.780187306262968,0.656632328253797,0.0304660449830258,0.0401984128766253,0.0644234202263476,0.0575948336544436,0.185774476181979,0.270614620475247,-1.23628026641704,3.54746332332548,NA
587,0.976791295412352,0.984401673316696,0.405184889845748,0.410939088799797,0.411100995994281,0.415081113487957,0.980648105383375,0.959444641870252,0.958600543340949,0.417412022758355,0.419047590244043,0.419129203205429,0.781611303283616,0.725398502120453,0.535897677779068,0.0317590809462988,0.0420839995568939,0.0650422528492021,0.052828224049844,0.111342791961981,0.213729881274951,-0.982916121178476,1.93037968888862,NA
588,0.987341461717471,0.982517446501824,0.405184889845746,0.417705615435981,0.420228065426699,0.423308328103922,0.978244496870102,0.958257176522843,0.957319127915828,0.417062099056524,0.419116157762522,0.419200780925647,0.794859736368703,0.743329917855998,0.569727005270823,0.0304677623979204,0.042240901856111,0.0651590843953984,0.0524594955524645,0.152277195414268,0.236675144061928,-0.929254522104822,3.06868634657886,NA
589,0.978874630244987,0.968571599887442,0.405184889845746,0.416361059651929,0.41848022700696,0.421760767725713,0.981175007986861,0.958297640249576,0.957711665950825,0.417237328525877,0.419164123432631,0.419182559737305,0.75292179617625,0.733661057039383,0.594110936771483,0.0330744476117483,0.0427607527273331,0.0650525926164399,0.0617298167680632,0.184558562247613,0.252226331971153,-1.54989967004318,2.50915265401228,NA
590,0.983882105723961,0.990272613564345,0.405184889845743,0.416131420895505,0.417217720453652,0.420974908130159,0.979470613784461,0.959527421906294,0.959390385115349,0.417660272096017,0.419040994084338,0.419095301183597,0.776818773942434,0.766769862066827,0.622173627304883,0.0317214914077974,0.0405054007570338,0.0644418958212823,0.0605524415346811,0.155445322583252,0.261066689264023,-1.54945944353794,2.55221235722464,NA
591,0.980080297004607,0.989205466765939,0.405184889845748,0.416220435419128,0.417624322079348,0.421173161987151,0.97580502853814,0.959423264183262,0.959540090202443,0.417782691018006,0.419042750111516,0.419088007999271,0.712380607323507,0.798223337277273,0.663854929781828,0.0351530667140641,0.0406099714667353,0.064527354778437,0.0670185982248093,0.199045302474345,0.256523351683021,-1.59151357683551,2.9729638172185,NA
592,0.969722899854296,0.987323546638793,0.405184889845745,0.42024894691235,0.421053809851115,0.425015902129624,0.98430791891934,0.959896726927987,0.959665396735247,0.417442291341217,0.419052372377161,0.419085760286954,0.80973046501738,0.735508424819313,0.563797443165676,0.0296669903323923,0.041111831166656,0.0647696955317264,0.0513769750781262,0.123298898346924,0.239705328506458,-0.943926636193391,2.01080193319173,NA
593,0.955049025828328,0.981850350575764,0.405184889845745,0.413419532427951,0.414482719458037,0.418385171164551,0.984388404655588,0.959347649549566,0.95890588397718,0.416690431266239,0.419062929288468,0.419117389526477,0.786079459879627,0.737880915482348,0.58177683907757,0.0311652935818994,0.0416471851633624,0.0651085905556704,0.0569828868517652,0.151677886166745,0.231371578944953,-1.48318409395493,2.83768626326996,NA
594,0.960774923289256,0.973954971294223,0.405184889845745,0.410144094061319,0.412634029151978,0.416428620351401,0.982665720751986,0.959678863978325,0.95939859920165,0.417501292642157,0.419045928340958,0.419092549844897,0.777639224763069,0.746249920750897,0.591270737492589,0.0323080278865308,0.0420618044189032,0.0645266903142719,0.0565768011605669,0.180217707746886,0.238538919044495,-1.1292734675721,2.65475908917106,NA
595,0.977368520614702,0.970677482402356,0.405184889845746,0.417559010270597,0.419971216105302,0.4231262346626,0.98351120346132,0.957514014447625,0.957087498419544,0.417317197564114,0.419142798184049,0.419197700009121,0.820265487765867,0.721162608732154,0.561302975983617,0.0287824267706324,0.0429111065042705,0.0651128134007403,0.0467743370728576,0.150559249323311,0.248434721967688,-0.84440570730187,2.23533844223826,NA
596,0.979175775903042,0.986818739534505,0.405184889845747,0.418486789563925,0.419092796266278,0.423105910785408,0.983140473937638,0.960083806688819,0.959771971420285,0.417196316880913,0.41903370941428,0.419077219924869,0.806475723011526,0.776423739067755,0.639820903381845,0.0298693822618875,0.0407163214960311,0.0643979543640887,0.0537170072983989,0.170049274778026,0.25705746076094,-1.04683786854701,2.51499740709503,NA
597,0.975640977010292,0.992187695362975,0.405184889845745,0.415142831750027,0.415252721626133,0.418913906100806,0.977230965787977,0.959381553188909,0.958593820439573,0.418578346003786,0.419067914237604,0.419130571754239,0.75648167302016,0.758492939526203,0.609181449217027,0.0328983842015612,0.0405396506848681,0.0646075287952944,0.0600938968726644,0.151571272420933,0.268389324091473,-1.23198082920121,2.75282859721143,NA
598,0.989712542186643,0.984852054807712,0.405184889845745,0.422443611187499,0.422297484197994,0.42605470319746,0.979197076075503,0.958787103777863,0.958282399630536,0.417788793582436,0.419101088608903,0.419164253574985,0.759653799432909,0.726083893605638,0.568269352178005,0.0331791902332106,0.0420344712393338,0.0652914321578375,0.0589113041031586,0.157867568019047,0.258588963154966,-1.24927626356182,2.18294231778443,NA
599,0.988881818516673,0.976677244535248,0.405184889845747,0.422165766484311,0.42348374999299,0.426815797492506,0.974425257403861,0.958320660143065,0.957239020607923,0.417731950768373,0.419089158765539,0.419196571926254,0.733441755275441,0.752512559761732,0.608067076158529,0.0345049128095677,0.0425196903286843,0.0652494552467957,0.0641102843566509,0.177779692006819,0.247761379142928,-1.24832967355751,2.53292597560306,NA
600,0.961608323882225,0.969422713417297,0.405184889845745,0.416168431804925,0.415941998079805,0.419490451157453,0.983409993048877,0.958872036221834,0.95836410002563,0.418076039738433,0.419084390982384,0.419139658942896,0.779086591936725,0.725458203693612,0.5572354377874,0.0314988443501436,0.0428188367566257,0.0647826407748657,0.0602477175437114,0.190516049254392,0.223626976808579,-1.22898613589505,2.78323591297324,NA
601,0.972563176530864,0.982496927890654,0.405184889845744,0.419252154702931,0.418623529556284,0.422479587081664,0.975465083945805,0.958927225241346,0.958821112051695,0.418360633294652,0.419106291301339,0.419128918447953,0.689455037170642,0.73713795388814,0.573349080097527,0.0363260281450094,0.0417905629481015,0.0649031725950278,0.0760985752492866,0.155198746878076,0.238301853271281,-1.98827687268248,2.0469640189765,NA
602,0.982309211364364,0.971726640463607,0.405184889845746,0.414643011314329,0.414437701542534,0.418024844829713,0.983176429267656,0.95841500056129,0.958102244251924,0.417741486272883,0.419102797375889,0.419154786809365,0.800744411356359,0.730065887838596,0.608279919771674,0.0302736887412941,0.04260276029018,0.0648638857036697,0.05637353477846,0.153518583474682,0.254005011620377,-1.14678363157767,2.1325795871089,NA
603,0.961597676430903,0.955881823561698,0.405184889845747,0.41479241496649,0.415933865679185,0.418785371055687,0.982985174549299,0.958136661904503,0.956942514576723,0.417258483374007,0.419097287655596,0.419207639764108,0.765506463301005,0.705626132979769,0.540000816126391,0.0323178565212696,0.0436111198735001,0.0650925598240058,0.0594813007446521,0.161134534806866,0.232377317615054,-1.6612193162609,2.04847676560124,NA
604,0.97423631047768,0.982796492837807,0.405184889845746,0.418310142929043,0.420037074948172,0.423572309398874,0.979051595572868,0.958198589067409,0.957730635644542,0.417446869063542,0.419115799900093,0.419170284738272,0.729931438425323,0.77537970148265,0.644124774551095,0.034300265465354,0.0418167763431589,0.0649565949906419,0.0628963940988356,0.201743800771322,0.25563797106842,-1.36602484947484,3.43921045370879,NA
605,0.982087830572965,0.987425084466787,0.405184889845744,0.418305335160965,0.418505439291577,0.421916734192792,0.977647996066055,0.958267055644836,0.957873506472357,0.417650151902563,0.419116713764094,0.419163826355484,0.750555486745368,0.737701441046003,0.619970054689231,0.0332240817794273,0.0412718958684186,0.0649492451437964,0.0605356587821266,0.141427476078089,0.27179122658771,-1.40054021439772,2.43400474560799,NA
606,0.975026702994831,0.990653486742195,0.405184889845746,0.418997690465895,0.418940320415439,0.423345217411772,0.974967161597888,0.959036311168915,0.958312796038435,0.417341055707384,0.419112686921879,0.419183862742397,0.737909728150012,0.730365982980008,0.58623235771572,0.0340218703480804,0.041414149625421,0.0652322278393831,0.0640633365512986,0.147246977455514,0.261786474564843,-1.51221296329059,1.89147546106999,NA
607,0.980901209761485,0.982537578326446,0.405184889845748,0.413658601396669,0.41381608212554,0.417648646631643,0.981032986627828,0.960428800815935,0.960278196145229,0.417454158948163,0.419007871865694,0.419051133034001,0.776013822717828,0.782900176872835,0.623303110271353,0.0318527924381907,0.0409506987850751,0.064207595799061,0.055315537818952,0.165258827704747,0.236107710931315,-1.09638029287068,2.90443135966779,NA
608,0.981400729025668,0.982364168564751,0.405184889845749,0.421114988939574,0.421263049412257,0.424909632295456,0.983449409727107,0.959283149064449,0.958695382218513,0.417231577214993,0.419073248552784,0.419132311920418,0.819743074746861,0.73227553546596,0.573148078206838,0.0293528996061958,0.0415544844855596,0.0647879103974116,0.0557109200792959,0.152242253414141,0.264230247393041,-1.32831899184709,2.00234519388315,NA
609,0.986713332597842,0.97043870729091,0.405184889845745,0.408312290548934,0.410479015336326,0.413910609127791,0.98165255233692,0.9596752241276,0.959187342622661,0.416902924322081,0.419031449498288,0.419112202455231,0.80966323168276,0.745377726398356,0.603026808315057,0.0305587720610011,0.0423865570595479,0.0647397568809596,0.0485290478807878,0.159831260917933,0.243003113575952,-0.990210037875405,2.38943188323169,NA
610,0.978335766683038,0.986640673179793,0.405184889845747,0.413095990953277,0.414388384415653,0.418098010685487,0.97971588423555,0.960712908345238,0.959994752020025,0.417533750246033,0.418975533635473,0.419064092315909,0.765154078637154,0.778179708827222,0.667924760773384,0.0325133383740516,0.0403426945980859,0.0646384852527259,0.0575889040529267,0.179360799469425,0.260620120693394,-1.11679730244363,2.61640370352069,NA
611,0.973996527346574,0.978307941921706,0.405184889845745,0.420072854688349,0.420089289994674,0.424342401956436,0.977751762957225,0.959841445112615,0.959478269801119,0.418166463359364,0.419065382140454,0.419114422993034,0.746350799516392,0.729301522875043,0.605508420625408,0.0334932249255882,0.0416171753376489,0.0646012528922262,0.0651593259742883,0.156131790812804,0.243791786833318,-1.18383229706777,2.29420724346869,NA
612,0.976808647508455,0.990140525038355,0.405184889845746,0.419740554037125,0.419652221586366,0.423343779117423,0.979011001335103,0.959980785799784,0.95919502734492,0.418202889769857,0.419095809816963,0.419128841825795,0.734871308223922,0.752922797095905,0.608124002245403,0.0340794266193748,0.0409292536792659,0.0654786297417418,0.0597295252410196,0.175337284683482,0.264959134424959,-1.34846654273958,2.45131839949439,NA
613,0.991686386756784,0.991073216605718,0.405184889845746,0.415969709204931,0.41665277372855,0.420483330581223,0.980897869977233,0.960599107299165,0.959701220233626,0.4170967483318,0.418994385268867,0.419077885273343,0.804239252562248,0.741748310948974,0.596097283072097,0.0299390760059388,0.03999716621841,0.0643071939433281,0.059606323137395,0.0850637546376812,0.271552045390353,-0.948680716754005,1.95535525484009,NA
614,0.994175943334455,0.980285268873301,0.405184889845745,0.415456690704528,0.416218332191004,0.419789334575668,0.977655893661007,0.960095788968752,0.959012813415996,0.417868493990778,0.41901770170755,0.419113430259594,0.771634694898991,0.757465523678136,0.63049346387327,0.0320245396429778,0.0410511222531731,0.0644018320002345,0.0642822779734225,0.172834031715857,0.259355944202404,-1.28981470622278,2.4702196877209,NA
615,0.975238773249203,0.985244668279986,0.405184889845746,0.413951592715819,0.414861219638537,0.418816503072447,0.979495336004061,0.958961579504127,0.958482908087033,0.417306506546658,0.419068250650665,0.419140073200043,0.768898003411413,0.752535447684933,0.577703974607339,0.0321773949975928,0.0416966150707901,0.0647281359804893,0.0531808483132534,0.167835947418987,0.230676221142938,-1.09015371660165,3.01859898101851,NA
616,0.934853240707287,0.961416441578106,0.405184889845747,0.41636601499135,0.416932074146524,0.420409458109208,0.984803838195196,0.96028158955295,0.959319707762249,0.417397013922457,0.419033600743064,0.419114611187608,0.735187183423477,0.718397887528949,0.541597763110794,0.034005038986608,0.0429265780082941,0.0646815117361858,0.0677322898802377,0.163459602687941,0.19712077213631,-2.36659346236722,1.90864682640957,NA
617,0.978535238842325,0.989576555678591,0.405184889845745,0.41242636128666,0.413199124584812,0.417309623695244,0.975089759804637,0.959385457323702,0.958577238133068,0.417537389761574,0.419066292253866,0.419139772550824,0.713599939618253,0.742045687139349,0.605535818867818,0.035331194934647,0.0411528183706972,0.0654480493120124,0.0664645267119928,0.146864285988071,0.263865006315262,-1.70384334416594,2.15313256662417,NA
618,0.989571682572205,0.976799369150031,0.405184889845744,0.418897584689733,0.420359540541178,0.423921110888074,0.977746212386503,0.95771307710998,0.957785254590186,0.417504258331956,0.419146905224547,0.41918752554788,0.771368896264204,0.740377035589628,0.600068110092033,0.0320041250325358,0.0425171027532023,0.0650507253898138,0.0569619326564933,0.184684257477517,0.246000015242125,-1.07472271384553,2.72781334010783,NA
619,0.987751673055176,0.978949524277136,0.405184889845746,0.413035299309333,0.415670750484652,0.419054746663549,0.978681414715825,0.958475234444891,0.957901223643937,0.417504164407168,0.419114947914938,0.419165474473054,0.77982376510379,0.752834301629806,0.623927432933382,0.0317048958377651,0.041851720062386,0.064766557544858,0.0582821806627507,0.190958664334052,0.263060296907207,-1.12538946693957,2.46968220028419,NA
620,0.986882237422348,0.989787568271242,0.405184889845748,0.425043746149167,0.424598200186263,0.428090409928954,0.979606723835106,0.958116074764932,0.957451289136875,0.418461605500308,0.419137975280554,0.419186313908477,0.792075852171895,0.728056035609634,0.586925173728745,0.0315705931536535,0.041919104356845,0.0656322991401156,0.0584923789681946,0.156819974418288,0.27313124410328,-1.20162302411488,2.42162479845321,NA
621,0.976633387749887,0.975196788466867,0.405184889845748,0.413206306492693,0.413718544351944,0.416856358338069,0.982898292463766,0.958961231934808,0.958851093534516,0.417660652484313,0.419085244394919,0.419126578269841,0.796664693377697,0.742944648124089,0.62600343843609,0.0306469187998608,0.0418323171714294,0.0648004882825271,0.0558835481945533,0.169635353714172,0.256396732976429,-1.23188016545258,2.35623870697716,NA
622,0.978149196554665,0.98864201102981,0.405184889845749,0.414900215858178,0.415637119426614,0.419508099816504,0.981156880739938,0.958419053813188,0.957941916671936,0.417197875041796,0.41910489238123,0.419160418288659,0.796950116040009,0.756908279039319,0.583647805260049,0.030364951998223,0.0417578933855545,0.0653070216386539,0.0539347743813379,0.179935135855111,0.234071926921403,-0.958063301509564,2.83751509876464,NA
623,0.957014990619053,0.97590981283425,0.405184889845746,0.418287090366233,0.418750265745469,0.422384646254215,0.981284335771439,0.959843949294753,0.958949423079627,0.417689332720565,0.419022908247295,0.419112398448387,0.770800691202493,0.742843934088232,0.567578746676949,0.0320264651952367,0.0416446649996735,0.0644703634505916,0.0617873926059739,0.158159971119081,0.22991430641436,-1.2000208390644,2.45887201882803,NA
624,0.985437958984432,0.980143440219346,0.405184889845745,0.412597287475449,0.413696646526618,0.417179351098397,0.981240249538111,0.959616810406765,0.959377005349617,0.417836201915796,0.419030894984864,0.419098634551235,0.802259587099206,0.75278996805039,0.634982636068723,0.0304967876934651,0.0414499208214518,0.064471120729161,0.0552010213175516,0.165911612702987,0.266949827530838,-1.33465401224285,2.783141589122,NA
625,0.97500729897,0.979096493238943,0.405184889845745,0.418847460240326,0.42080656412549,0.424820458666945,0.984414650082158,0.958189208671228,0.958011521238998,0.417273037995753,0.419105738759723,0.419155181434026,0.830939789691218,0.736706603327583,0.600368642401278,0.028159265830299,0.0422513627291439,0.0649585367295177,0.046313887160423,0.167274843312722,0.258444551006443,-0.95854263794834,2.52884868222682,NA
626,0.967314766827658,0.982753306349585,0.405184889845745,0.414925278087605,0.414934886262272,0.418675990739077,0.980647184789099,0.959307991842588,0.959371150416606,0.417445095926874,0.419080160285723,0.419092762472785,0.761521481748988,0.758875553583924,0.592049264714996,0.032576796902574,0.0415374336231326,0.0644320391204432,0.0591062931717136,0.162619291837358,0.232069843407276,-1.3250248261545,2.55588556547133,NA
627,0.980632771548739,0.969329086583735,0.405184889845745,0.415300478415098,0.414648074606756,0.41855755753724,0.97962344326004,0.9598227356841,0.959232650453043,0.418287354268469,0.419065333423644,0.419101508743438,0.75907170618659,0.739111137942366,0.572765691519259,0.032742032858501,0.0421529939789163,0.0644358208902874,0.0615515830568688,0.154107198106433,0.223847570289944,-1.53689783177114,2.47314647686227,NA
628,0.972787011237212,0.976253592351517,0.405184889845745,0.418013911773542,0.418090582516111,0.421567544692751,0.979744221886866,0.958722737577456,0.958629813714917,0.417489832198144,0.419131560981131,0.419133217895314,0.750260967118293,0.742169846051657,0.590714239915921,0.0332048788294925,0.0419949733663804,0.064739418348502,0.0623620515174536,0.136994612934963,0.23905068142042,-0.966851334787285,2.33000732572085,NA
629,0.981212323588379,0.994935143181164,0.405184889845745,0.417982594862483,0.417728012378685,0.421510870612562,0.977914863983187,0.958785141097978,0.957673868763161,0.41839603212221,0.419063988670728,0.419172490379968,0.743228652469858,0.781243605570902,0.646245662838895,0.0335396880890111,0.0407709059555652,0.0653361703231782,0.0618953477054998,0.190880952293136,0.264086348825463,-1.45393298556854,3.03858940725398,NA
630,0.954064816732936,0.989623065312553,0.405184889845747,0.409263727263209,0.413685563411031,0.41735203456005,0.981095537117953,0.957933286569184,0.95797186163153,0.415775980782602,0.419135342589641,0.419158239182113,0.761053865541361,0.758989519395634,0.578277791986143,0.0329824568703516,0.0422267382616149,0.0653041951487904,0.0635517314089372,0.182717550896552,0.233703599775212,-0.966166331182471,3.07947122143241,9.64717240720225
631,0.981606101419063,0.993275911625032,0.405184889845748,0.408229113630235,0.409668013844478,0.413679631134408,0.976969292173485,0.959435731386974,0.958596487923814,0.417860934312208,0.419091187267647,0.419146043046749,0.714925245210373,0.777174794499698,0.621619557489507,0.0359967301716345,0.0416527151240799,0.0655190777611268,0.0607459869543141,0.17363494584583,0.251846541920931,-1.33190296746103,2.72818896317829,NA
632,0.96074949904059,0.978581220841565,0.405184889845744,0.411556742757419,0.414379311781871,0.418288499291927,0.98262562328753,0.959751158869605,0.958872159142614,0.417112296267146,0.419085798029662,0.419193753001554,0.796918437690874,0.744338361906364,0.564670784322745,0.0307511629409973,0.04262642534775,0.0650218916973451,0.053340409305119,0.170387034674399,0.213438586885621,-1.00028688354363,2.44004394630667,NA
633,0.978401988376585,0.973162960485566,0.405184889845747,0.416080378309716,0.416083220286612,0.419576012128313,0.981354225871372,0.95980419168351,0.959249510421895,0.417707543915594,0.419049648166661,0.41909930547378,0.784488605191529,0.738469421482467,0.568395111527871,0.0312284870362858,0.0417044011867733,0.0644066842615551,0.0600123953163183,0.145875140810382,0.229629673823642,-1.23989199756154,2.09749491599182,NA
634,0.96795107904392,0.986331485658204,0.405184889845747,0.420547274828675,0.420760402913996,0.424265199424985,0.980840804631531,0.959816499804225,0.958733408475414,0.417623344053294,0.419013656097512,0.419122055948646,0.764763098590177,0.758641193517394,0.584874292586595,0.0324616780578726,0.0412711853447195,0.0647227720264874,0.0587565168812013,0.156547415512745,0.240980958071672,-1.09376165627416,2.39579070993664,NA
635,0.980782325594255,0.991754596698928,0.405184889845747,0.418015726747751,0.417792294154897,0.421727528335081,0.974609362779319,0.958394079696386,0.958529779664728,0.418270735807515,0.419109964215561,0.419132335851538,0.729363362477136,0.731436700516735,0.550174161618887,0.034283133434495,0.0417339285173367,0.0651542989531001,0.0603351608499048,0.171173635218666,0.249547577536032,-1.39503642097886,2.58980532968805,NA
636,0.982296963416927,0.987551521690155,0.405184889845746,0.416760717888848,0.416728119640905,0.420621513263175,0.981187513530997,0.960547023314371,0.960081476714862,0.418174212219378,0.41902370113039,0.419062224878948,0.790976806187243,0.764500440252574,0.593002280318565,0.0306922764163129,0.0406345015539188,0.0644759171625285,0.0531192950046862,0.160447920424624,0.236861300012523,-1.14711905454369,2.9344429969434,NA
637,0.972514464824363,0.982882109107768,0.405184889845747,0.41221577007763,0.413717153070872,0.417171232145946,0.981330765004319,0.958444808299676,0.95841618075168,0.41745522860138,0.419114362144752,0.419143487895687,0.772226058141217,0.739874983809935,0.574042599039296,0.0322225606528572,0.0419836274827909,0.0650807055464949,0.0609195424854835,0.182140822690598,0.246211879235952,-1.0954887145149,2.39609197306981,NA
638,0.98551438939822,0.99172607265426,0.405184889845748,0.416444742836974,0.418328304844346,0.421559304851164,0.97667421023525,0.959686792302689,0.959160727146872,0.417403419823381,0.419028523055221,0.419103321281517,0.734802945133802,0.769190858130012,0.60520091299081,0.0339779163967959,0.0407283836147888,0.0648125329670579,0.0590593838173898,0.192453783571443,0.260480564918366,-1.26130990655946,2.65489495804131,NA
639,0.988242745457914,0.991837667698879,0.405184889845744,0.4149148910452,0.415410376942158,0.419330572312235,0.982764271975673,0.959455280918146,0.958940385257811,0.417352679969685,0.419033856909224,0.419123221707078,0.827799357365796,0.75980882658568,0.590962576415284,0.0282985015597033,0.0409580208254425,0.0648282608243309,0.0491780841146979,0.1644449478676,0.246132797916673,-0.787530486844347,2.36069326321573,NA
640,0.967250564087722,0.991024209059543,0.405184889845744,0.416967416906335,0.417812990545569,0.421395308515223,0.984587739414334,0.959860397170209,0.959390264144352,0.417624867159758,0.419036246947267,0.419092381617013,0.817392312714851,0.771420937145572,0.624872928987464,0.0288739608783037,0.0403404424725914,0.064522992555739,0.0480008168322114,0.192761540674201,0.270468052235765,-0.814312518341464,3.7462342736689,NA
641,0.994179836536585,0.986824042774418,0.405184889845744,0.412051361062864,0.41463144919869,0.418179834270296,0.974004126694018,0.958556379499591,0.958147283191656,0.417517124815381,0.419086381238241,0.419152572610272,0.751845995484389,0.77903449707032,0.62803510629393,0.0332815317558334,0.0413751985021132,0.0648463252391409,0.0550307905159233,0.181739245828746,0.250613129207283,-0.933787833978202,2.7811592758337,NA
642,0.977937615846619,0.981962182289434,0.405184889845746,0.413010370107918,0.413939722066881,0.417692811875823,0.978039796183571,0.959989026453686,0.959533883769407,0.417470352506506,0.419027354570674,0.419086948452171,0.741788433951623,0.77116592848366,0.613325989881192,0.0338249702501278,0.0412379115546301,0.0644755559447459,0.0616362426391413,0.159183714399287,0.23456913830335,-1.3529305477422,2.51696262474768,NA
643,0.979203829792744,0.98367860222417,0.405184889845748,0.419162725703694,0.421719176080006,0.424914986124163,0.981472461929232,0.960027490745987,0.959563482815462,0.417003304174779,0.419003591772323,0.419085535280903,0.799908954356726,0.758182825534417,0.597766089740329,0.0302950493625648,0.0411352912950334,0.0647685416214512,0.055353883073544,0.155388881644763,0.242427376892343,-1.05031621404994,2.51113478133332,NA
644,0.988713684346174,0.98967919462838,0.405184889845748,0.419569786495538,0.420256836284534,0.42377833865615,0.981062986199143,0.958518227895481,0.958498719007307,0.417714938438859,0.419106932168579,0.419136603867074,0.79647200191146,0.744585335338407,0.578296178126875,0.0305952392726774,0.0412999539244543,0.0648619280180466,0.0521457533911784,0.129540268896465,0.252531792213677,-1.09282956727264,2.37867269298083,NA
645,0.973631883772057,0.985429740670882,0.405184889845746,0.414849934051499,0.415774262393115,0.419360616145321,0.975220146281345,0.958018440738363,0.956958692656011,0.417839566523049,0.419147284127954,0.419224094362827,0.722494453515714,0.745178114772468,0.578442622606029,0.0346890146343543,0.0419533887081001,0.0651514844245088,0.0640804478841173,0.178191749434386,0.246707698649933,-1.3501596651564,2.34186604068791,NA
646,0.975361115465033,0.9863593779306,0.405184889845746,0.417430150102547,0.418003134867412,0.421901392219093,0.985209193376273,0.959877526390754,0.959204084042173,0.417503392737753,0.419073259170393,0.419131833864811,0.807473766475139,0.746630528808475,0.616399773291645,0.0297546682583836,0.0410831075858967,0.0648353939237332,0.0544855630098088,0.164183287224392,0.264704890364788,-1.42330426035387,2.72262938925162,NA
647,0.978307698035091,0.992254911628315,0.405184889845749,0.420052281432237,0.421311487586759,0.424962952795386,0.980646791776981,0.959201449282973,0.959403863338865,0.417139726300155,0.419053459673324,0.419091313457227,0.782620510378954,0.755176086723216,0.601564295183834,0.0314865291176866,0.0409504141196706,0.06544112891623,0.056198127394049,0.129815434707293,0.258880747720775,-1.14044057571345,2.24405573906322,NA
648,0.977240435265934,0.994323156895179,0.405184889845748,0.416722389045795,0.417180970598073,0.42100678626209,0.977834909108583,0.959111294897983,0.9587222851496,0.418135951100829,0.419116022585949,0.419142022735933,0.717978888282482,0.762719228538933,0.616013063279839,0.0348800701893522,0.040872402881371,0.0651860538689228,0.0636699011222654,0.144530132326586,0.261828430072444,-1.33714686846101,2.30155109976579,NA
649,0.963543146025292,0.971516349938304,0.405184889845747,0.41266634816792,0.412882121847348,0.416643558562246,0.984239603168782,0.960101604794473,0.959735159695213,0.41761548169876,0.419062611339807,0.419097713998393,0.767805537197306,0.750818886263684,0.599255228513253,0.0324489535143334,0.0422532846430094,0.0648266960620476,0.065765586407393,0.16432099699566,0.21631233680772,-1.4870030930419,2.37896972739654,NA
650,0.984005490056423,0.986320662372782,0.405184889845745,0.416258615437839,0.417430223304932,0.421047717410549,0.977442872897505,0.959152872932984,0.958469984188182,0.417661725462694,0.419108142622282,0.419142323056635,0.743729798451143,0.753116409011846,0.590942811583775,0.0335147579622437,0.0412690958821967,0.0647856801215101,0.0617041913975452,0.160279287307544,0.250664346610906,0.961569093242666,2.31023148423029,NA
651,0.949601980470624,0.979597295395276,0.405184889845744,0.411456933821417,0.417662429381226,0.420728193029634,0.979534131664334,0.959216572139782,0.958520217329759,0.415194275474844,0.419073325042868,0.419132742115233,0.745661666718016,0.724006717258888,0.537381622682948,0.033457111578709,0.0418080347009188,0.0646493063566634,0.0639947710820532,0.143487797458146,0.243066018280033,-1.18802776113952,2.31009109517002,NA
652,0.979847762714031,0.990818886819201,0.405184889845748,0.413073910233293,0.414235653874111,0.418136646146617,0.979132073359493,0.959755027313677,0.958972108960912,0.417318748046789,0.41905110327924,0.4191170531047,0.760596944812103,0.73299395797436,0.544184235458972,0.0327085271481254,0.0415929866050357,0.0654943055291414,0.0571157207115415,0.113571444417068,0.227242789547499,-1.10221685632962,1.7958272939252,NA
653,0.965892833592236,0.990077305826104,0.405184889845744,0.417317381693297,0.41890887057467,0.422398748021574,0.983499303268332,0.959656933383166,0.959242281639784,0.417352404962195,0.419046241793365,0.419114295157256,0.775958875028885,0.767290874288704,0.625380853412649,0.0316335567819577,0.0407157517391139,0.0647600195867859,0.0569427196747458,0.175669858300797,0.270420020147741,-1.42478247179965,3.11592732509128,NA
654,0.977018214179755,0.993471092066078,0.405184889845747,0.410937033905973,0.411302687097903,0.415153346034268,0.981913784245151,0.960253947318559,0.959988012941421,0.417245799394762,0.419012998362988,0.419064330398441,0.783853176158715,0.770704004367363,0.648563886713804,0.0317302051431528,0.0403901813644685,0.0644505570896634,0.0562480785947732,0.149053450516639,0.270365908718257,-1.26452733022708,2.25775698863728,NA
655,0.991479728511112,0.985210508844298,0.405184889845746,0.41992822033247,0.420385985992183,0.423826123349979,0.979308681578412,0.95918136653819,0.95895709446571,0.417961701127355,0.419113810462334,0.419123447582225,0.78600155307701,0.724218951029819,0.535394272441588,0.0312230889153374,0.0418909588987693,0.0648749078961533,0.0543977678417553,0.169921731848611,0.246909818517064,-1.021644229569,2.1179830439976,NA
656,0.973499411004487,0.994106075254826,0.405184889845747,0.418222822931026,0.41788768760769,0.421760561192993,0.979477182648445,0.960054131416262,0.959622825060642,0.417698986475852,0.41903492235734,0.419097885623363,0.742846158647492,0.757721935659076,0.586789645927076,0.0336068351753859,0.0405339819403279,0.0647408866058951,0.064649285251048,0.155239932110169,0.25283671863187,-1.54911665121445,2.28617263828462,NA
657,0.957572420235774,0.982250416188458,0.405184889845747,0.420492458024429,0.421670594840399,0.425304839212838,0.980348631370589,0.959079109954508,0.958849883969848,0.417817823339335,0.419089445949493,0.419119086442373,0.759332013292807,0.724916861784872,0.555470484856251,0.0327781108628886,0.0417571472789219,0.0647327203629842,0.0612856531045848,0.154939307558783,0.254432396060307,-1.06900389061621,2.38959113487564,NA
658,0.981704740198747,0.980470738962641,0.405184889845748,0.417533039415872,0.417683008091676,0.421580276945664,0.979072330523267,0.959933488642076,0.959297683423571,0.417562867770765,0.419096420080937,0.419106392358696,0.759811613952198,0.744868820044945,0.572525593591483,0.0326461432365175,0.0416245959457231,0.0647297474366952,0.0616706313856653,0.148584293089366,0.222672888438602,-1.44190467755756,2.3699294814731,NA
659,0.977824940946107,0.979486745630907,0.405184889845747,0.417605399633646,0.418452785380835,0.42218095790823,0.975561430675078,0.958316480227263,0.958472124213066,0.417669982370612,0.419108509675064,0.41914450970579,0.710097136145274,0.7296011457777,0.54640041149682,0.0352959492921305,0.0422759538630144,0.0647791989003442,0.0693364756851617,0.129463491877682,0.22350151009166,-1.79964097187952,2.29121251829609,NA
660,0.983014526959188,0.995423984968396,0.405184889845748,0.413206774961215,0.413289210327426,0.417141746619126,0.979638052945233,0.958343894363018,0.957994672475918,0.41776176285753,0.419105195865118,0.419168899546889,0.78698361710421,0.760220105607984,0.598894307838496,0.031208107131034,0.0412966591097057,0.0654209512020297,0.0530388732533638,0.172030989079805,0.262198464834886,-1.02851554549112,2.61110345065579,NA
661,0.963111389183634,0.986767365487817,0.405184889845745,0.41697206143843,0.415912085342363,0.420053488120008,0.97557161736319,0.95853442752029,0.957958556871962,0.418141394796493,0.419112369727917,0.419157748595277,0.677846976844841,0.723641670273856,0.547413751299161,0.0368542733438905,0.0417085767890131,0.0650068974214353,0.0726789134268285,0.125596633004555,0.246269175133477,-1.86703910762203,1.78049459332742,NA
662,0.983738465363642,0.986177226129247,0.405184889845747,0.410579634737969,0.412133091346734,0.416026369731788,0.975533423850321,0.959896913992821,0.959451128508834,0.417381893680484,0.419028455629927,0.419089020060427,0.72255961086908,0.741728555012338,0.59490261294763,0.035087587046729,0.0410158214230755,0.0645391376825797,0.0654162119489865,0.134931160457295,0.257810262917374,-1.32067140196874,2.05456050608154,NA
663,0.982158465359696,0.989954454994395,0.405184889845749,0.415088060870467,0.416351594724192,0.419911033414908,0.978787788165245,0.95843239856201,0.957319013142399,0.418025479098899,0.419114067000522,0.41918817593684,0.774182862842537,0.74165540823401,0.56714704752118,0.0318046389542828,0.0415959048869555,0.0655301740695087,0.0574958534724952,0.152538739747541,0.241773456245979,-1.19326701137295,2.82424705333113,NA
664,0.978841089765115,0.973479008127446,0.405184889845747,0.417219790044779,0.417875661388452,0.421310454881029,0.982852549751488,0.959133107918214,0.958239697811693,0.417604265460682,0.419059990756617,0.419147910517227,0.791280163825838,0.743625738748444,0.586637701358964,0.0307434827414781,0.0419965086044229,0.0646948066330759,0.0558882226377924,0.179660961276771,0.242529894691678,-1.09623863342275,2.66659326558834,NA
665,0.994091572946505,0.990669748820656,0.405184889845747,0.418640865951742,0.419910727851218,0.423765428954546,0.977077989647288,0.958315068658724,0.958130981035144,0.417945924197558,0.419125666871063,0.419166562193476,0.764343437769477,0.728687792483628,0.575540685875145,0.0323490264235568,0.0414771884262412,0.0651476213871075,0.0647065059780681,0.122651704698127,0.263937109648956,-1.26248398130772,1.92517489604363,NA
666,0.972909199801693,0.982564179486794,0.405184889845745,0.413651318143464,0.414173851670391,0.418021708965356,0.97902140643968,0.958556587407425,0.957892371308539,0.417390033918726,0.419079990280508,0.419170384076375,0.765545451968901,0.746787050567115,0.588760653433796,0.0324168915239482,0.0417993532957083,0.0648767672476842,0.0564601769533127,0.157413300133477,0.246626828043775,-1.21218341638422,2.71776980432133,NA
667,0.978319648912034,0.989192139868302,0.405184889845745,0.414771094425964,0.415344598911009,0.418802199516371,0.981678810801066,0.959470380992927,0.959331519158297,0.417610591594495,0.419112126880292,0.419108315823059,0.792953197447708,0.725005482146605,0.557339277873094,0.0305779013889163,0.0411765842047398,0.0654123586060273,0.0551854043220662,0.127417320880662,0.266291811321784,-0.929652250884786,1.70033117690957,NA
668,0.974842549584407,0.97249669111175,0.405184889845746,0.411569236621955,0.413359251090391,0.416462688577162,0.978352547498248,0.960039808165552,0.95946697685057,0.417268242518732,0.419017900925046,0.419099030964507,0.752003805220605,0.75227732054721,0.605275839050552,0.0334398496346716,0.0417472983497949,0.0644574265635223,0.0706353208602583,0.16090155068645,0.237048544787184,-1.21152048487749,2.73017017040967,NA
669,0.991392236564355,0.977295415055213,0.405184889845747,0.417813751530961,0.417375721452599,0.421321012843791,0.976444505140231,0.957961705583999,0.957917400170964,0.417736197483124,0.41917442594193,0.419238089662951,0.760810901317077,0.737561612432229,0.643187638530342,0.0325592503546787,0.0433001817181858,0.0653525174158239,0.0586105891016544,0.200760395870274,0.263685561649139,-1.00329061435555,3.12237277403882,NA
670,0.989797892903216,0.984208653354209,0.405184889845746,0.418466938342051,0.418421615473145,0.422003493302543,0.975872550098326,0.958145421375612,0.957442613818736,0.418765498121907,0.419161562086878,0.419197057725726,0.714502039096246,0.745714299938391,0.614444932212023,0.0350937039249942,0.0417731330404778,0.0651451355012155,0.0671476270676721,0.168071441097403,0.262503083891085,-1.62953297219499,2.37755486838986,NA
671,0.99141329618711,0.990558429247577,0.405184889845748,0.411668220513556,0.412803562862127,0.416631051894917,0.979445637993948,0.958509157310807,0.958000953238962,0.417427555598578,0.419106372066593,0.419186838917698,0.789389110236286,0.748835965541614,0.626316177753877,0.0312326270677791,0.0414284708605841,0.0650392834375503,0.0532781953818176,0.153621444875548,0.272752937754295,-1.13453297305093,2.39801578652499,NA
672,0.976639470114375,0.967293257604968,0.405184889845746,0.410269388424612,0.411289451879833,0.414317254924309,0.985299159723483,0.958945233387937,0.958727770416545,0.417373319267509,0.419073106919005,0.41913659215363,0.83818400794891,0.736715528001657,0.565341836166087,0.0281843909484693,0.0429289078730545,0.0648863566167073,0.0457058702814066,0.163939165733518,0.233403533960634,-0.859158183748596,2.62038008499384,NA
673,0.971824633046582,0.974940005999091,0.405184889845745,0.410656601382724,0.411539811050765,0.415297244911764,0.97821663231436,0.960203199287831,0.959864868436519,0.417535567072656,0.419023114640226,0.419071983711208,0.730307128958867,0.731343008401275,0.591508016881725,0.0347860436712332,0.0417489258486384,0.0644866081979181,0.0638246449711903,0.120584371499689,0.23987487922314,-1.57007756579975,1.77592215308427,NA
674,0.981842680701912,0.99045393173332,0.40518488984575,0.423217389359867,0.423900974673539,0.427714858014646,0.980836692480008,0.960048876652681,0.959798553000391,0.417358400157058,0.419055515882505,0.419083899403444,0.787839558177015,0.765124577431919,0.621760021065451,0.0316655188957311,0.0410936872708744,0.0655387464907883,0.0549751397968136,0.157890156103159,0.256952548145909,-1.08033673169162,2.20415701825567,NA
675,0.979351585335069,0.986870064286888,0.405184889845745,0.40941705432593,0.410989694469699,0.414970490419412,0.975936255571857,0.959844279733737,0.95899613883753,0.417498062337552,0.419016613140788,0.419119647732078,0.70696292038216,0.792595795583551,0.685731656227019,0.0361237226066255,0.041212159286096,0.0649198419067857,0.062641752832131,0.196398876140548,0.248066684871982,-1.97508657786624,3.02896611941688,NA
676,0.981172196361278,0.98302078056107,0.405184889845745,0.414680913867447,0.416403952527636,0.419734298429997,0.981478747984628,0.958641806772085,0.958296848906515,0.41763150616806,0.419107003472407,0.419151698698852,0.813199954013664,0.761975668596986,0.59580065555672,0.0294433154772961,0.0417027258883402,0.0647503754908595,0.0484919882296109,0.184364525231576,0.244888767857212,-0.960435513784424,2.78927044739449,NA
677,0.979728503343029,0.985119380289546,0.405184889845747,0.416584327490521,0.416643635375303,0.420683175506361,0.979544326488276,0.958511505905908,0.958319891460396,0.417312122452226,0.419096785177054,0.419141415822591,0.757918219180919,0.759216432274041,0.61020250431301,0.0328000269596086,0.0415928795974572,0.0647691019485819,0.0605713224547682,0.175062630643803,0.251069809655801,-1.48799455794038,2.65941670624135,NA
678,0.988644942988477,0.991022087777455,0.405184889845746,0.412402848043145,0.412760541153858,0.416634493199722,0.976865160183473,0.95948254089015,0.959378268229515,0.418308424441129,0.419039220278784,0.419092975268507,0.746994727555175,0.76198950604382,0.625388262133568,0.033689272554213,0.0407544640621787,0.0645561096396016,0.0591824240157966,0.199429786699055,0.274162103385053,-1.23527562022588,2.92134465502451,NA
679,0.980986492451918,0.983794506173705,0.405184889845746,0.417123280560351,0.417322488742737,0.421191548951208,0.979930894823472,0.957744361570066,0.956797942125354,0.417098366287261,0.419155755341935,0.419210966209543,0.762924622338981,0.757147441999554,0.622321638047781,0.0326397897632786,0.0418702546939012,0.065121563960479,0.0625895280374593,0.17106602671873,0.25112431142296,-1.54644390290526,2.14905383548166,NA
680,0.983994752996068,0.988734922943874,0.405184889845747,0.414823758006092,0.416865143190065,0.420491957692471,0.982565989973109,0.958373837953201,0.958110654953057,0.417513927319895,0.419107990834209,0.419150667664975,0.812139190052339,0.743763240933132,0.557831748846838,0.029335484833993,0.0418913986538076,0.064956078930959,0.0476692396064037,0.174215831153596,0.237515909726056,-0.95593224741707,2.93253767585664,NA
681,0.99050321402382,0.981401311404281,0.405184889845745,0.417526037617738,0.418257033525084,0.421864637557788,0.977259695670997,0.958126942415255,0.957438821417082,0.417825810955365,0.419124070534623,0.419198210038416,0.772451492401601,0.744859504962825,0.627469917148013,0.0320705596408159,0.0419549458022558,0.0649793641424944,0.0590341351651454,0.163200957496195,0.261590168046198,-1.50211419890815,2.29841547726461,NA
682,0.945278699974423,0.985277300543119,0.405184889845744,0.415410730702683,0.416873347638739,0.420274959864886,0.977374913379435,0.959182597429369,0.958824950091361,0.417106064273484,0.419087235575256,0.419126706404496,0.697896723545453,0.709484093511158,0.49494344446963,0.0358335574617026,0.0432935781594424,0.0651781856831596,0.0631134127216374,0.185564919303223,0.200595574188705,-1.78953161153528,2.31385260301593,7.15501043897355
683,0.979771273481274,0.992323133866214,0.405184889845744,0.413614060010603,0.413015341790623,0.416810707853567,0.980076406052536,0.958549441577891,0.958311425302507,0.417797305840231,0.419114144646784,0.419141919282925,0.771877701850987,0.728603851681851,0.565583243094692,0.0322510499209227,0.0413823742750829,0.0649293750352492,0.0560231579629971,0.136436742125234,0.26941660154825,-1.37106465474356,2.0466857534023,NA
684,0.978715555912902,0.988390190779536,0.405184889845744,0.411707361447004,0.411134299855963,0.415413082515771,0.980937946845438,0.960476295744464,0.959720593811174,0.417509661779668,0.419028507333323,0.419085919893371,0.778506659909021,0.73949973794155,0.60536196889337,0.0319739281875911,0.0408013017868622,0.064648147432013,0.0601454526952143,0.114396512811042,0.261945423705782,-1.57733708870232,2.33565154557414,NA
685,0.984295715017702,0.985203747800515,0.405184889845746,0.419113411492159,0.420645627612719,0.424091164255338,0.97885507196548,0.959479712666255,0.959079510234736,0.417595457881856,0.419040703613794,0.41910631878975,0.770614799049552,0.777609504234051,0.602042932485259,0.0322118107514375,0.041417223799333,0.0646582874079144,0.0632086997221617,0.166422702306149,0.231708273770901,-1.48594778620154,2.85810277313835,8.36037348082776
686,0.982484485118915,0.980924679314356,0.405184889845749,0.417028940565238,0.417397323976264,0.420915891827713,0.975764605616205,0.958881938158301,0.958024120930472,0.418420805182308,0.419087505823068,0.419154561751124,0.740346087787306,0.762016800394773,0.611087230822194,0.0336709298057885,0.0414804274266675,0.0648360251023054,0.0616988544050267,0.179846855958178,0.246091889963393,-1.4168993231171,2.75430933564175,NA
687,0.975849396717279,0.995397788085804,0.40518488984575,0.419922131737845,0.419942095799698,0.423904085336408,0.980805777596699,0.959425954863024,0.958609304314723,0.417814405256569,0.419051622782112,0.419134385346394,0.742337074053781,0.764313425104672,0.58618023780793,0.0337068327763369,0.0412488063397686,0.0654430312534323,0.0601575579693693,0.189030735658572,0.250419863430284,-1.40871565233508,3.07883450958223,NA
688,0.985707882638217,0.977245256725791,0.405184889845748,0.419402600414518,0.419877680867664,0.423408038152535,0.979244881912825,0.960022709012872,0.959496183130131,0.417766603366301,0.41911177313476,0.419120641505546,0.755579234646065,0.728047335880993,0.561930135937616,0.0328923982139398,0.0418329524978189,0.0647476835992736,0.0582664960407234,0.142904873518754,0.234365067480976,-1.13121828743839,1.84139633133508,NA
689,0.974965810985217,0.986008526005526,0.405184889845746,0.418594492262282,0.419126865686782,0.423226191853866,0.981349594580436,0.957448539653897,0.956971479408087,0.417288296378517,0.41915525617078,0.419214929057885,0.782834578799681,0.752690973552755,0.630591122425321,0.0312553486816848,0.0419986308255398,0.0651937181303427,0.0558733599071855,0.18912098343347,0.261755414439117,-0.89315282965405,3.03081119530173,NA
690,0.967293194087482,0.970077417369471,0.405184889845746,0.416031402906182,0.416372776215634,0.419689118735209,0.982520977727863,0.958338984097523,0.95836017550626,0.417455146935963,0.419103851469757,0.419139104728383,0.782183383741328,0.714756148811318,0.571447769839564,0.0314782665481905,0.0423947246769342,0.0647474121294958,0.057012191907682,0.139956608141815,0.238432630132778,-1.22493595770242,1.96275153052965,NA
691,0.975619332433053,0.987844498904718,0.405184889845748,0.412557272966813,0.413411764706221,0.417044392253813,0.986338810122875,0.959298858143734,0.958799636727756,0.417010070322059,0.419077546691983,0.4191212227948,0.839641103571338,0.766858417584277,0.642439467692724,0.0279759223656295,0.0409428436655586,0.0647339491373257,0.052531836608944,0.172082784965562,0.263549654772755,-1.06227487843539,2.57156982783292,NA
692,0.980378646604118,0.98936647825531,0.405184889845747,0.418434952002121,0.418089190758635,0.421915682367566,0.980446758085764,0.959711245673296,0.959595143631129,0.418344653731991,0.419068256846035,0.419082461824165,0.774366081973533,0.733899960519048,0.547940675683093,0.0317056682103113,0.0410740309049219,0.0645829660975716,0.0556176117422521,0.127843231196397,0.237913194781857,-1.16777191844406,2.3270130150571,NA
693,0.978794757939495,0.978026597918791,0.405184889845746,0.416351376397634,0.417147026021929,0.420770432229342,0.979258830576479,0.96052406443361,0.959966351786218,0.417868429716013,0.419042780619442,0.419083375296515,0.723773204809803,0.745402642662556,0.561451589923316,0.0345340867341705,0.0416937251164984,0.0645164982145188,0.0640772231214789,0.168538133785215,0.222984682371752,-1.47022645929373,2.50173310248943,NA
694,0.980932674962523,0.9833797110682,0.405184889845747,0.412669000335897,0.415255095809033,0.418921719876525,0.979243192176247,0.95942859892925,0.958974809436781,0.417589268476323,0.41906150202355,0.419111211752701,0.779650425801429,0.764060610493973,0.633683556275304,0.0318101448670345,0.0412357846188558,0.0647743189703771,0.057944478174971,0.167641110269463,0.253673633119606,-1.1676830305455,2.97448274650934,NA
695,0.965405904944424,0.986653695823603,0.405184889845747,0.414925773285842,0.414987502104277,0.418586458284045,0.978546106814735,0.959677627535202,0.959271169282913,0.417908865961514,0.419077354336816,0.419104699765197,0.73071004751216,0.715048983532887,0.553014175220128,0.0342998853245811,0.0410327998004796,0.0648570275116149,0.0607627796949478,0.112564708512981,0.26222195355437,-2.07835864994424,1.52566196153815,NA
696,0.957396731467431,0.979846066985964,0.405184889845747,0.412816420776271,0.414473915330778,0.418270185786865,0.983963680856788,0.960012935844156,0.959695094521746,0.417560742492772,0.419029078176823,0.419078010871553,0.797225028976699,0.768073659747597,0.599617642051939,0.0307541083613335,0.0413439556009006,0.064329864322036,0.0566436621448797,0.176384700862871,0.23121024082194,-1.26369872455078,2.83956765673941,NA
697,0.983550191909833,0.973785001597433,0.405184889845746,0.414474399461578,0.414586939663914,0.417932486207688,0.977283197916201,0.960059285244717,0.95931046541475,0.417966572336535,0.419035398220027,0.41912256418955,0.729981068174585,0.759792052984043,0.61054927817635,0.0343389504033401,0.0416663179636676,0.0645165298522317,0.0601378167069845,0.164965226711663,0.245040927925451,-1.51467848851568,2.67289065139764,NA
698,0.960399865320785,0.968402728640024,0.405184889845749,0.414084718500513,0.414548431355633,0.417770235752802,0.976754444304748,0.958751739813359,0.95898472529403,0.418239411815674,0.419124439594488,0.419122590110888,0.680447866937886,0.725378664873407,0.558769670753477,0.0368369445447459,0.0427076784021557,0.0646960351328663,0.0736648292821382,0.164117800168789,0.233659877704508,-2.07791188238934,2.0584602307614,NA
699,0.989212760639569,0.976645078506984,0.405184889845747,0.416779934527022,0.417794304254828,0.421139695910258,0.976007610421302,0.959690478602357,0.959115148859718,0.417799687999735,0.419040510645166,0.419122059876768,0.750822425330632,0.729463051115719,0.586092935024573,0.0331036982873689,0.041488971587412,0.0644734914428193,0.0572512720185959,0.135491935097076,0.254495123864657,-1.25187397379906,2.13706328547168,NA
700,0.972697753174084,0.977655555255895,0.405184889845747,0.412139131728989,0.411378850727457,0.415165136211569,0.980298139718295,0.959018381049052,0.959106500570865,0.417631386247706,0.419117973978764,0.41910926485951,0.741809110272256,0.749141931851572,0.559060514746203,0.0339663167602563,0.043156589443651,0.0647213017946342,0.059712166538883,0.181964819999014,0.204733898731921,-1.90442218882316,2.84347270090203,7.61140632280664
701,0.97740416760111,0.965765138024744,0.405184889845746,0.416264896356847,0.41608635325374,0.419578892720933,0.981289982017462,0.958341868902487,0.958052778825054,0.418395540426531,0.419126267525348,0.419157707311778,0.781785694447741,0.726843717255888,0.550198233561166,0.0313714084351707,0.0429402280401729,0.0647415979933603,0.0561729129866023,0.171866191956766,0.225618127168224,-1.33387306820579,2.60102110266787,NA
702,0.96514911731407,0.993821877668425,0.405184889845746,0.414733152721951,0.41513785518236,0.418946777988468,0.982420539492632,0.959619276874273,0.959515831289983,0.417631773045113,0.419050860345933,0.41908616419674,0.784064692246111,0.776040158707295,0.611660918919085,0.031266222059369,0.0407663954375012,0.0650194106667097,0.057969054631098,0.188719046508658,0.248888898026116,-1.17825518575951,2.73218132729804,NA
703,0.986794625580075,0.978915397272825,0.405184889845748,0.415135946535877,0.415237648842525,0.419374823675727,0.976037278570567,0.95816187678996,0.958311860538667,0.417392826962369,0.419082782348772,0.419141422483016,0.750408453857257,0.744261789250489,0.625000164660399,0.0331378301485853,0.0421319801036877,0.0647633572663847,0.0577178030559387,0.18242822037557,0.252976950265186,-1.31173793519476,2.85824656190145,NA
704,0.976652104412142,0.981742121627113,0.405184889845744,0.416103673648532,0.417945797976385,0.421867677543394,0.9780115091559,0.959856435825523,0.959097892885931,0.417067485191444,0.419027284144234,0.419131224435946,0.780954583576549,0.77386140576821,0.613146105526454,0.0313034365551631,0.0413231522289876,0.0645772248033745,0.06085560717205,0.156574089771641,0.231269874941478,-0.983310637824461,2.77933844223611,NA
705,0.989542759991582,0.989764692725756,0.405184889845745,0.417409949343646,0.418595984792867,0.422260686462383,0.980101412409035,0.957420693508504,0.956948488719122,0.41686697008699,0.41914473548678,0.419203909303099,0.803684190632169,0.739630860042985,0.572838664393349,0.0299389412958235,0.041800422874152,0.0653746100398476,0.0512768593966658,0.163675337509805,0.253638325438323,-0.865958826238872,2.47679368665337,NA
706,0.990033945929449,0.974608710459914,0.405184889845746,0.414277515807189,0.415281159645801,0.418938227512642,0.976724626042354,0.95877313548604,0.95829490393942,0.417686017589654,0.419092240360812,0.419145733979726,0.752608182530311,0.743156545143284,0.586585848057508,0.033100717594389,0.0420662496915581,0.0646746722351724,0.0590610512733934,0.155888682457062,0.237892076028013,-1.20291862201788,2.31596908749603,NA
707,0.981685310758923,0.988340320146112,0.405184889845745,0.416758202973227,0.417910801706571,0.42155846052407,0.985268267368697,0.957518341515392,0.957832965779781,0.417214299482896,0.419161540790931,0.419169445861804,0.837768679643164,0.755770325320088,0.599016864118848,0.0275624372046458,0.0422087482603558,0.0655193992063011,0.0491975424686399,0.191037389244785,0.246571305463104,-1.03419164684204,3.17592080088746,NA
708,0.984234002559564,0.992938678628912,0.405184889845748,0.412913573981269,0.414498061233324,0.418437600453237,0.977735389639133,0.958204478606316,0.95738701083116,0.417527197477612,0.419145358171803,0.41920166581111,0.755607876187428,0.765543691449681,0.607860635109687,0.0329943627499943,0.0415691620078497,0.0654781981417889,0.0576571870453195,0.173851468800262,0.251989742597517,-1.00683860889514,3.12366888469964,NA
709,0.968836632419584,0.985169550327971,0.405184889845745,0.415764916233121,0.417981987719265,0.421223959216577,0.976765927671972,0.959743690033498,0.959530941722269,0.41745598019146,0.419064555653388,0.419114464655346,0.706727459775038,0.769488917867161,0.583466542273457,0.0354334020080505,0.0420430372854581,0.0649927631100768,0.0645365098938209,0.202305756407066,0.223773479342202,-1.7260837858094,2.9171924757877,7.91604377663302
710,0.97912969110122,0.980330858879005,0.405184889845747,0.417107617098138,0.420470913173836,0.423872890150909,0.97935483196788,0.9594900779303,0.95875670762051,0.417174649396551,0.419060268696056,0.419123750580518,0.773806106808749,0.754341633875376,0.578640108565463,0.0317366348478449,0.0416659563040534,0.0646264606088132,0.0581623418886485,0.187667629295392,0.2401861743774,-1.23792428596572,2.23377055536746,NA
711,0.988997660041379,0.986270636886545,0.405184889845748,0.414856638458406,0.414306798718585,0.41826963059354,0.97955972945416,0.958595442995003,0.957887290385602,0.417595383684429,0.419065040589149,0.419164245278715,0.792233967196606,0.737591000761047,0.583119761274043,0.0307076448262383,0.0415012735037976,0.0649450862989065,0.0530272979560851,0.118564866128442,0.246088433806145,-1.02773839994944,2.14464127867497,NA
712,0.976832058700507,0.987290413845123,0.405184889845746,0.416951462873881,0.418936685161764,0.422866008879772,0.981197322519624,0.958143141267859,0.957384676572674,0.417279910499867,0.419099669116002,0.419184629009155,0.780539543267373,0.756017720152951,0.60964160057972,0.0313833299446185,0.0415613372227645,0.0651288037037641,0.055846016390499,0.174349194882317,0.251169918070036,-1.17077597134099,2.72261565183023,NA
713,0.962057720911193,0.969996003186709,0.405184889845748,0.409997245039248,0.410923489843673,0.414033080018215,0.981191552275801,0.95880473335182,0.958057448890903,0.417982638498895,0.419144349845903,0.419175245469488,0.758821102633158,0.726565703308802,0.586514698330126,0.033609762067659,0.0430889943814316,0.0653755722220847,0.065878226001207,0.17324845150369,0.236420031630847,-1.58930131335984,2.22791056160337,NA
714,0.98346449745896,0.981984390448064,0.405184889845745,0.422525479873808,0.425009479199967,0.42813229761539,0.977014987773171,0.960201381319661,0.960109447211563,0.417188195855957,0.418997996427092,0.419061050005358,0.737290658921631,0.750818108481618,0.570766164166947,0.0344862801990654,0.0419242786445168,0.064752171078307,0.0621194255760142,0.134943138415148,0.227467696035097,-1.4548055978986,1.94847319104242,NA
715,0.981315590319194,0.989256567937796,0.40518488984575,0.419514811205647,0.42058730714722,0.424002649798323,0.980576714163826,0.959119547101953,0.95902595752721,0.417337855623418,0.419074991067204,0.419115030675432,0.788579630395256,0.752403187119645,0.618250296938412,0.0311477708174196,0.0408928240638154,0.0648468738871355,0.0591860416095615,0.154924822250639,0.268419371079871,-1.25110165131808,2.31251756707474,NA
716,0.973668844957976,0.978816598410031,0.405184889845746,0.41923039123492,0.419246512007787,0.422892698952392,0.982035959224952,0.959812463197027,0.959384480632851,0.417952484250837,0.419053304198799,0.4190951734362,0.801530300489082,0.728234375294382,0.583854115879602,0.0301846186163221,0.041389174956569,0.0644070038434839,0.0515643806909256,0.157846164784333,0.262272881812534,-1.36423953305896,2.07908432265771,NA
717,0.973510111601476,0.978154799977485,0.405184889845746,0.413796330646817,0.415521961625053,0.418971349221224,0.985042707505405,0.959113080142201,0.958893279909513,0.417139487207206,0.419071059319427,0.419115452270422,0.817993930242327,0.73488584361424,0.577070455289638,0.029059030279933,0.0418163569298146,0.0647809938392211,0.0515262588597623,0.167820848955341,0.240789964780781,-0.938389103032169,2.41231411972729,NA
718,0.977922516016702,0.990057639409827,0.405184889845747,0.417501791956791,0.418473908492697,0.421856408430345,0.982226795925658,0.959237197441362,0.958470135776073,0.417356730500933,0.419053002452519,0.419149209864207,0.808808974447299,0.742567473327082,0.582016848926558,0.0295124358896075,0.0409535798051917,0.0650747787713776,0.0510061553011706,0.149730928305708,0.265004947062115,-1.12485535801969,2.72193032790968,NA
719,0.975973162125738,0.98885630887526,0.405184889845745,0.421600601069075,0.422516641927048,0.425985703094263,0.980242653651031,0.958760370113829,0.958590860396325,0.41692651571301,0.419141811017012,0.41917997080393,0.789231248815007,0.726676782576608,0.557272828969477,0.0314104727163153,0.0419066335676356,0.0651786127271039,0.0567677181675625,0.115659893537359,0.254837521310637,-1.1425821891884,2.46949366081191,NA
720,0.974538229622305,0.973372473388304,0.405184889845746,0.41758423581693,0.417104376073793,0.421369042227442,0.982602205193491,0.960324801873186,0.959372204841558,0.41765039009461,0.419024031246338,0.4191001989797,0.779598560004122,0.722321231419693,0.609418969279117,0.0315061449485819,0.0417360421740462,0.0644251090916407,0.0669004793877642,0.138742369338596,0.243680463094762,-1.46534476557645,1.85876708674176,NA
721,0.927056414214657,0.984771195626412,0.405184889845746,0.410101754543486,0.414577515116675,0.418155423926576,0.982069821191008,0.958217879303504,0.958076315159431,0.4168802424964,0.419134077655147,0.419153239636371,0.73069069752083,0.71334460396127,0.567276359317075,0.0347293914122535,0.0416556727073597,0.0648169837831613,0.0958415458138235,0.13208085631286,0.27146226887426,-1.13536795959699,2.15957010897714,NA
722,0.963631840714623,0.982400170298544,0.405184889845744,0.422910240142355,0.423369135980625,0.427030985103215,0.984222442110014,0.959784451369777,0.959150717855815,0.417271721138367,0.419061203105388,0.419110462122442,0.77885621645426,0.759924431387747,0.599421061292007,0.0321083961619002,0.0416562165775901,0.0649556753500232,0.06476780727318,0.17737724650353,0.245832000598389,-1.29509502404254,2.92951943104445,NA
723,0.984218822680004,0.974527293357762,0.405184889845745,0.413281846457866,0.413729222687128,0.417741343640938,0.98137148332038,0.958398874199792,0.958771237334131,0.417649247655073,0.419130058817283,0.419120315377141,0.786257342431368,0.746765223806262,0.59231112554423,0.031260025252806,0.0423774477461762,0.064632784942319,0.0529560591699472,0.173385067554046,0.231161313402237,-1.04950672593047,2.54213910078629,NA
724,0.978726738632869,0.987519093039999,0.405184889845747,0.413722004483794,0.414155679551806,0.418045919366286,0.982500172418311,0.958257227102781,0.957512871655139,0.417141458940446,0.419104861148646,0.419187336878398,0.805709303476144,0.745968259975051,0.576527583566972,0.0299385782229715,0.0418869073798359,0.065388974155238,0.0513109793183146,0.157491559007268,0.236504967890389,-0.969464751517731,2.7835277063638,NA
725,0.9856164213612,0.975726064818352,0.405184889845748,0.418333618091396,0.417623410931408,0.421413484306948,0.97592642757721,0.959319323724175,0.958798568111117,0.41832407797522,0.419073372561868,0.419119070770829,0.741012229355672,0.75583048562729,0.596484110663339,0.0336648039685492,0.0420193904285406,0.0647525025824424,0.0665611527970904,0.156935203109503,0.218435041261911,-1.14397865901174,2.10441702726956,NA
726,0.988185648146542,0.989414570462313,0.405184889845745,0.415283934219897,0.413995047887565,0.417969066494182,0.980296098736317,0.958198544754147,0.958705041261162,0.418823862462397,0.419171749978951,0.41913959434922,0.776900015875194,0.736729776765556,0.581498626245855,0.0317015141245741,0.0419112450590677,0.0655398979592846,0.0564284703392676,0.169322715040979,0.256055099922387,-1.11814645638297,1.9300333180423,NA
727,0.968397610596732,0.983978311041603,0.405184889845748,0.414235333089137,0.415588494520905,0.418955412244434,0.981994710389378,0.958717625705934,0.958301612150345,0.417318409777123,0.419109423595167,0.419155047261314,0.78055580801409,0.761536614043515,0.603391730375014,0.031485243831614,0.0417112741516639,0.0652842337627594,0.0584378502221743,0.182775317750787,0.24844168429228,-1.31247857110669,2.91899330773563,NA
728,0.993478004548387,0.990886852207388,0.405184889845746,0.41629853900896,0.415780803533109,0.419810073915556,0.985747435140066,0.959436810510438,0.958758961721665,0.417955018141153,0.419074235634113,0.419123706588222,0.858837820735331,0.755098983969136,0.593369417117711,0.0258293420894459,0.0408550984746308,0.0647641239544058,0.0402441792478763,0.167042950467487,0.252371135939291,-0.710737463182061,2.78663826412047,NA
729,0.985780381438549,0.978687252890167,0.405184889845747,0.41679060862978,0.416582716269793,0.420482461919903,0.982491143708506,0.960093650968314,0.959311367696076,0.417556386635447,0.41904515915031,0.419104591767246,0.818200711969471,0.738426967930998,0.611400475163961,0.0290076708637046,0.0413377066047474,0.0643655232141365,0.0525597853699145,0.151997227220113,0.255490806089624,-0.911291420106916,2.08960764340135,NA
730,0.972071494381293,0.995182977370185,0.405184889845745,0.409109057785906,0.41041435647064,0.414079743736362,0.982971830020678,0.95887125453804,0.958346935763373,0.41716554092245,0.419099569296777,0.419161265349836,0.800120249293188,0.748406944171669,0.616745734957471,0.0311011634974059,0.041195977270628,0.0652677075167933,0.0555647570406912,0.159596554333985,0.283679006295731,-1.10521289366024,2.43201120453971,NA
731,0.972662601980055,0.984260142487686,0.405184889845747,0.410377070115827,0.41032290072932,0.414029980952145,0.980772892260369,0.95836531956784,0.957748008623078,0.417682655445619,0.419093453392249,0.419172178849466,0.759072181562372,0.733640533925716,0.574846941118461,0.0333817729101539,0.0423147869759913,0.065665705297572,0.0641204111289684,0.157216263637002,0.250556095331337,-1.49923885030518,2.07804494981354,NA
732,0.989009591176354,0.987574910718062,0.405184889845746,0.41839310940349,0.420488391788954,0.423950092185785,0.980500338957227,0.958868290354218,0.958418855000395,0.417104769792651,0.41910829046542,0.419165510119467,0.792518190106635,0.730752412798045,0.540966075506314,0.0306809979637287,0.0419144044579943,0.0650724561536498,0.0501782425218985,0.11721629020159,0.229852965639511,-0.886467836926024,2.11252624077498,NA
733,0.982811377726276,0.982890408575141,0.405184889845747,0.417830014722123,0.418749729303328,0.422116883720374,0.981127874733987,0.959086600753288,0.959092726530464,0.417390671328176,0.419055067110071,0.419105981951991,0.787422964798207,0.774615292824641,0.634360649737749,0.0310599778122963,0.041260423303703,0.064518181309301,0.05645045297653,0.179268359206839,0.256412764123551,-1.32276706871367,2.49733354873216,NA
734,0.983884663543456,0.974609222020365,0.405184889845744,0.417521096486324,0.418037406444742,0.421750038459945,0.982035059271853,0.959370138952956,0.959176995895822,0.417688332111624,0.419074944046546,0.419104485184958,0.804935169280281,0.716929872001131,0.570770366233078,0.029888740180085,0.0418417594490299,0.0644271383971089,0.0498450770067173,0.14237113496643,0.254845267615489,-1.06878908443986,1.91997539716278,NA
735,0.986713152940166,0.976726589035709,0.405184889845745,0.420703455110162,0.421347304730991,0.424815724924706,0.980447969152557,0.959486009059388,0.959258291423832,0.417869304792704,0.419097833735149,0.419126450097643,0.763519799853188,0.731652757059545,0.54842892642655,0.0325748546381087,0.0426397276545548,0.0648968477112472,0.0552154203070047,0.147795582947156,0.219919053919808,-1.18705731494312,2.54659648594813,NA
736,0.974413839524739,0.985184466743007,0.405184889845746,0.415421867614792,0.41454891298645,0.418224232049759,0.978862159173115,0.959130899741688,0.958531141837904,0.418235353723083,0.419096909242075,0.41913363991627,0.743317442929444,0.737984131861327,0.604905886176081,0.033689545827427,0.04119674008269,0.0646987354692822,0.0617036570175289,0.141571582069592,0.269205545400198,-1.42831279246644,2.05037881818784,NA
737,0.975746714497236,0.983995860076733,0.405184889845744,0.412395710373698,0.412997231400534,0.416504964838141,0.979371450520806,0.95952381170062,0.958957371379265,0.418052570742095,0.419081201955112,0.419125769602053,0.78091688454146,0.734936342677627,0.553685626890304,0.0317011040794065,0.0417572940623109,0.064671990103932,0.0565683108921661,0.170443514836399,0.247353752681177,-1.13345582102973,2.10753941266413,NA
738,0.97727751266667,0.984321084705388,0.405184889845744,0.410905195978117,0.412431450636961,0.416235444536358,0.976276369039578,0.958917193015198,0.958616465526762,0.417613320767249,0.419083646724094,0.419144058926277,0.745074330187891,0.748038948852152,0.574448199475407,0.0338687289035774,0.0420777442228755,0.0649713748714431,0.0613775605799219,0.173896045712418,0.235056456312224,-1.2354131894058,2.19766905978459,NA
739,0.952776691359688,0.975846634333845,0.405184889845744,0.412803116583936,0.414439188909029,0.41814926109963,0.979793678820567,0.959509113206378,0.959477710847332,0.41767558188745,0.419064086259981,0.419093111942287,0.74515001044501,0.727236703338753,0.552283895758139,0.0336718244042952,0.0424528805340644,0.0649914222750821,0.0567946951759024,0.161591142812439,0.216266134311348,-1.59698971400616,2.38685019675105,NA
740,0.98345000182489,0.98573618271194,0.405184889845746,0.418923735882463,0.419989661987737,0.423471426522552,0.979815862461838,0.959530226153364,0.959284254690765,0.417599921277286,0.419065135730897,0.419098516588207,0.758463947958897,0.766761825072374,0.588284872395994,0.0328972539431605,0.041517025656898,0.0647381417531009,0.062823836843383,0.165999083380985,0.22676726957985,-1.44958953073399,2.33500415047648,7.93431097430221
741,0.975492300991096,0.969626444976509,0.405184889845745,0.412480836285846,0.414951695449278,0.418518787838614,0.979944814811872,0.95868843838748,0.959023387180961,0.416551153468325,0.419112627539491,0.419117499357037,0.765694919534187,0.72156145565643,0.551375299137913,0.0323726303673512,0.0427398724735295,0.0646717431701304,0.0597068352382676,0.14326008911152,0.220616265956469,-1.30460128418384,2.37923994328345,NA
742,0.966538415651838,0.975698308417799,0.405184889845745,0.415515869391873,0.416700774434695,0.419838420510354,0.980994879959285,0.959836797321382,0.959437915552347,0.417688098099151,0.419060632942407,0.419102698719591,0.750254474677453,0.738264359084282,0.554729396025916,0.0331900445436124,0.041998338625298,0.064597928442965,0.0597597985381163,0.164421466232587,0.234662982494225,-1.39762233942229,2.51665154438168,NA
743,0.966832357950942,0.9841918718318,0.405184889845747,0.419440767748944,0.420631332738076,0.42422267458146,0.97961222040838,0.959134247276583,0.958994966570908,0.417598091457708,0.41909081251733,0.419110293556635,0.780239326608353,0.741199501613386,0.559903726277817,0.0315032050608693,0.0418043230595053,0.0646988327623532,0.0594885627338858,0.171145599822899,0.243040918529244,-1.25453168027864,3.09291902528898,NA
744,0.978327043413271,0.986390027823243,0.405184889845747,0.413209655706389,0.414474696527518,0.418205273178256,0.97971806939031,0.958788012403832,0.95786615122502,0.417050759497281,0.419155781063551,0.419203313012075,0.742836879602382,0.751474674558666,0.606615372507581,0.033717197481935,0.0418554037515727,0.0652051200840362,0.0584025059490454,0.156480751986239,0.255207646416272,-1.40936617411559,2.82111416409467,NA
745,0.979329486775363,0.981490238918625,0.405184889845747,0.415766058932282,0.415621907015768,0.419767943704083,0.979690042415386,0.959138843094972,0.959060326767548,0.417184635538128,0.419037635425824,0.419112375155782,0.765783252385859,0.733491660281908,0.575388612726687,0.0323377042603718,0.0415293170026192,0.0645848349343482,0.0607225174454949,0.149886118013244,0.241992913368385,-1.38589446048386,2.43459721179756,NA
746,0.988130069332957,0.982839613617838,0.405184889845745,0.416084436597834,0.41837513049807,0.421452229095958,0.976725562247985,0.959870399566629,0.959055178508925,0.417436401821297,0.419060915942769,0.419131537768408,0.758057999627695,0.735650405523516,0.540588880624366,0.0327175842215562,0.0419957886046908,0.0649140712596393,0.0577754747268075,0.175865903708717,0.223139469073168,-1.23008521066969,2.27054898496274,8.38793707940563
747,0.958088467322165,0.97930278356615,0.405184889845745,0.415795719028097,0.417225756431756,0.420641798689991,0.978100451825129,0.958113993522709,0.957929111689901,0.417532281512141,0.419142813901212,0.419198800117847,0.723585492950856,0.713745482275904,0.513967347368993,0.0345657199483625,0.04327571787757,0.0651250026994862,0.0598819958514017,0.17333979542632,0.207364133860447,-0.99137279794153,2.23731041828376,8.43720436229444
748,0.957053882121072,0.984922392077057,0.405184889845746,0.414023687657853,0.414755326613364,0.418035054150598,0.978833894461927,0.959932106672601,0.95947027027644,0.417619790255757,0.419029831503715,0.419091933617917,0.733050463450679,0.766892035487881,0.599921505316594,0.0342521546349736,0.0410775887458101,0.0647730866430813,0.0666906323491825,0.15533292266533,0.237599468100712,-1.76130174669191,2.80871221876915,NA
749,0.983837914431207,0.989175788663675,0.405184889845744,0.417265863538109,0.418175343213623,0.421659973623062,0.981995497528673,0.959222169898889,0.959111915649257,0.417640181108389,0.419061256754876,0.419104622985503,0.787570638633388,0.75950027060746,0.584095124691489,0.0309889632624144,0.0412883390015597,0.0646198265856817,0.0584709500606174,0.16928110106791,0.247041344054305,-1.11476348620189,2.56471544861399,NA
750,0.986159451772182,0.985957094611743,0.405184889845746,0.41207361291539,0.413457904385414,0.417045734673298,0.976498353627158,0.960848277927096,0.959907583737376,0.417314892198076,0.41899091553575,0.419100282554374,0.764573060522836,0.79545161042611,0.661575747363762,0.03266222258998,0.040604818866545,0.064387022345993,0.0614279513147515,0.191052289226706,0.257596032787626,-1.27931550321212,2.81190008239906,NA
751,0.979200093233084,0.986314893461792,0.405184889845746,0.419149710311852,0.419398242843656,0.423304926786353,0.975379115426093,0.959487120717669,0.958559718905337,0.418557478083971,0.419046729970843,0.419130927860679,0.729949862278077,0.774017886860852,0.626966626381888,0.0343097619366019,0.0410899979147925,0.0646716005680216,0.0603624464181829,0.2122530572203,0.254522469223177,-1.55049997182762,3.00800838672024,9.72780182503111
752,0.978225138830253,0.990447908531479,0.405184889845746,0.41216639372844,0.412938660272194,0.416739921041536,0.982548200318091,0.958669953599487,0.958472991913516,0.417632830859121,0.419095811800042,0.419135289582771,0.806414935081224,0.736837928347945,0.56797434098941,0.0301048174303717,0.0415827117029107,0.0651350151449526,0.0521478033328191,0.173331613283895,0.255848395927484,-0.999604977987588,2.38056324546726,NA
753,0.98541327220035,0.979908650690564,0.405184889845745,0.420348521070387,0.4214685193877,0.425357098027753,0.977697372600094,0.959871297810921,0.959511793330511,0.417011730709934,0.419052488013331,0.419092073774824,0.75619416137307,0.747319045637936,0.568497007571157,0.0330953693476896,0.0418000392065762,0.0646498187244713,0.0571544672722336,0.16542331770974,0.22581646632389,-1.17618373473345,2.48061659410341,10.0618718529887
754,0.970943047853446,0.992012640033027,0.405184889845748,0.414262426095477,0.413819580936023,0.417632276920291,0.982071428943674,0.959403536851361,0.958791282485755,0.418040991044012,0.419089225455693,0.419119320644435,0.786953266038535,0.73838045689264,0.576497728953617,0.0312550370445029,0.0408837593072956,0.0649962988666307,0.0580144834522076,0.132825712123006,0.261886311350225,-1.70597764158052,1.97430954780137,NA
755,0.988488033296531,0.981131536418304,0.405184889845747,0.414731404221663,0.416615719845453,0.42043051164683,0.979129797905052,0.957812456595336,0.957551708489773,0.417476874498356,0.41914764562835,0.419181970761335,0.785926694937714,0.724839790454776,0.580765968524997,0.031053364342822,0.0420943559792073,0.065010017591425,0.0539845576198979,0.177612838669896,0.259214942077292,-1.1625123787096,2.46571812014488,NA
756,0.985594812203255,0.97856768263902,0.405184889845747,0.420441975746843,0.420987615212569,0.424459903591466,0.980485162893563,0.959026435420117,0.958919307424516,0.417706753958913,0.419090611165831,0.41911914759184,0.768015406684504,0.763598530153404,0.583977026919341,0.0323390357644544,0.0423443386039052,0.0647361758427351,0.0576337390313078,0.2041457341952,0.232515834978162,-0.984363863762913,3.58044752693739,8.7941818308758
757,0.970838071095983,0.977266455272061,0.405184889845747,0.41678205194969,0.416236783336322,0.420001560054062,0.977145919099476,0.957955289169863,0.957373202538375,0.417987861695503,0.419142464828989,0.419186460490189,0.723853958083318,0.715425451574037,0.549140265993277,0.0345856075836653,0.0423382300711861,0.0649116688785494,0.061040435446681,0.172518835809306,0.253999976316301,-1.4390825085594,2.16545331106071,NA
758,0.983754384207771,0.983902385816697,0.405184889845744,0.420768585481435,0.422401057588087,0.425894426362719,0.975697127417739,0.959932122939537,0.9592815483424,0.417548963567656,0.419058298531185,0.419121656182358,0.756231583391838,0.754686964564461,0.573100422077966,0.0330143035386481,0.0417572369576574,0.0647687179458989,0.052705478733745,0.169715731125859,0.234219848106867,-0.998198564479602,2.41512950557948,9.87561170175453
759,0.971955764978097,0.992230597258643,0.405184889845745,0.421045567278617,0.419569092277793,0.423591488984346,0.978649867889826,0.958440240236529,0.95798853942833,0.418115399987998,0.419129775214577,0.41923062636529,0.740319338125871,0.762566568224784,0.63781684895233,0.0339183413298802,0.0416310945266786,0.0655104927369745,0.0625470276135901,0.195473805020952,0.268797308095369,-1.84629155334187,3.37089041207988,NA
760,0.988645607584295,0.990320141213649,0.405184889845746,0.42041752048887,0.42033880684703,0.424334110555604,0.981089060792488,0.960273821832203,0.959822046811283,0.417948229779429,0.419029988360511,0.419099380753963,0.792809339128331,0.752990114666973,0.630307780928804,0.03111139210985,0.0405303246937587,0.0645004243927906,0.0563600411904977,0.138216561117937,0.27290353801471,-1.41752088701307,2.16571248440054,NA
761,0.983839971517843,0.984745505869917,0.405184889845742,0.409302678337886,0.409712742790892,0.413950320813836,0.976941791188158,0.957579936235875,0.9577133899093,0.41745853466744,0.419094865685259,0.419172166493116,0.746108676601491,0.739745159590822,0.604937361081085,0.0341470492845743,0.0427334128808714,0.0656817164298591,0.0600439694509738,0.165492076946214,0.249231616034751,-1.27969415981242,2.15236283136212,NA
762,0.938768607604806,0.977442998413995,0.405184889845747,0.413751235480907,0.414814360776067,0.418775911229044,0.982066710548651,0.960379292276589,0.960041513165948,0.41730284265639,0.41901695119101,0.419071362298185,0.760984951992377,0.762476887497682,0.592807020565117,0.0326390273677881,0.0414432974920117,0.064370258791813,0.058782039992168,0.178042949797861,0.217598976790114,-1.28422724013422,2.61427465368674,8.91737258378053
763,0.984836933225366,0.982349993692483,0.405184889845744,0.416807039279057,0.417118702432799,0.421030665401697,0.977553255723791,0.959862857307729,0.959320194156382,0.417568409483051,0.419019807365084,0.419106982742859,0.751972917263447,0.749687847639196,0.611796774314668,0.0331015257076055,0.0410042506046324,0.0643997973171816,0.0590549161418432,0.145960720775315,0.257484509161776,-1.25688542443627,2.12758764171481,NA
764,0.974529593555472,0.989719242423138,0.405184889845747,0.410400191720876,0.41117406208153,0.414828558099217,0.978404270216729,0.9589134281719,0.958902776320118,0.418223452930689,0.419073745242908,0.419114677154067,0.733553783761316,0.747221315017219,0.597394983858433,0.0347215580365415,0.041448944738182,0.0654406810752148,0.0611822870218855,0.154881108803262,0.266387426060244,-1.3366712820137,2.56249200232652,NA
765,0.970498528862985,0.976513240940572,0.405184889845749,0.418508096883856,0.419565773948652,0.423199316427411,0.983487351173338,0.957772520047975,0.957916045885336,0.417300112595985,0.419132663624908,0.419164841008258,0.799324084607268,0.719674659392558,0.530402235020674,0.0304082934802516,0.0428857847963513,0.0649738411229725,0.0604281060701662,0.160829255799664,0.218522996857802,-1.15502886126878,2.27274468699642,NA
766,0.988268213094997,0.990578012056182,0.405184889845746,0.415974350406871,0.417054138857056,0.420908144195241,0.977657422205541,0.95778236321516,0.957719753866132,0.417194391373875,0.419157102178924,0.419175509983444,0.761445551292668,0.757590003421283,0.61769194187519,0.0325431190211759,0.0414799263718332,0.0650882545601776,0.0558737635787375,0.166257440291045,0.257961375479303,-1.1736386582757,2.38771428526836,NA
767,0.982946585810468,0.991871328569131,0.405184889845746,0.422242631545635,0.422640357704183,0.426503865445661,0.977939694199497,0.960485638385467,0.959687299218797,0.417766687260791,0.418982861957714,0.419090330502049,0.753769499830289,0.771704016992663,0.592514715185265,0.0333526545915962,0.0411140111710593,0.064928876781093,0.0557338835066962,0.144301850400944,0.229157312157266,-1.02741237492918,2.51486477924847,NA
768,0.983715084682314,0.987142600015934,0.405184889845747,0.420666867179793,0.420476212051434,0.423997878615645,0.981160326487378,0.959694017372899,0.959586305872182,0.41799595710209,0.419063428920507,0.419089091887,0.811397676901387,0.758386261876833,0.610886618175746,0.0296916137842383,0.0407874880108182,0.064513130937889,0.052463465368209,0.147364370403932,0.255938200104934,-0.970573647098575,2.4216910006048,NA
769,0.986429017144833,0.987119975140396,0.405184889845749,0.417478054668218,0.417672159410272,0.421977077554173,0.975837288786446,0.95934156392191,0.958901672762382,0.418009935076974,0.419072817313197,0.419123987889631,0.766160959852397,0.768897693356292,0.641264872984647,0.0322206468520615,0.0410417502828995,0.0647974881157171,0.0605017565443855,0.209589551645893,0.262826505084864,-1.32371837954872,3.23826093827183,NA
770,0.986283067062869,0.981679316498427,0.405184889845747,0.415516056420251,0.417959672345147,0.421224384184486,0.978648535997059,0.958617535708868,0.958200202048377,0.417083451728049,0.419117868025648,0.419146609182384,0.749795725889206,0.759726164802241,0.603864915428219,0.0331296419906094,0.0416136634670314,0.0647999315512076,0.0589527715926159,0.173813864646796,0.242319766624604,-1.11915847731192,2.65031412321062,NA
771,0.965873592342491,0.994043523738016,0.405184889845746,0.417584345355188,0.416568109896899,0.420404346855489,0.980868727839119,0.960215524413901,0.960246571117793,0.417716626288171,0.419063314473779,0.419052795073496,0.765968601454021,0.735163722072328,0.58550970781367,0.0323746004717839,0.0400028254426277,0.0643852778107253,0.0627278199160826,0.102577093497815,0.278686567996513,-1.95508034917165,1.822335980193,NA
772,0.9829027285099,0.975885215244474,0.405184889845746,0.420997651050411,0.421071555015027,0.42494568947563,0.982247676115128,0.959614130968297,0.958935618579856,0.417839954250131,0.419069716907478,0.419112692756363,0.810515006897653,0.727522814346164,0.580392095942564,0.0297261055031008,0.041856536283268,0.0646160483681211,0.052836530831712,0.133493913471968,0.248292578997777,-1.10133086043777,2.19337819621146,NA
773,0.988880765867396,0.987459859424204,0.405184889845746,0.417854794647619,0.4181796385801,0.422018408130229,0.975548049640341,0.958921719174298,0.959077147289364,0.417966420455645,0.419092998839904,0.419108680890472,0.736566993800979,0.744630222337788,0.585710558640878,0.0339041489527909,0.0412690105279288,0.064726617400194,0.0707823224622632,0.150796538130116,0.248635643141347,-1.61913564474984,2.60337473464724,NA
774,0.973026802308458,0.97020553258582,0.405184889845745,0.421279095435842,0.421672767626768,0.424777159169187,0.981980153241694,0.959798445668738,0.959341237706535,0.417746559989997,0.419028847401535,0.419094147371683,0.78860898553311,0.743830847201995,0.591384221624095,0.0312378802731214,0.0419423314787603,0.0645265756715664,0.0593817720834243,0.179130588284245,0.250646956923438,-1.06361508445832,2.61068486444631,NA
775,0.980262552201408,0.973957425404499,0.405184889845746,0.41388415756546,0.413211153772836,0.417327636832693,0.983950228372012,0.958497898831346,0.95832354201442,0.417927495820482,0.41912564947904,0.419141842131309,0.818752126772298,0.72768595524624,0.573506902844728,0.0290968489808816,0.0425938706966913,0.0647651803492053,0.0519774539685507,0.157691066979262,0.240810670357733,-0.933119735407896,2.35296415951521,NA
776,0.967114036767799,0.976718469799799,0.405184889845748,0.413703178587877,0.413588710659807,0.417749361022997,0.976324250682519,0.959257258532317,0.958464507118,0.417552290105013,0.419044974902101,0.419134358227927,0.709485735810404,0.733174023271616,0.602059548180903,0.0354235974488123,0.0419903867296381,0.0653709724307703,0.0634042034676395,0.132287824232873,0.238157783174114,-1.63103252820648,2.20092545993778,NA
777,0.973023794916158,0.985859127904434,0.405184889845747,0.416654260073245,0.418209776970489,0.42162474589918,0.97958277700339,0.95978596469459,0.958858853727477,0.417136507162731,0.419021723555067,0.419129476028544,0.74395798501941,0.767153335538391,0.608076711219669,0.0335049411955421,0.040935158804777,0.064771489837536,0.0604745649243189,0.177002876096473,0.245554810403911,-1.50077660034522,3.01287784259198,NA
778,0.965648170731014,0.954646406012164,0.405184889845746,0.418736140167511,0.418888601054789,0.422109988502755,0.984266716763632,0.959124497810942,0.958650406569162,0.417645396375531,0.419100567918572,0.41913096484065,0.813179032939685,0.714710148284425,0.555451364751893,0.0294201782825252,0.0432477883011448,0.0646841827720794,0.0543091756061615,0.139212461325585,0.216691062654604,-1.1005432568999,2.33397239002805,NA
779,0.985958313941386,0.992628985603449,0.405184889845747,0.410749895890023,0.410996349638065,0.414889578722584,0.975777752790749,0.955818095710452,0.955728466654254,0.417741029436763,0.419197634144587,0.419266469334491,0.736459924491437,0.74158990478464,0.622167334678906,0.0344470438300264,0.042520902497178,0.0659728668023241,0.0723568681402171,0.189946501748538,0.277729046166403,-1.58552678642941,2.75829556350145,NA
780,0.979914347954487,0.979566222304492,0.405184889845746,0.420758117093698,0.419885272542904,0.423708856719412,0.979316986563309,0.960133332569038,0.959286174217297,0.417863118976156,0.419051562231858,0.419143199454938,0.758141278369363,0.734103708480807,0.566040018066559,0.0329180215095932,0.0416102273325341,0.064737326899656,0.0604515338232295,0.172255006858945,0.24291059197866,-1.44889523974575,2.48511282394046,NA
781,0.976308026135656,0.983082763657826,0.405184889845748,0.414897997250731,0.414973181869491,0.418437221359828,0.980035105302335,0.959621980249694,0.959518476775573,0.418054904953334,0.419065172111895,0.419104933265816,0.768531585737554,0.754998532198246,0.5706455479873,0.0321784686014694,0.0417771794097574,0.0644931747943977,0.0622756607800706,0.152247612547909,0.223654578852415,-1.17700264547767,2.42319248972977,8.80780413353453
782,0.9722139373912,0.982070712927364,0.405184889845744,0.415657231804105,0.416850800458316,0.420540815070552,0.983519115699733,0.957077886043268,0.95727177995038,0.417491034183422,0.41919265660759,0.419203295042151,0.772545520891686,0.754848692214936,0.592911878788506,0.0318421204742273,0.042666145138849,0.0652234296333777,0.0553429022626463,0.19903013374309,0.241404094636412,-1.09604933974834,3.49263681091284,9.02222831980793
783,0.972914127782789,0.992014866421853,0.405184889845744,0.412898772533956,0.413222967941941,0.417169830183161,0.979278230212216,0.960147128129771,0.959532713233803,0.418000976455356,0.419041377401182,0.419095309210227,0.74372220298673,0.78014724575104,0.630307695936599,0.033811537503141,0.0407200328069152,0.0647075940456343,0.0615640326593534,0.192199173492102,0.262716650097661,-1.22008171338355,3.06630453212842,NA
784,0.966745133032466,0.989720773940577,0.405184889845749,0.418613714801228,0.419319008269099,0.423042314256988,0.978548956827606,0.958881737879553,0.958549536244752,0.417405486892593,0.419089043696787,0.419130662703371,0.732117049552885,0.75057291004577,0.562690701788208,0.0342272075820952,0.0416621924082729,0.0650526741389606,0.0620045211762554,0.165123304856547,0.2325470956246,-1.38740356830938,2.54710517196965,NA
785,0.970112159735302,0.972248464372523,0.405184889845747,0.423083095275116,0.423506305304638,0.426770683290158,0.984286111565357,0.959384969668178,0.958234090558202,0.417378393836685,0.419039078449267,0.419149641149162,0.81204679442068,0.732430249244637,0.563183439412013,0.0300367334854878,0.0423585015219571,0.0649833803612268,0.0559228009210805,0.148509272067262,0.239589466402811,-1.15424760519118,2.37556671220233,NA
786,0.979617705174067,0.992137566414027,0.405184889845751,0.416836223833139,0.417701197506311,0.421199979515162,0.985371573126918,0.959264815523165,0.958877032843647,0.417451423427161,0.419083466530042,0.419118354766004,0.836224007893883,0.750627147860977,0.59964243188135,0.0277219241828327,0.040689388298849,0.0648717361645574,0.0489233640239323,0.160171913150195,0.269917512164006,-0.88922369659816,2.10528419616774,NA
787,0.981371110019534,0.988644204371358,0.405184889845748,0.414351687724865,0.414901174546561,0.418828972265967,0.976183900583975,0.959317307259132,0.959399844076472,0.418271857517657,0.419101916750644,0.419104658225181,0.724756081062168,0.725442395226596,0.541736576506246,0.0346389285305099,0.041545887199406,0.0648856229207144,0.0596769489608395,0.153037808509482,0.244777333719736,-1.33526689355353,2.03350942980585,NA
788,0.960218240845707,0.97567278285422,0.405184889845746,0.415206928715058,0.41762909469191,0.420907144386515,0.975789064868717,0.958121775290149,0.958446617039022,0.41798926691165,0.419146503644503,0.41914695497357,0.748155980211747,0.754734888345237,0.604670507005625,0.0332277086110984,0.0422642847984943,0.0648187308189726,0.06254462243025,0.150793341046082,0.23339955475214,-1.32020539305887,2.69477912260875,NA
789,0.986893488225653,0.979527878942357,0.405184889845745,0.415879953529908,0.418271486418327,0.421359230339947,0.978107267834249,0.958858841682339,0.958468082614595,0.417716480558436,0.419085817329865,0.419152148713864,0.777507300805555,0.753829953517128,0.653502016771798,0.0316372274677591,0.0417718500319198,0.064677320690293,0.055485741770543,0.198293100704177,0.27007103319904,-1.40145362049739,2.52119644424932,NA
790,0.968426176567002,0.973923852809971,0.405184889845747,0.416623814582048,0.418459985704081,0.421701472841758,0.982230761946716,0.956661384559742,0.956652747399003,0.417144347287304,0.419207511783121,0.419225458350541,0.77333303333344,0.71834118054799,0.545169546966323,0.0318569598389796,0.0433107792875429,0.0652891087558343,0.0565274953364405,0.16909346148299,0.23491451187966,-1.24711320631827,2.2645119887328,NA
791,0.963968992882278,0.975377008505839,0.405184889845745,0.411939972142704,0.413361537335927,0.417553026809306,0.984876201937714,0.959592239278331,0.958993696989402,0.417405013310424,0.419054137475825,0.419110036076066,0.795494732997019,0.752796867825891,0.625375989947239,0.0308094075831149,0.0419478354361982,0.0645765739137759,0.0502991949171822,0.167180628724468,0.243491473448506,-1.14550089963097,2.60811840666563,NA
792,0.985215025975917,0.985634905239277,0.405184889845744,0.415169721552972,0.415250328010659,0.419326058719744,0.974563149919806,0.958756184715222,0.95881019127834,0.417567602399212,0.419096328960733,0.419151276581798,0.743322036643302,0.745709073443576,0.588685610773037,0.0336210753024789,0.0416715906507739,0.0647318212697267,0.0637029603703069,0.162922375744845,0.241472024817544,-1.3537863789697,2.63322401881658,NA
793,0.96927013418299,0.978617143308069,0.405184889845746,0.414592357243034,0.416719012390013,0.420493213248543,0.987391993970356,0.959001022668163,0.958787408879785,0.417095504328356,0.419086275309859,0.41911950333771,0.844332196638278,0.740890004521868,0.558658722063742,0.0270963191523329,0.0421638862784708,0.0646735598238188,0.0479988178493948,0.178062324154455,0.220144667819582,-0.765289310673696,3.08596318125916,10.063467021244
794,0.980686108331197,0.992943219684906,0.405184889845749,0.418044049670132,0.416782621729246,0.421168558287736,0.976185574365291,0.958304487870298,0.958312226627271,0.418522222568045,0.41913733763428,0.419148822818317,0.712806824431606,0.783642906590263,0.67811365708965,0.0351409590879729,0.0412808293655712,0.0655866192156117,0.066665892641454,0.21838669626975,0.267574675347949,-1.77128713547835,3.38290478821134,NA
795,0.982675981880269,0.973227420319232,0.405184889845748,0.416661249665466,0.416994409225234,0.420664273384571,0.979692804236542,0.959388209045619,0.959523925379932,0.417420558780439,0.419069790691184,0.419088196262976,0.786213992974255,0.73214699873394,0.575833579217381,0.0311193105260896,0.0418248857870453,0.0643710345083705,0.0545582219823445,0.128105799175302,0.232450865863159,-1.20806364337802,2.00170383878877,NA
796,0.984885965274853,0.989537634422368,0.405184889845745,0.413410267566406,0.414523249645781,0.418075634717892,0.974218455304873,0.957514578324907,0.957837368167527,0.417671720985895,0.419130622520806,0.419174419086243,0.72516951217671,0.730332477970841,0.558722311547395,0.0346352076631712,0.0420631592231885,0.0655779181351251,0.0627217480605178,0.159588195226169,0.250416424084343,-1.28943363083761,2.20530522256082,NA
797,0.985281001331952,0.97589492495084,0.405184889845745,0.41115484666201,0.412309384316524,0.41563440303545,0.979771060753915,0.96035420767925,0.959792857026928,0.417438614762892,0.419026568017832,0.419075056416521,0.787607880707079,0.749234686345066,0.585003084684208,0.0314267041155015,0.0415166769939574,0.0644901971347101,0.0553054597614901,0.155388730614026,0.229280523733452,-1.27438697659836,2.51046682417615,NA
798,0.984342315215744,0.978092287475948,0.405184889845748,0.416708237957739,0.417490853813068,0.420700987198272,0.976066664199166,0.958059697251152,0.9579595327575,0.417475802453739,0.419117231561055,0.419171645290721,0.743269454652793,0.716771212477187,0.538466725046606,0.0334867224331314,0.042402044159376,0.0649942352950536,0.0569163064609036,0.135424404742085,0.238703720915854,-1.25534076986192,2.24136381724578,NA
799,0.962823843838831,0.982856043159571,0.405184889845743,0.409723440225719,0.412373665128217,0.416334653493639,0.97748398656109,0.959667618474417,0.959196416958155,0.416519525130449,0.419042084938641,0.419101101488958,0.726931297562375,0.773115948766348,0.63459517959501,0.0349188764714498,0.0414363212908979,0.064786479014097,0.0640616724839348,0.175643832241323,0.242153109041578,-1.53458009408913,2.85971766031894,NA
800,0.976897175305963,0.983660651111418,0.405184889845747,0.415957572865894,0.416741253551545,0.42001821711147,0.978437080297555,0.959517186987384,0.95911186638783,0.41773724641306,0.419072543624845,0.419107422932206,0.758077343790806,0.757396852341062,0.584688392377491,0.0328011093529494,0.0413711713539768,0.0645723097931134,0.0637791724414408,0.165282039815195,0.23895947590319,-1.52297589321733,2.60396753810412,NA
801,0.980058385794522,0.973051146984376,0.405184889845747,0.416298616101654,0.416186991270102,0.419866189005319,0.97889892454429,0.958872349641181,0.958432327564253,0.417853348384335,0.419086633946207,0.419141171136934,0.7766613843373,0.725351535712324,0.565687944676973,0.03171274414345,0.0421136391054721,0.0647011939499897,0.0569012459715793,0.149103642927506,0.250649384001963,-1.32197130424403,2.3233767786004,NA
802,0.965406374619474,0.988350451080418,0.405184889845747,0.412796932854457,0.412633925356013,0.41632510493889,0.982634440162691,0.958647617447017,0.958666240213195,0.417820245743774,0.419131809729405,0.419134883800228,0.774388315267889,0.732482217000978,0.561162930743215,0.0320872957193044,0.0416831328712743,0.0649284395662456,0.0620284701869338,0.142331083837342,0.258971295059815,-1.18858698992364,2.66209860601928,NA
803,0.973500135723721,0.982552637542173,0.405184889845747,0.419088992950566,0.418952567810808,0.422757603978157,0.977752058753372,0.959044837595206,0.958499000916698,0.418117381323862,0.419092405503849,0.419142779458918,0.742429861308877,0.74271358095902,0.585506015481997,0.0336465323053293,0.0415994493232163,0.0648096924517559,0.065168436250628,0.166502686808047,0.253421399219579,-1.33901218445002,2.29157141477589,NA
804,0.951731013078065,0.981302730417545,0.405184889845746,0.414080043446704,0.416792325825286,0.420425976459998,0.97837493228214,0.95863595392378,0.958268648772402,0.416806620520514,0.419073331557996,0.419143380304336,0.745148751044297,0.760149335952351,0.610980736817106,0.0334164907875881,0.0415930859798863,0.0647574224744709,0.0617807386196179,0.171027843009674,0.245160474816797,-1.16942876679954,2.93923481031673,NA
805,0.980203127546611,0.983853302882192,0.405184889845747,0.413471103465408,0.414976594034442,0.418561757135532,0.977531457657169,0.959435050287239,0.959334046435424,0.418263771292507,0.419079558275961,0.419107184793186,0.76714671171425,0.76477300782275,0.591394311446487,0.032365959750672,0.0414786555863198,0.0644404008871743,0.0581296472758407,0.189023720359732,0.244953545830264,-1.07499808110756,2.79671271749795,9.00700372755646
806,0.973649770539386,0.981577711898996,0.405184889845746,0.421382302661901,0.42112737570336,0.424626877381393,0.982557955240488,0.959076679757798,0.958493367662025,0.417939393802107,0.419102342676005,0.419157047710658,0.786036230674808,0.748325551455312,0.630918662288407,0.0313433288982016,0.0416806558767302,0.0648239174823727,0.0595988590970285,0.186468680721417,0.270845569729438,-1.74075968592252,3.02899508685816,NA
807,0.98670439724281,0.978791501632499,0.405184889845746,0.419494502849007,0.420222861849756,0.424032959095493,0.978249038729911,0.958763220098506,0.958824812296266,0.417789949251764,0.419129927421611,0.419124902822573,0.738078054727249,0.738244819256644,0.598118595285019,0.0339243479103461,0.0419894202135182,0.0647373533108596,0.0612506744821357,0.124939592277927,0.241624374162343,-1.37600771907521,2.35999221022413,NA
808,0.961784962806549,0.9659578669069,0.405184889845748,0.420274239943844,0.419587777522477,0.42311394403644,0.977396313472887,0.959611093139899,0.958773854625442,0.417611102495717,0.419023147979652,0.419128257907085,0.715692049907474,0.700358220291842,0.49688549292175,0.0351018973958577,0.043206393215967,0.0646300694666509,0.0594633397941846,0.126076026984286,0.177265584321875,-1.70909295748864,2.00115036940232,7.4917434900124
809,0.99146273763561,0.987805307051959,0.405184889845748,0.411629603532212,0.412109863116844,0.416035200462791,0.984220208093925,0.959737953919136,0.959134836508419,0.417293052736891,0.419048310093779,0.419120136165859,0.853513306834013,0.773522666734336,0.640662336489174,0.0267909349800319,0.0410509219614025,0.0646357173466219,0.0428912901693858,0.175653838038085,0.260065196352468,-0.842715495931893,2.65707786439942,NA
810,0.987818709953611,0.986058037612038,0.405184889845746,0.420312815907833,0.420509503065151,0.424134183279275,0.981751629769374,0.960044702048625,0.959703119344493,0.417860750846191,0.419086593648229,0.41909493034566,0.797225299438957,0.75102775285764,0.595591195312422,0.0305357808634505,0.0411660600145809,0.0646490136291573,0.0562524484559699,0.184755672048252,0.261226191309604,-1.22333731932621,2.93154513167,NA
811,0.976005882785234,0.990258330695431,0.405184889845745,0.415533744818259,0.417131588269646,0.420699615491285,0.983252606967695,0.959018137955723,0.958965963294501,0.417048398205774,0.419057625075914,0.419119516876529,0.799523841444013,0.756537023579524,0.600163195773011,0.0301690365017572,0.0409165277104199,0.0648182200874133,0.0583961983542956,0.168560566955491,0.258550873116917,-1.06276530901524,2.96516363294332,NA
812,0.977084224286792,0.984386756105247,0.405184889845747,0.415780306397997,0.415524974593372,0.419283516053714,0.978418307231344,0.959134717720505,0.958968106663342,0.418270082172455,0.419077436927673,0.419111665070277,0.758857547936543,0.717796595434932,0.560172940165944,0.0327853951219759,0.041252551955576,0.0647554962363245,0.0636374594947591,0.117305909440692,0.25397788123059,-1.61506534537999,1.84915726688586,NA
813,0.96622141659508,0.972866143167031,0.405184889845745,0.41671364974049,0.416371830845871,0.419831467425091,0.981129721328194,0.959685268235297,0.959796409644793,0.417980195257292,0.419079325604331,0.419076505674463,0.770630117716753,0.723756212262658,0.540528335389347,0.0320307881699682,0.0419154564651961,0.0644035544750727,0.0551627749405531,0.136779624073639,0.226174389611647,-1.31348758130804,1.78592084502486,NA
814,0.979856960152914,0.988571364802789,0.405184889845746,0.416723335464432,0.417100520558745,0.420980750085203,0.982427547202363,0.960456823265671,0.959764414528649,0.417683284802284,0.419002931626396,0.419074623128717,0.800576930374501,0.763867157796596,0.617393614179915,0.0300693159257011,0.0402954338700898,0.064258787151491,0.053334410083311,0.166509557701905,0.263937275589453,-0.963252518487743,2.73427805045135,NA
815,0.974558879063363,0.985502360428554,0.405184889845744,0.420013127275036,0.42030354950238,0.424228182333007,0.983279380451608,0.959924163885661,0.959301842620749,0.417513520480005,0.419019018610221,0.419096011915247,0.800653575992388,0.758632188886221,0.628078203170357,0.0302491443933769,0.0408521444253101,0.0650030149792595,0.0529829959635078,0.143770579119453,0.245498700495981,-1.19078526405213,2.71134280291661,NA
816,0.972175522832989,0.983570658469904,0.405184889845748,0.417095229971478,0.417949069929369,0.422010621088638,0.979400342579122,0.959605861667205,0.95930035814268,0.41761283303979,0.419047606020587,0.41909680310901,0.732297608215193,0.733872259244029,0.546144087310914,0.0341115312730002,0.0418695867409519,0.064747379903995,0.0594748947560816,0.152765684676812,0.214775317656835,-1.3145221678209,2.17721788912514,NA
817,0.968111112723131,0.979671387587521,0.405184889845748,0.416730487631646,0.418219593806176,0.421669395741762,0.978026772516934,0.958612814002508,0.958441326100738,0.417649584071142,0.419115440782746,0.41913566684223,0.738337330811535,0.737976354021765,0.564053313790694,0.033857367245931,0.0420375353564275,0.0647707643039077,0.064777343317188,0.164960164870384,0.232768647485571,-1.47872675275892,2.391467567853,NA
818,0.979991855714961,0.988353652022473,0.405184889845745,0.417883065548591,0.418379624530383,0.422523120194645,0.975653866758396,0.959800888282483,0.959586454949226,0.417986208823664,0.419039944736856,0.419083268209772,0.731714884097416,0.758618291419734,0.618612652155812,0.0342297973068754,0.0407422676493712,0.0644370209220705,0.0643278201433112,0.174562133672836,0.264466984227885,-1.80862479455731,2.50015026344904,NA
819,0.978421847733216,0.98777527389871,0.405184889845743,0.4204281815057,0.420950315550259,0.424643346349669,0.977104681320225,0.957508502252068,0.958128401354504,0.418276822745282,0.419149011878898,0.419160620853441,0.740611296938215,0.73262060662582,0.593059758729103,0.03381939277748,0.0418226369329579,0.0655916778347626,0.0594318970330502,0.161583461026834,0.264018622513331,-1.38602545350657,2.08067099588274,NA
820,0.976856853560618,0.974616315598245,0.405184889845746,0.410981115232526,0.411384238451359,0.415390750897499,0.979491689104703,0.9581029807539,0.958375374371782,0.417891853553826,0.419109770836448,0.419140135346293,0.766746372378665,0.701160374236772,0.528773302638796,0.0328176693561074,0.043006782280544,0.0649816801817148,0.05777303722736,0.134806584123311,0.224550458410647,-1.33184983889032,1.85496968084962,NA
821,0.984641295259776,0.99281002008761,0.405184889845747,0.419762648631899,0.420321558142487,0.42409579563759,0.982058517631725,0.960260854992864,0.959831550845672,0.417277879578396,0.418985047119088,0.419081845874259,0.822424341797791,0.754373132044333,0.586657432221815,0.0288017976971838,0.0405211567547093,0.0650549885799887,0.0497240205731355,0.140074210955738,0.251788314216861,-1.01486413203638,2.12226284048463,NA
822,0.988090481299459,0.988864821417942,0.405184889845746,0.412468690143917,0.413342292011732,0.416909554054212,0.977070647266044,0.95926719378256,0.958932689327354,0.418358082890986,0.419120399882331,0.419122116234751,0.739335931456148,0.766675292339443,0.60308679285261,0.0340558370171179,0.041531432695782,0.0650476669980177,0.0599988797985081,0.180790340046906,0.245031524026812,-1.2447036556597,2.52268092658464,9.15161232420837
823,0.980961873154567,0.986952154649862,0.405184889845747,0.416635955248967,0.417246936727115,0.421415919262218,0.976768964718213,0.958565381976481,0.958047087144154,0.417469094457461,0.419106846339531,0.419162455177627,0.765845939006388,0.751779251537591,0.628278038198,0.0322131636779934,0.0412875943192396,0.0650262794696326,0.0543271105059786,0.163800498299242,0.251701933300391,-1.1252109709429,2.53178855995411,NA
824,0.98287013722616,0.987633715244582,0.405184889845749,0.41910966783462,0.420151128995627,0.423432630883956,0.975703779457176,0.958493863397937,0.958220930019294,0.417492498898138,0.419089913383943,0.419145526345549,0.73569583242131,0.757063995548741,0.604483205832161,0.0340415617491914,0.0414175291210481,0.0648707688274742,0.0650298559341115,0.14744488889531,0.254650588517819,-1.47348116491554,2.56198517400815,NA
825,0.984543244773022,0.990854156447408,0.405184889845747,0.4145562918596,0.414867236977873,0.418930396988582,0.978406416593195,0.957340363762057,0.957626786608479,0.417651505092896,0.419144388399838,0.419190758030931,0.755948967016849,0.748744663570408,0.643327766881581,0.0329223005942035,0.0416817413547395,0.0653246930073616,0.0626586792527161,0.176538360187964,0.271056469670079,-1.48843853915733,2.4209094422706,NA
826,0.962403560852614,0.969818497192382,0.405184889845746,0.409958819250953,0.411331529256564,0.41507273055377,0.98083082824612,0.959284894431401,0.959187118247189,0.418208461460562,0.419083557586949,0.41910613835056,0.737478197663189,0.721247016672674,0.538306532999547,0.0346563930156016,0.0428782983851264,0.0647177794495054,0.0570969935302764,0.172652599079634,0.225761735135908,-1.56333166740334,2.79692930676137,9.16996720504623
827,0.986467580378427,0.988717196819425,0.405184889845747,0.415841814854231,0.415465810118322,0.419476872969189,0.977022097549435,0.958470054629463,0.958430408331427,0.418429207154636,0.41912172147789,0.419140391994256,0.74818482338228,0.758446641045228,0.611990730701854,0.0332656422703701,0.0413027019824183,0.0649083972589982,0.0600931640203358,0.168733124982579,0.253646871407884,-1.12846735617787,2.77583814565818,NA
828,0.976294813030975,0.990278693498947,0.405184889845746,0.417114870557919,0.41727613537478,0.421109607213511,0.983075104998376,0.960064493984644,0.959653487182419,0.41755175426755,0.419034500310555,0.419085946846691,0.807602626190519,0.746641225664617,0.580554577747448,0.0296181850406779,0.0405791747272045,0.0645114748918656,0.0511598193997986,0.121675656778417,0.254191667198591,-1.10018141002295,2.09599386999869,NA
829,0.97852071505893,0.976178142599653,0.405184889845746,0.413311921220773,0.413043062595823,0.416346603027581,0.976503671370377,0.958628108782468,0.958524914642082,0.418713561623584,0.419123221120246,0.419132848480219,0.759136411715252,0.71995346211071,0.565733727667586,0.0329706002893885,0.0420643544183193,0.0647245981146958,0.0581811580465119,0.145036839609069,0.259946054821617,-1.16951696556991,2.33853297063784,NA
830,0.990019672339998,0.975232222415598,0.405184889845749,0.409790035677322,0.41200127802641,0.414975234605537,0.979398734225877,0.958726956987812,0.958642027958379,0.41683022785854,0.419115471047715,0.419168746969225,0.789206541855668,0.717511869557171,0.552100792649102,0.0314612389292141,0.0425899286157163,0.0650770889505088,0.0512268127608122,0.143322032560827,0.245892807982901,-1.02523588295354,2.24603940585821,NA
831,0.979321736593624,0.984579848345636,0.405184889845742,0.419005758337195,0.419635750846306,0.423385406366096,0.981671098923587,0.95920128004189,0.958775632081061,0.417506278797248,0.419049798417469,0.419120159161754,0.800367597674271,0.74875213493151,0.606169474104744,0.0302305533915139,0.0412226330129896,0.064880396556881,0.0568694100684108,0.149347131594994,0.254135401399708,-0.994277763538008,2.47063069378723,NA
832,0.963826432839594,0.989848921606388,0.405184889845745,0.41587259409899,0.415842603746726,0.419535419246952,0.982607386283482,0.95822880479885,0.957371619278578,0.41772135377136,0.419122560516946,0.41918686863781,0.786772680694784,0.73330558772817,0.556710119284787,0.0309628815718818,0.0416912641350921,0.0654779646906554,0.0551780724006561,0.160313874375799,0.249222635967289,-1.32504958565471,2.68758791811908,NA
833,0.982342598088974,0.989708726413819,0.405184889845745,0.417081126105115,0.417459206486171,0.421472659473032,0.975466267950481,0.959428826966423,0.958525979060181,0.417455814245227,0.419028514223356,0.419134240782961,0.732606118449214,0.758890749104893,0.57851459384717,0.0340977108811446,0.0414117702064573,0.0648941683084506,0.0610747093137486,0.174874299517923,0.230316645199403,-1.17437827935708,2.20449580052735,NA
834,0.988357687363443,0.971993296877455,0.405184889845747,0.419482784240575,0.421945237480431,0.425215100441269,0.972742789285152,0.957568141988663,0.957589333132457,0.417336497467817,0.419164128800866,0.419206415661697,0.705974523401817,0.735035315067371,0.564091771378786,0.0355944076857438,0.0432635491728704,0.0652563166460336,0.0653608333835692,0.176011532438071,0.228934025119148,-1.94928554582898,2.51326510522067,7.75437287240243
835,0.982569317495049,0.986470153421477,0.405184889845748,0.415336812071423,0.417992229493897,0.421404963010487,0.977499118332878,0.9599152039969,0.959530326093756,0.416977543506296,0.419027507919146,0.419090784011885,0.748307927108706,0.764728468421434,0.635673801144869,0.0332210178204876,0.0405767494073033,0.0644265970252025,0.0573964017652805,0.153861678722876,0.264922125573191,-1.07008962522696,2.42465085581152,NA
836,0.975875287246633,0.988232549835145,0.405184889845744,0.414149236942142,0.414790099059458,0.418587574838881,0.9777728015362,0.958663207258842,0.958467936782791,0.417046682312031,0.419097114705587,0.419134157777854,0.743858495885997,0.721408868035409,0.53893304176116,0.0336117764558714,0.0414826053865806,0.0648358154626331,0.0645428203166017,0.113298440004677,0.24663820957094,-1.56680234717108,2.29632591492257,NA
837,0.969038997271494,0.978231681315233,0.405184889845745,0.417828503165368,0.417310221561267,0.421051605116598,0.977992840169437,0.958897780278293,0.958756601096328,0.418026842557265,0.419121168652628,0.419142603602742,0.745868121622202,0.729366736727919,0.550103607414484,0.0334809946708123,0.0421604641201101,0.0646603290261036,0.0658391870363201,0.172197278830339,0.240538755623032,-1.55006070597989,2.08598594148849,NA
838,0.986211752412129,0.98443732263337,0.405184889845747,0.418785006286996,0.418682385512347,0.422418889777439,0.97973970154616,0.959091208993979,0.958978006146432,0.4177380504391,0.419080052219722,0.419115107678792,0.765200037474605,0.740196408233106,0.571588598620177,0.0323879449828902,0.0414658213002281,0.0647816776692179,0.0599957945118321,0.149356780206496,0.240727308453298,-1.54728563951323,2.79541905008432,NA
839,0.974552563529942,0.973605493026908,0.405184889845747,0.414713029855347,0.415508011347257,0.418771308605445,0.978571467494059,0.959333118148013,0.959400838474377,0.41777809703123,0.419061483555336,0.419092222435606,0.754805169330284,0.759268784194354,0.617116680499646,0.0329915959558455,0.0416693268338387,0.0644725587679631,0.0605971217064764,0.162780504139977,0.242958135204835,-1.50092475332219,2.65632534980214,NA
840,0.966492432094148,0.973631336358101,0.405184889845747,0.41858763144752,0.418547822951768,0.42230070661937,0.975849147665919,0.959226676816416,0.959074321922846,0.417670897912513,0.419136175397337,0.419186596766152,0.725198149863011,0.71130323937981,0.5368026930346,0.03451315627168,0.0425546093633976,0.0649087822734879,0.0582900483912157,0.12479701215721,0.227395817404344,-1.44088704805671,2.17149653736099,NA
841,0.97316055062451,0.982451630096766,0.405184889845746,0.413059442166997,0.412870843501113,0.416599200973838,0.977855030864925,0.959683623351926,0.959209708798351,0.417894458185047,0.41906160783247,0.419110460584576,0.740803361944698,0.759966973654919,0.622303777888228,0.0339439636951328,0.0412306453351694,0.0645555362049248,0.063579131932,0.168145814980588,0.254867576584112,-1.56858173039451,3.06536848981302,NA
842,0.949773164743251,0.983007536265952,0.405184889845744,0.414575124236155,0.415026320977572,0.418552231310253,0.979734915079162,0.960007960834588,0.959019636165289,0.417707040500679,0.419018091398991,0.419108836863562,0.733986717204281,0.729002010654437,0.564917721004669,0.0341065252481643,0.0410333716401564,0.0652389352469649,0.0646301124734121,0.1299010847081,0.255993283825971,-1.47025384633198,2.16088124636952,NA
843,0.966947808488234,0.961569841436482,0.405184889845746,0.415854380294099,0.415972462232894,0.420124273245954,0.974915797277195,0.959117035987837,0.958319964289696,0.418059426780002,0.419068314193093,0.419141413423711,0.702942279189324,0.732972321143846,0.570458252742635,0.0356118275231114,0.0431973593275669,0.06465158892503,0.0649062986360749,0.198921380427811,0.212296415918787,-1.59689460523399,2.60150175088298,8.14255212916552
844,0.983499759736095,0.986618713141305,0.405184889845748,0.414999254598249,0.415833019343714,0.419541105494547,0.981563784537057,0.958991812430444,0.9585003963679,0.417592343800841,0.419072046751679,0.419144210894643,0.807025631965202,0.740589329360524,0.556623463196718,0.0298067931114464,0.0417720215488995,0.0648555191575545,0.0569266510323748,0.139932833385589,0.225370378835444,-1.05241791533955,2.29799877383436,NA
845,0.957551676323129,0.980273505856239,0.405184889845744,0.415398547486258,0.414952158050592,0.41847136075247,0.983463553285756,0.958870617067659,0.957963526464503,0.417915813857764,0.4190924119433,0.419157357149345,0.785091366546266,0.779109895398403,0.629607582912135,0.0312221603522664,0.0416201164716511,0.0648538061138786,0.0586472041404646,0.177233095917678,0.241795876769187,-1.33947989704114,3.24983305892777,NA
846,0.967642101075945,0.990415745203871,0.405184889845746,0.414732381902649,0.415705309423574,0.419201829664428,0.980969869032429,0.959485371967916,0.958789413413925,0.417117791687381,0.419053239492359,0.419128887838845,0.753383956754266,0.758270828928533,0.604064112894899,0.0330117312073579,0.0409268088942195,0.0651847224506786,0.060812562374007,0.192562664067256,0.268311661856974,-1.27131893063944,2.88811916701265,NA
847,0.979162921042375,0.98849697584253,0.405184889845745,0.409068836793153,0.4088048978685,0.412197088950305,0.982349073628103,0.958916605788101,0.958624820840447,0.417839574486195,0.419085488742882,0.419130212928921,0.79717104980124,0.706494962077351,0.508744211336906,0.0313530930297567,0.0425643778463071,0.0652877861679739,0.0525107687141643,0.107004820022801,0.247981552530709,-0.932312241533209,2.27840555445222,NA
848,0.987236145973332,0.985319954057671,0.405184889845746,0.419725030817508,0.420231787294688,0.423781261879086,0.981473541606378,0.958323637083131,0.95841656204055,0.41736350355644,0.419104593168372,0.419137112374038,0.806316853860093,0.745175903487645,0.569158122601289,0.0298729233424814,0.0419402854748575,0.064965990761328,0.0525393923251368,0.14193283455339,0.231923018962059,-1.00299224938866,2.09582372973054,NA
849,0.986901799788439,0.989068640711288,0.405184889845745,0.423261977068244,0.423474579408975,0.42713363677669,0.982965963639257,0.959426989439292,0.958449214758229,0.417460949750769,0.419087821452503,0.419140815553303,0.818715389709545,0.756421807147667,0.596582760197261,0.0295802769703781,0.041588942599457,0.0652501671362558,0.0510130900306246,0.180082537349558,0.256771663367821,-0.884148751349239,2.85760923572695,NA
850,0.981132454766553,0.993249484449159,0.405184889845743,0.412355597450449,0.413487652213774,0.416985665991011,0.979168897782099,0.95829184055715,0.958141939459346,0.417667573065723,0.419111042248178,0.4191551366532,0.772117251371212,0.760563748434173,0.599352126581105,0.0322038931166276,0.041557985939116,0.0655795665461959,0.0624225050632839,0.195218920230649,0.259642170797481,-1.22280202222621,2.92812784732871,NA
851,0.989139966386203,0.983604090102814,0.405184889845749,0.41328435437638,0.415200792354035,0.418940845219857,0.978440336868417,0.959225520878506,0.959136044595496,0.417366876943417,0.419109432532597,0.419122194586035,0.739790204326786,0.758131936103684,0.57325481901416,0.0338208402045445,0.0421751612845023,0.0648271195813782,0.0594339335913475,0.179027564165692,0.22178649467169,-1.19576268971112,2.81419277247026,8.66486632305908
852,0.993447189315225,0.984819980767676,0.405184889845747,0.417672377167392,0.418883190102903,0.422701236984237,0.975411052148278,0.96026630067988,0.959639833587033,0.418035320290307,0.419032982761612,0.419083715924146,0.744996051187553,0.772508419610686,0.623090931321725,0.0334478342959234,0.0407676028901428,0.0643943069904165,0.0636759337156431,0.175622931153502,0.245709045032018,-1.40452655638013,2.82070727936987,NA
853,0.972132001741051,0.969978304324668,0.405184889845746,0.420903824641943,0.420280941160453,0.424296503375639,0.986379154561061,0.958894180045327,0.95831520775234,0.417572271609895,0.419085582354199,0.419142537271118,0.824003722921285,0.739741215280931,0.616411456502334,0.0287806161278074,0.0426223713729812,0.0647850627812309,0.0488123074496534,0.188380382598581,0.246635088818271,-0.883964231884858,3.2170107233832,NA
854,0.984009364307146,0.989962894157185,0.405184889845746,0.416836993632565,0.417948778559339,0.421661162071567,0.982232885438385,0.958458481034794,0.958399890138706,0.41745292338734,0.419103405715867,0.419137631364599,0.792787940283382,0.76018978948872,0.594514531371033,0.030648488605651,0.0413760566858848,0.0648276620413653,0.05906931321684,0.170985935421565,0.250779064566085,-1.10956418237294,2.94224008649413,NA
855,0.978160884119002,0.98515457998628,0.405184889845744,0.417713053055486,0.417593097329685,0.420833714596317,0.97625750508138,0.960017099742596,0.95946536031321,0.418272992703487,0.419029805578098,0.41909713429628,0.71467219926176,0.767975753324476,0.611572096706893,0.0350460532999568,0.0408172967032112,0.0646620808537059,0.0669108643767016,0.179414162731122,0.253444306281983,-2.13600057463163,2.73132552123109,NA
856,0.975194911129124,0.98832046876397,0.405184889845745,0.415628284794744,0.416174046643402,0.420046305214633,0.975376124973817,0.957174222704365,0.957413762389817,0.417890600712501,0.419158269415084,0.419213104824641,0.714087062241741,0.732739419059805,0.590786331511258,0.035140828534125,0.0420747640692124,0.0652788384470751,0.0678163306532101,0.159197283988453,0.26446361831025,-1.61530661413146,2.23395367009644,NA
857,0.976929729891866,0.983971552343501,0.40518488984575,0.415265479800946,0.415116679112933,0.41890681922901,0.98757816258514,0.958805717088046,0.959030565174219,0.417226430757753,0.419100682865779,0.419128551602097,0.850883637393271,0.73425626679313,0.602405749980592,0.0264769968621851,0.0416303419935875,0.0646113330405065,0.0457165523007556,0.132849548714357,0.263847927033505,-0.951917733488679,2.69221777731439,NA
858,0.967880585057019,0.963066557974926,0.405184889845749,0.416853076643179,0.417501582202128,0.42083927896989,0.983926185828022,0.958928649936996,0.959020928213057,0.417194217267228,0.419067907017176,0.419111488106447,0.799176493908965,0.72848912870249,0.571180404596304,0.0302522121752488,0.0426623794960019,0.0644780559188801,0.0553058742474839,0.149001902643208,0.21442646230446,-1.28420240246202,2.34266297043156,NA
859,0.939823855680009,0.967142010444327,0.405184889845746,0.411451069374374,0.413401728921973,0.416598000187231,0.982801111011629,0.9594327973903,0.958733977355176,0.417158404765247,0.419058573643636,0.419122638465953,0.747491937996762,0.734558809991243,0.573947608678635,0.0337257853936265,0.0426638779600803,0.0647122804449614,0.0667236213607416,0.162647254884659,0.217382239882649,-1.55093422977369,2.33595271028964,NA
860,0.980622859667306,0.983939193817107,0.405184889845747,0.410716549043915,0.410532003706142,0.414820981657292,0.974126171027036,0.959577125229387,0.958954990489661,0.417769657311173,0.419046964628974,0.419126753868968,0.730918871269253,0.769134980094599,0.61300143659845,0.0346703384830275,0.0419968944436044,0.0650081592676127,0.0618134843996938,0.191005745215241,0.236844087024555,-1.40439656117168,2.93458965840231,9.24930873449878
861,0.961745044828494,0.968959068548639,0.405184889845748,0.421853570543123,0.420873457704929,0.424533400325807,0.974290890940889,0.9590468291863,0.958502531261431,0.418799547798577,0.419093081213974,0.419132817208408,0.717538742342564,0.718600633915639,0.550141914617674,0.0351455978335945,0.0424468836218918,0.0647662044545739,0.0649071738641014,0.146642013186142,0.238333992183628,-1.53389753432842,2.31065761351127,NA
862,0.982866575059919,0.972558314712829,0.405184889845747,0.415828658120732,0.415864554593078,0.419609241620727,0.983918983926328,0.959921097342093,0.959266370038544,0.417262741006759,0.419012433909034,0.419105247083173,0.830205281068532,0.743310915269259,0.576976378322343,0.0281802522160544,0.0418433335643872,0.0644528891064019,0.0472465102935966,0.18375986673418,0.234167529384416,-0.866367687099005,2.65108441284716,NA
863,0.963025961156417,0.987069907760109,0.405184889845745,0.410335942708168,0.412283738059913,0.415320069952482,0.982169661092645,0.960066281803136,0.959433076258581,0.417256123699882,0.419016664441225,0.419095828125991,0.749891004899048,0.762615058312212,0.624110369600743,0.033852168495939,0.0407222478376162,0.0649174507744922,0.0639777391745583,0.159037151497859,0.265289822650974,-1.45171864112691,2.94438263259663,NA
864,0.993150307416606,0.984945896853546,0.405184889845746,0.418110667370191,0.420215315276851,0.42392734871776,0.981087441381016,0.95770946231277,0.957602589259556,0.417058343188791,0.419120985136629,0.419174514275989,0.819996408082121,0.718580383279719,0.563192329417957,0.0288505367398068,0.0419099621600577,0.0651067234397025,0.0528614724477938,0.101596054679815,0.254261122636457,-1.07389513852484,1.93788062529137,NA
865,0.987967343838682,0.990322397943037,0.405184889845747,0.415537814883703,0.415569581122417,0.419247221335662,0.981184880611094,0.960055240959643,0.95943123826557,0.418039551115811,0.419074591387148,0.419121006635437,0.770479292672481,0.77168448646977,0.60183262780223,0.0319701739575356,0.0412345523496278,0.0649409702239631,0.0544610981158137,0.174065045175107,0.242778224721903,-0.945628838743708,2.81616996059599,NA
866,0.982195392326529,0.986527769330228,0.405184889845746,0.415607432707675,0.417686380526836,0.42112203291042,0.975913836813758,0.960058235768936,0.959704924801576,0.417892620861074,0.419012306518344,0.419085666865239,0.71568460162401,0.760889108992401,0.608225417452542,0.0350049299959099,0.0406647348608118,0.0643254431423422,0.0638735422496303,0.148567046004264,0.257243195950875,-1.66716148914083,2.35147212214464,NA
867,0.987502076061296,0.987930136965455,0.405184889845746,0.415649494795305,0.417483139101271,0.421224067770731,0.975816612177051,0.959208186260582,0.959123832298793,0.41717749650031,0.41906556093805,0.419105791598726,0.741933048062553,0.766372609802994,0.586123442418128,0.0335682818028531,0.0414939582387319,0.064802547560913,0.0578953714382359,0.163475198788672,0.221206679604124,-1.3676618890952,2.51831544345025,8.35906922942563
868,0.973224784985809,0.986105101473433,0.405184889845747,0.417239036316939,0.416821549039053,0.420726199780756,0.975092652625401,0.959218772809129,0.958982010238847,0.418333775365242,0.419088015709107,0.419110686874881,0.713807343402068,0.726292036542607,0.542577326359956,0.0351610960975521,0.0413824209357649,0.0646628618978979,0.0749467313139116,0.15453488872427,0.243260815856919,-1.63393883561541,1.9744590980686,NA
869,0.990367666430072,0.989260436701713,0.405184889845746,0.419415139419366,0.419141311271135,0.423036871503352,0.977963234228853,0.958938675234575,0.958916897518762,0.418279313234739,0.419075148428751,0.419116770702357,0.768553083718947,0.736103173390895,0.584383853364536,0.0322110616166093,0.0410229036674255,0.0650761307900349,0.0614341968078928,0.163763608242244,0.265788113039613,-1.09182444695394,2.24447126268029,NA
870,0.985102727258861,0.986815249844659,0.405184889845746,0.40951009542849,0.410650196458745,0.414232570821917,0.971862227353652,0.958565920505695,0.958160903414861,0.418288435571309,0.419084642704144,0.419158126589523,0.708159933240472,0.763000182293543,0.618704149302496,0.0361043525362635,0.0419079498337543,0.065235061899998,0.0627207578996811,0.178310946395713,0.254607302138434,-1.26289434441294,2.56635616737364,NA
871,0.987042826924124,0.99055373716367,0.405184889845746,0.411864307046179,0.41165221435699,0.415847503910581,0.97483126192192,0.958873349203275,0.958354776637074,0.41789368660326,0.419084165248908,0.419167176505855,0.730363335226973,0.760992710648411,0.608074451881375,0.0345943332417916,0.041678879947403,0.0655331563461865,0.0599720685270563,0.178867534651266,0.247213563958302,-1.39982826751184,2.605965720134,NA
872,0.992899105244926,0.984554219454774,0.405184889845748,0.411322929539534,0.413091632533143,0.416659131289167,0.980621608523032,0.958899191968036,0.958440426451862,0.41705790037369,0.419077492968823,0.419138425910368,0.801042222612081,0.766326494539788,0.596164682958025,0.0304590892933567,0.0416693743457924,0.0648444427982665,0.0522977738664666,0.180540749836817,0.240157810305978,-0.627239659411491,2.74619009282049,NA
873,0.989543001005515,0.9906409101375,0.405184889845746,0.411391089711959,0.412212586426366,0.416199921706875,0.978467175583225,0.960016445119905,0.959667273085752,0.418338269613948,0.419022270385562,0.419080469117095,0.771228806791244,0.769324883163418,0.659299565241459,0.0324953235427408,0.0407250545104703,0.0644113208596683,0.0559932043103497,0.173325825967078,0.271423151978955,-1.17143939106817,3.28280384456524,NA
874,0.976623111866074,0.988672410957225,0.405184889845746,0.414288629685487,0.413232815530009,0.417400174496202,0.976585766147252,0.959614720795229,0.958582900982763,0.418160056208276,0.419053815196067,0.419131321877119,0.71961402842325,0.780294545875542,0.649585616204415,0.0349438501881325,0.0409386482611393,0.0646954291441579,0.0754388978779009,0.175780594477181,0.252378259611831,-2.30287887600568,2.54783531673579,NA
875,0.976445330413175,0.992717624193663,0.405184889845747,0.417425927835734,0.417350719084804,0.421652050807103,0.981571310562813,0.959453422930858,0.9596162154973,0.417344913003026,0.419066573241905,0.419086878846202,0.79646622483406,0.736608728447639,0.606296005845642,0.0303579120103521,0.0404790063530469,0.0648158216413789,0.0579210419322365,0.117760802651014,0.269386383211283,-1.29457021684635,2.30168904608375,NA
876,0.96441668229664,0.954267008934021,0.405184889845746,0.419003424609665,0.421380706322478,0.424424297481722,0.982593901910936,0.959410146726919,0.958924170116524,0.416984456860828,0.419054401000772,0.41911392530209,0.787411852380793,0.73834221816113,0.575269441085373,0.0311185533032817,0.0431928980305499,0.0647918353173372,0.0550324581085861,0.168982617150338,0.222912609559902,-1.20963849446769,2.86466298236571,8.84267407277055
877,0.98665785327076,0.987364616322988,0.405184889845746,0.415930782969336,0.416301430850312,0.420134974438713,0.980183083872855,0.958610381710137,0.957779282678372,0.417287638194557,0.419104232989479,0.419194198674984,0.769785383785768,0.767630404989736,0.62583122969437,0.0321410449579952,0.041508904589132,0.0652516255227918,0.0581255728219601,0.18034865573323,0.253365257089707,-1.46883457684523,2.714109008998,NA
878,0.970751264335537,0.990159624632762,0.405184889845745,0.417721912186058,0.417897979414867,0.421375437741852,0.981851619348536,0.95901524504127,0.958677849342393,0.417666105085384,0.419088180591132,0.419127337098432,0.783668572480944,0.745153072126963,0.591344740379823,0.0312217253864919,0.040859778204093,0.0650126690441294,0.060028589361866,0.13149481138248,0.259154998847841,-1.21807903208451,2.64494304915631,NA
879,0.970682049288367,0.975552105994984,0.405184889845745,0.417932694820776,0.418264678612353,0.421529193136401,0.984285294837301,0.959273481309795,0.958809907386931,0.417619127562451,0.419058011852356,0.419118456547,0.797103711353153,0.744672947420177,0.584186824748625,0.0303644283709496,0.0417958231592499,0.0647315329613875,0.0540186441570308,0.158546597632588,0.239444091441551,-1.12194631265378,2.87378213259591,NA
880,0.976044763938516,0.98485859061019,0.405184889845746,0.420457330535323,0.420235082578028,0.424461738860824,0.979574214433662,0.959155983849952,0.959125867363687,0.417596537576234,0.419058658717164,0.419114697545277,0.757335102107815,0.737240411625354,0.588212904448911,0.0329598908720829,0.04165315981824,0.0651044028662316,0.0595482753083182,0.175997274492768,0.256723930294584,-1.99610633206787,2.5490872018211,NA
881,0.971574147518025,0.989549232317131,0.405184889845744,0.418162547693107,0.417553234756734,0.421069156674525,0.976224796129285,0.959798509918405,0.959729992595711,0.418405963125528,0.419074010803553,0.419083518741524,0.70563654880133,0.739664077803211,0.551311678891218,0.0354963836930042,0.0413836241692183,0.0647984216962852,0.0645127249773171,0.152593919175134,0.241081197322081,-1.70821337713603,2.12413397252907,NA
882,0.962633016876345,0.987080576256494,0.405184889845746,0.417431442910787,0.419174184454947,0.422769417987237,0.972611106456511,0.958246882757233,0.95820161528969,0.418138788549238,0.419143954503278,0.419181753547848,0.728306906922492,0.74293897666288,0.594353973579924,0.0342900030494184,0.0416514697480973,0.0651407262462231,0.0704775699342901,0.143353314388123,0.254506712722021,-1.41958160169913,2.32376112189024,NA
883,0.976045849255431,0.978190282988803,0.405184889845745,0.416052962717541,0.41629604501866,0.420429533846461,0.981770051531653,0.96037893944714,0.95965542072907,0.416941636002351,0.418994112786747,0.419107372995186,0.800258695072343,0.759980129681732,0.64709101894277,0.0303126049144528,0.0413598658483398,0.0644804896672539,0.0617553732580097,0.17680787822274,0.245558498166904,-1.34134247959057,2.19568684434326,NA
884,0.98860702682573,0.990472722262053,0.405184889845746,0.415398801914891,0.4165152943595,0.420040115643671,0.977612862520075,0.959566233193934,0.958979413175611,0.417804129147472,0.419071916892572,0.419129389202897,0.764232148858595,0.748676492003985,0.562884054767402,0.0323802302011792,0.041440946051898,0.0648066073565503,0.0576451628874925,0.161428548643129,0.236980277678298,-1.26814867878306,2.64311503868414,NA
885,0.965065701946182,0.978284296358201,0.405184889845747,0.415417958918832,0.415882157196199,0.419979740986032,0.981756322317682,0.95913503419347,0.959114536083212,0.417313275977284,0.419076778512939,0.419106258348003,0.767415567643932,0.726555829552293,0.559639577872659,0.0323799703098949,0.0419237873403169,0.0645762892924251,0.0579757802101237,0.157223108405686,0.23859894380618,-1.4742510596189,2.05909750187493,NA
886,0.969151141265534,0.990940571531043,0.405184889845744,0.419191176041621,0.419418519945105,0.423031723742254,0.987119697081624,0.958798328493736,0.958912599546144,0.417444214866366,0.419113627392551,0.419118808351983,0.836172648044063,0.749650482565332,0.563836103158692,0.0277547410814259,0.0419178927151719,0.0649334448150595,0.0461576983817344,0.179172727673839,0.238707241368424,-0.826819418356527,2.69294298245468,NA
887,0.975105374408516,0.98883946884058,0.405184889845748,0.412730391492286,0.414137505374189,0.418053008993704,0.980349283818251,0.959043843996915,0.958332652100113,0.417542028834998,0.419053621340534,0.419146913843991,0.760004935417094,0.772883867504501,0.630597726054304,0.0327990625985166,0.0411525183443999,0.0647448425316782,0.0568158991780165,0.202025214756034,0.260957960808082,-1.10295918967573,3.28714931631344,NA
888,0.985644051257171,0.983737926869212,0.405184889845745,0.41678539297558,0.417045677699981,0.42096398427283,0.969364681865635,0.957547963597902,0.957411945382965,0.417889377185995,0.419216500692981,0.41929251464253,0.697172265613346,0.744244827140647,0.60217597550645,0.0359327970418549,0.0427194459891055,0.0656389107033157,0.0771205280132893,0.213063757878592,0.253483662192233,-1.92752457646685,2.90364017444206,9.13958219306561
889,0.978307209533517,0.984250015974331,0.405184889845746,0.418622884880676,0.419903422965605,0.423094638523349,0.982332207514279,0.959569123580482,0.959150991691088,0.417436838032264,0.419038546596025,0.419104854475281,0.774353548565392,0.765215843156693,0.601490382869715,0.0318941755556697,0.0411686920323666,0.0646896959021958,0.0586192341368305,0.156186359753388,0.242722433256532,-1.29432794283786,2.6856418327304,NA
890,0.912454388852238,0.986651335780576,0.405184889845747,0.41806470589377,0.421364824895732,0.425170493639491,0.985603441050707,0.957543673294922,0.957403104214321,0.41520047480356,0.419206343717549,0.419218740318858,0.76539107091749,0.732692987482878,0.543591431053464,0.0322988531385293,0.0434991461352716,0.0656287158423945,0.058809533318204,0.189579720181308,0.225318549008263,-0.913021626195348,3.51913729172896,9.06188449022188
891,0.985728936116251,0.98224364862741,0.405184889845743,0.416877194658851,0.417585681549351,0.421260590132929,0.973852798562724,0.959359046266273,0.95887301435731,0.417705205905187,0.419037665941075,0.419119068026929,0.715514621915351,0.719413991856074,0.517189807672153,0.0349816756397532,0.0423315895617477,0.0647036035723853,0.0609390831231612,0.15859266536338,0.214526643428224,-1.43171470719004,1.96659307541568,8.80693855358448
892,0.983211178111613,0.976354206900813,0.405184889845746,0.408622175012736,0.410077918745518,0.413648439401656,0.975013671503829,0.959019161337772,0.958835442184491,0.417888591709429,0.419102546421581,0.419117284849,0.719410129943085,0.739406514688977,0.564633674465327,0.035738265958571,0.0428674310275157,0.0650507061913772,0.0619345572327337,0.16082786703967,0.221475781596729,-1.55526262875816,2.28219393258943,NA
893,0.992423186545623,0.986762413134075,0.405184889845744,0.414417901237451,0.414114014857041,0.418262102814617,0.975797469370431,0.959444474416524,0.959227069024209,0.418606516245892,0.419123256361949,0.419140642996081,0.764059013650597,0.727367581761511,0.558926609733162,0.0325255192697263,0.0416098001756399,0.0648539944383172,0.0646814008444498,0.158394530636018,0.246729638185454,-1.16626761244886,1.63639919872497,NA
894,0.987659819503023,0.974306928159614,0.405184889845748,0.419219525824068,0.419330963010456,0.423351832940446,0.976434978925207,0.95929930513766,0.958580946032032,0.417765648248655,0.41906045007065,0.419130925099009,0.731838466932326,0.751318676768213,0.615291255776761,0.0342891439624234,0.0419844331544322,0.0646916879414284,0.0650100200314657,0.178618911195331,0.248571120332252,-1.48527435566998,2.57784813363515,NA
895,0.979917031624617,0.982598313922537,0.405184889845744,0.411854978797831,0.412535388133109,0.416037647203487,0.978115859722196,0.959610758717007,0.959096649156356,0.41729736573537,0.419025163633948,0.419109445210079,0.754902235524678,0.777749532192109,0.622756546848765,0.0331524362967086,0.0413729819579923,0.0647991694780103,0.0551882342243884,0.182687051113983,0.240010723892558,-1.25026652901182,3.43265278568834,NA
896,0.979906069380829,0.983766544956576,0.405184889845746,0.417608359414906,0.418993108567895,0.423104997281545,0.978799912348482,0.958567684551756,0.958348666563136,0.4172593619659,0.419093528064767,0.419139680205422,0.765870091498864,0.760563313193199,0.62027761964074,0.032238965556651,0.041560394787531,0.0648222323720425,0.0612548002069144,0.16261529122944,0.244034905635879,-1.05080267087133,2.46691899862448,NA
897,0.977349827650783,0.988148981319438,0.405184889845746,0.415434756979752,0.416354157782832,0.42014893595024,0.978416731215236,0.958605339298348,0.958415936810027,0.417758897246749,0.419124374884579,0.419137045018774,0.72817636223879,0.767124935168035,0.629660812327164,0.0343616726643068,0.041223959662288,0.0648581209589465,0.0626345281253572,0.164870049318621,0.253223923728713,-1.78754584418558,2.81636766829693,NA
898,0.963871001680364,0.976074111404908,0.405184889845747,0.411394991624508,0.414173604851759,0.417316083796588,0.983436062320157,0.959615386183908,0.959201000342392,0.417255490626338,0.419068097945048,0.419100734671907,0.798053198251772,0.745518296150278,0.568249260729345,0.0306168586500592,0.0420287935519559,0.0645046320054257,0.0482324597663354,0.182065401616635,0.232253549997384,-0.851209037297377,2.43624819621351,NA
899,0.98434276053635,0.98929465538771,0.405184889845746,0.416594091098918,0.418247241263154,0.422031932975881,0.97618002252744,0.95927467967084,0.958744814940442,0.41735489843132,0.419073003189395,0.419156182266323,0.752974559546712,0.729440131509637,0.598459520344632,0.0330028227246542,0.0410176078565937,0.0647728416483428,0.0645798180856182,0.158376633115537,0.27834966293479,-1.4516253078687,2.72379812185062,NA
900,0.970898214448532,0.982156197264518,0.405184889845747,0.411032668272046,0.411258688569314,0.415427917271177,0.979839019557439,0.958850055469801,0.958346479289047,0.417764877429811,0.419079204523262,0.419139803400561,0.738723982335594,0.764966345144029,0.626165660744691,0.0343589575669302,0.0419966545077986,0.0648495755610461,0.0686433109053112,0.202187088579606,0.248566317537981,-1.6043198978888,3.08151311532781,NA
901,0.984515588779739,0.990303718963915,0.405184889845748,0.418734215354511,0.418703337649334,0.422228091209665,0.979307767102796,0.959397911440878,0.959001312636961,0.41759936678756,0.419043376432984,0.419112070869684,0.785921271643524,0.736400504768277,0.571035734033205,0.0310947197275026,0.0408236306803881,0.0648266230782094,0.0578847794356539,0.11810816905309,0.259961292730009,-1.0647983798855,2.11757274686074,NA
902,0.974918492354807,0.988761907270001,0.405184889845743,0.412855064985309,0.413214754344467,0.4170006154025,0.978333164055761,0.959273000692778,0.95856448301199,0.4175657493017,0.419089263945629,0.419140432718365,0.75558938656591,0.76071331229972,0.603310467626759,0.0331285557957022,0.0413287506454426,0.0647766502708951,0.0629106847062758,0.176920845680282,0.263121239252121,-1.47372207627977,2.62091509982727,NA
903,0.982035142019787,0.991427582219118,0.405184889845746,0.419839791357623,0.419684799383549,0.42354528928771,0.977138864947604,0.960147141835638,0.95999519919941,0.418181915793066,0.419061869082973,0.419070101924582,0.738020049587637,0.765501229554299,0.61627237358674,0.0339127253500787,0.0405227870483894,0.0647963262030744,0.0614686680640487,0.152063227212,0.256177322823463,-1.27900093896859,2.65224179348068,NA
904,0.973747777049833,0.976201096328436,0.405184889845748,0.413564249549529,0.413274358590658,0.416987654753058,0.98446900870439,0.959279166897826,0.95875548166066,0.417487173041691,0.419071886290239,0.419136928429418,0.772443692785795,0.719269066437699,0.513592818817185,0.0319626782373887,0.0431465150075592,0.0648315471590497,0.0498336690023014,0.168498172633406,0.20202403041697,-0.973845111222975,2.2784139087022,8.28134304969198
905,0.986528956066201,0.973416510009174,0.405184889845746,0.416877735356821,0.417272681974272,0.420863172850182,0.980205935408525,0.95916358221166,0.958204759954115,0.417562334420508,0.419033337579558,0.419146240811287,0.761886690050057,0.743923673807023,0.62086570861839,0.0325286925411548,0.0420449649784379,0.0647366801960017,0.0617695142409493,0.163454776168239,0.255061085857108,-1.32358592405129,3.01779937963601,NA
906,0.991405774381803,0.989202810606524,0.405184889845745,0.414977138343911,0.415414993446125,0.419405539788008,0.981167927424507,0.95994412738406,0.959656034165362,0.417874627440477,0.419044245803904,0.419082959483446,0.808084211865036,0.771845414397188,0.622143481892123,0.0297450170592296,0.0405914274265466,0.0643932595842211,0.0537087380085506,0.154105871516812,0.246405801510808,-1.03283429933107,2.36105459316948,NA
907,0.970056842120291,0.969817969657863,0.405184889845748,0.417938179377465,0.417880559698063,0.421918098564352,0.983488719264983,0.960173887006982,0.959744539441629,0.41710318108408,0.419042126710845,0.419077423750022,0.793515457199387,0.755758981741612,0.607327107116214,0.0306672053270353,0.0419884320373181,0.0643147180225493,0.0523663730773027,0.17757739105107,0.22214819300829,-1.07895024743135,2.82351448914611,NA
908,0.9727239666837,0.996302876727784,0.405184889845747,0.417939323522589,0.417847565805008,0.421690149699912,0.981827889494142,0.957742786148312,0.95646655936291,0.417424277613577,0.419159519566546,0.419254619074795,0.764447393672276,0.747307687530111,0.593338961533944,0.0323844314828831,0.0416668799183226,0.0659489439940794,0.0585808297330276,0.177102694557873,0.271144895653487,-1.22367015806264,2.84622266088687,NA
909,0.981930019285699,0.969745768057393,0.405184889845745,0.41598980403143,0.417117349402181,0.420682737350006,0.976047743410123,0.959373853794158,0.958918064082781,0.417373070280004,0.419073658158957,0.419116002573031,0.719781340396608,0.708448090334543,0.51222658537681,0.0347832179750056,0.042672936991112,0.0644850656804278,0.0618872851435627,0.113589810422931,0.202521428332907,-1.3845414642444,1.94032153316996,NA
910,0.988090842574001,0.977536938814682,0.405184889845746,0.422747121230407,0.422492589846347,0.426218808392894,0.980733555145132,0.959927980044561,0.958987962553554,0.417997730995065,0.419031868024722,0.419123092101538,0.800177473540684,0.75180848291804,0.599372086498694,0.0306250427280447,0.0417128464002241,0.0647528918509115,0.0520570222600331,0.122307650176418,0.236316720689685,-0.95434445475148,2.38290707278211,NA
911,0.988688303946909,0.987597803679435,0.405184889845748,0.417860622812371,0.418967896088373,0.42251979895281,0.980353773020162,0.959862813839886,0.959477749576728,0.417032064926736,0.419012046937748,0.419091930782162,0.775283525950127,0.739451781698806,0.605084752901973,0.0317820872624563,0.0406072094577575,0.0644070456102661,0.0589318356724213,0.122889332344839,0.273770161257025,-1.49639863490881,2.38047861139743,NA
912,0.981406616099997,0.979531179171928,0.405184889845748,0.413441988710508,0.41451705665713,0.417706886225231,0.979213762678702,0.959278572662136,0.95933218180966,0.417923199048548,0.419091035180197,0.419106635613554,0.778682767257141,0.754657560838435,0.588008521032177,0.031742937585707,0.0416677431130302,0.0644985022598755,0.0586338163738663,0.154007318493516,0.243296241157264,-1.0244801855679,2.69702653961321,NA
913,0.975132196476048,0.985860482335086,0.405184889845745,0.418874975529367,0.419457233727292,0.42303006013675,0.985702044964397,0.958542157536204,0.95822563047945,0.417324814605946,0.419103934589643,0.419145735624869,0.823549628701171,0.767140223302768,0.637877378373381,0.0287212717787132,0.0413231247700058,0.0648031069112106,0.0508958570401055,0.181307979337323,0.259059559164585,-1.12887254822464,3.00886376972308,NA
914,0.983225940947415,0.992636657720626,0.405184889845748,0.423506541858253,0.423483358025094,0.427405901088947,0.984127663822812,0.959163916725821,0.958773541070779,0.417748072266357,0.41910351189268,0.419127832182535,0.806643581499443,0.754204079850074,0.580835907512024,0.0303558911548336,0.0417845101752081,0.065471253596552,0.0487662934599119,0.162113748006146,0.240065673811165,-0.819044233562382,2.55276084530746,NA
915,0.980930748169103,0.979528032358062,0.405184889845744,0.417672761918285,0.417315579613067,0.420784968476148,0.975955615115474,0.959635883274819,0.959492648371603,0.418295395011046,0.419084972557972,0.419141891205394,0.730550986402159,0.724672336255176,0.563810130974358,0.0342061088206713,0.0416692493916927,0.0646156869308759,0.0658830036945614,0.141456723744744,0.248710618574317,-1.20498123960897,2.08147756729132,NA
916,0.969443378584817,0.992825327510585,0.405184889845744,0.411643827403978,0.41212618758987,0.415863712448542,0.980688788547088,0.959335191683193,0.958860980211672,0.417409227901097,0.419066252299308,0.419140071507543,0.750530910583627,0.769338597240137,0.658631825163195,0.0336022538566067,0.0409286056354437,0.0648672568142654,0.0607511793441895,0.185228864347484,0.275144965954645,-1.38104892534512,3.05283233078239,NA
917,0.985260571163048,0.983215235890367,0.405184889845746,0.408966042786691,0.412525667655156,0.416189226458982,0.980508644674887,0.959464098384824,0.959023755011467,0.416751174590247,0.419065936027564,0.419108823978294,0.798347425128045,0.738672663931923,0.583930215108769,0.0310549509654693,0.0414309414641182,0.0645524157056657,0.0558516077846171,0.156175276153499,0.261443878662587,-1.1461864753621,2.32615645144838,NA
918,0.944499265792791,0.986546417252823,0.405184889845747,0.417965427300455,0.423796986235611,0.427408145370125,0.975696428080226,0.959745488237913,0.959241873253744,0.414766901524837,0.419035167742932,0.419110168023766,0.709897087509273,0.737132395877821,0.583987200361152,0.0354456895373539,0.0412724502301487,0.0649378090246242,0.0764447730620012,0.116796704928233,0.253523130517142,-1.63316007489434,1.90224834971832,NA
919,0.968281503261592,0.99113608359601,0.405184889845743,0.411970524174679,0.413335828197105,0.41714139837011,0.977181779995091,0.959075226730429,0.958706585065861,0.41759237932949,0.41908541914849,0.419129800080684,0.767152694956147,0.745300587327459,0.558549006517857,0.0324797111493704,0.0417731154757258,0.0654841361525332,0.0605784325496511,0.154776014000118,0.231512473234486,-1.22769417604684,2.07082310508619,NA
920,0.986537905258963,0.983335102502504,0.405184889845747,0.413018087197385,0.413185920404211,0.416620669464082,0.978072163644128,0.959783534414199,0.959336517586485,0.417970756354072,0.419024919927119,0.419098910464159,0.758108543157094,0.751898955199526,0.573026324892177,0.0329458384895778,0.0414758810410065,0.0645973309407697,0.0562153895650775,0.151270322849507,0.230163430663705,-1.16226075508481,2.66353843751857,NA
921,0.964718469919027,0.985214458883692,0.405184889845746,0.416028979941304,0.417392621333241,0.420772369352214,0.980252530566664,0.959774783878695,0.959102348306693,0.417456660262587,0.419038797051017,0.419106462513528,0.753291874278317,0.75516474952637,0.601933387224161,0.0329277461754426,0.0407774335953813,0.0645128497374148,0.0616106970404838,0.160069830004398,0.262264676065986,-1.50060139442404,2.74168588330407,NA
922,0.983524606637137,0.974737884245083,0.405184889845745,0.417516735694533,0.417232868034804,0.420958021283537,0.978378163488794,0.96012197089037,0.959324001667521,0.41790329100771,0.418993778671284,0.419094843768242,0.748979078255201,0.780986592186044,0.634215210677705,0.0332741583878382,0.0413655155048917,0.0643467344224224,0.0614655393071888,0.188822293777582,0.237759373024483,-1.38671263459238,3.01991319936175,8.66656796566383
923,0.986022666162041,0.983226099943345,0.405184889845746,0.413059620391542,0.415089101992457,0.418701600757556,0.980474830899211,0.958633711921061,0.95846072497309,0.417414241189634,0.419118488674978,0.41913449490626,0.799199162732265,0.741084033268385,0.572083449795793,0.030384180750323,0.0416752811938171,0.0646931187448413,0.0522952509793584,0.16122759350976,0.245047173844829,-0.9226995215415,2.48881737091056,NA
924,0.977896747271435,0.981793729567658,0.405184889845747,0.415249321793177,0.41696418701824,0.420581295638799,0.974796566229249,0.958759710966567,0.95879114568208,0.417644763835255,0.419099860601138,0.419140129947359,0.722697210967347,0.728521364596318,0.54486732088607,0.0346432817591383,0.0420713991672882,0.064790481405154,0.0629069668557164,0.172723595125189,0.231319024246111,-1.72453578034838,2.30147854210054,NA
925,0.990831637872349,0.990622907590003,0.405184889845745,0.41207376777329,0.413917373194711,0.417732534382222,0.976619377340606,0.959896208216504,0.959538799383181,0.417572683428556,0.419053645474615,0.419094235927228,0.774392243291818,0.786253813927409,0.659983281565359,0.0320340663221192,0.0405019482124885,0.064474414408585,0.0521348814942875,0.17656765769623,0.258368995447945,-1.03719550644033,2.98509531813952,NA
926,0.983102969510814,0.991045288836027,0.405184889845745,0.415412552095704,0.415937321340649,0.419982140745589,0.981087155514882,0.95763024536162,0.957065973141666,0.417279937797993,0.41917292284251,0.419202235402985,0.802677672496788,0.765332012414419,0.603294781776826,0.030191012578937,0.0418658408319108,0.0653712447375381,0.0508250859022459,0.192487578776872,0.244182015673441,-1.12088110473053,2.84041162455382,9.90333637884451
927,0.990329922491749,0.96679534760842,0.405184889845746,0.416428588249802,0.416856160518988,0.420810213500327,0.977910383753146,0.95886029640176,0.958916691422538,0.418093679672584,0.41909465700903,0.419113921831569,0.762556432036433,0.724179588524717,0.613683800873985,0.0325077739287748,0.0429450750627831,0.0647148178067689,0.0642480508154366,0.177446443791722,0.253403563557611,-1.48607157993173,2.31889225050019,NA
928,0.991683590575032,0.98537035067639,0.405184889845745,0.41354212863463,0.41527691315633,0.418685083005337,0.979572619526165,0.958409112325595,0.958488766259624,0.417220722699598,0.419130436620634,0.419138430796837,0.783186541853593,0.755575658076351,0.598586121238372,0.0313270555217042,0.0415048822178186,0.0647625389515275,0.0560935353983868,0.148653504067515,0.246342667718022,-1.06434610813708,2.56008531409174,NA
929,0.991066492884608,0.978249499281115,0.405184889845747,0.41505855123345,0.415731467734587,0.419331574238422,0.977616432914006,0.958057652460714,0.957955590337005,0.41781775179491,0.419106177012524,0.419158423515712,0.770979458988943,0.711135692186356,0.54612190534725,0.0320833003508559,0.0421954359883977,0.0649084083557818,0.0575992844660677,0.14787469834136,0.242418366712985,-1.23308172295341,1.90814766216969,NA
930,0.984394355420184,0.989214347430101,0.405184889845745,0.420765760269271,0.42149684775771,0.425306503514757,0.979156992472878,0.958712084544171,0.958205545441001,0.417542748196279,0.41910722877311,0.419169282304874,0.787596295735742,0.75036362423351,0.60134094028047,0.0313008755717228,0.0414463858923876,0.0650771600707282,0.058882229150676,0.180448421431077,0.265761968106036,-1.17059472308905,2.54409363041937,NA
931,0.987149148637043,0.98014437258046,0.405184889845746,0.411706122471418,0.411914346012157,0.41541457339094,0.982543233479859,0.959125725386783,0.958545825809404,0.417814888643366,0.419094796184225,0.419147044803398,0.802018730606145,0.74514767190398,0.549102516994732,0.0304672127670552,0.0428863830557317,0.0649238259577025,0.0471243896525552,0.183065061958315,0.210598849267044,-0.926955161915486,2.50981029541347,7.51985940893365
932,0.980996774145957,0.982149029561371,0.405184889845749,0.417591634015268,0.418199532482098,0.421613063313414,0.975573567266903,0.958335964007281,0.958279302399096,0.41780449786832,0.419110588704104,0.419143334956257,0.708614171103244,0.754845825341673,0.588815025778718,0.0353419619526733,0.0418823716209243,0.0649433279440945,0.065662719203103,0.151194917782645,0.231187535845733,-1.6897862302479,2.21107972766204,NA
933,0.988100332153834,0.984068663407762,0.405184889845747,0.414966706313422,0.41721533835343,0.420919446577823,0.978803368812199,0.959254911015811,0.958960134856607,0.417740790498018,0.419093889799948,0.419113461935076,0.780096798355988,0.765048979449317,0.618433611030855,0.0314242031489008,0.0411554954380416,0.0644932429335964,0.0573086813559076,0.15605031889423,0.247357965059469,-1.12273535287394,2.87187976502456,NA
934,0.978504313898808,0.977734532404146,0.405184889845746,0.41884985232231,0.419422601177419,0.423229896679141,0.982056012520516,0.958140796754676,0.958028870559784,0.417302743927184,0.41911691821239,0.419154632171719,0.791032902471282,0.731405892129722,0.6104867643409,0.0308635063712819,0.0421328515183686,0.0648970324128112,0.056290284483192,0.171275060176402,0.262400957973802,-1.13305109541595,2.40872668179494,NA
935,0.978492480698368,0.972024765209077,0.405184889845747,0.414382488164457,0.414252238874137,0.41811885811161,0.976432641101811,0.957528154657415,0.956762873300294,0.417946414791458,0.419167533820943,0.419214512238618,0.739656027833258,0.711485994568397,0.535245635224238,0.0338671983604887,0.0431147021253738,0.0650812028683141,0.0635663866067908,0.163882180348912,0.22325255818384,-1.18466424414022,1.85505069325658,NA
936,0.953838600265811,0.97827278466838,0.405184889845747,0.419469689047508,0.422595249381095,0.426261947175463,0.976941111378138,0.958422589953232,0.958512755643372,0.416924383267111,0.419118484723748,0.419140143721333,0.734672041582313,0.766812040195666,0.647917607154814,0.0341443506227382,0.0424460626619491,0.0650936676306082,0.0584903390883075,0.18014748443794,0.244315453864704,-1.01925555080983,3.22753549075287,NA
937,0.978989623955334,0.984839882874827,0.405184889845748,0.420477650280825,0.419830395605844,0.424112467469496,0.975064444873763,0.958334361629474,0.957502999596558,0.418100428505469,0.419111189732911,0.419178583259164,0.696764865620382,0.750037484789912,0.640434639800977,0.0360582583782322,0.0417665515070597,0.0652516451233284,0.06679664868834,0.169471959962673,0.255844102128429,-1.56292316060147,2.34928332357424,NA
938,0.974170446397474,0.984905535856341,0.405184889845746,0.418111739721148,0.419917618896239,0.423892039646327,0.983145104228552,0.959865944927319,0.959159685311698,0.417164321323619,0.419036584406448,0.419102551243426,0.819787463963088,0.765915436421259,0.62616460517571,0.0287745352513362,0.0409292284806708,0.0645390528063107,0.0503936655254361,0.170128797738751,0.249369400864818,-0.729107291080067,2.51384186512024,NA
939,0.977521477884004,0.98328353873553,0.405184889845746,0.414247858236201,0.415934415887943,0.419322885235624,0.981863118595352,0.959594044315985,0.959506722301738,0.417091304920835,0.419081298675138,0.419114336460672,0.783242652366749,0.733082912085985,0.564291294362691,0.0312862761235908,0.041698737135469,0.0647857156555228,0.0606264728129317,0.15879063703472,0.248258846615061,-1.46739062047319,2.35245625649245,NA
940,0.976528011253825,0.978122097523504,0.405184889845745,0.417269234722841,0.417654796306179,0.421222757935882,0.982629333998017,0.958288249001493,0.957669239816803,0.417405701538933,0.419112287832056,0.419174456688293,0.777543001610467,0.749869027357931,0.608140628213735,0.0315526929119417,0.0419940695200374,0.0649201029226013,0.0588666311619037,0.170961291555381,0.241056327537035,-1.15502904874443,2.61503574871256,NA
941,0.972871639152436,0.978120859932158,0.405184889845744,0.415471641203554,0.418781778654821,0.422272631206663,0.978925034085049,0.95869586955717,0.957869434519717,0.417421359797333,0.419098115670572,0.419165016752626,0.774664890481751,0.734307444111403,0.597194114727569,0.031727303312093,0.0417910642194891,0.064945937668485,0.0560092894845955,0.170110900538894,0.258153479783857,-1.02291868940344,2.74809622180943,NA
942,0.979302524517208,0.978319293626705,0.405184889845746,0.413835048229389,0.416024084472352,0.419396659861197,0.97972499886072,0.958604617448854,0.958346942188437,0.41822226657945,0.419126477354157,0.419144505965953,0.788782396964778,0.74657496008372,0.575333451718133,0.0310072850515511,0.0419753347810762,0.0646536491151674,0.0509313074072409,0.176049606465532,0.240073991430498,-0.947795540580989,2.86265966956439,NA
943,0.990779164022572,0.98482647634181,0.405184889845747,0.412254349364271,0.41480178178321,0.418507074581786,0.974578806307921,0.958791282848777,0.958318026633677,0.417949012703753,0.419074822452613,0.4191411234616,0.749396832135588,0.745876428552962,0.581773219828712,0.0334461254515806,0.0415359344982055,0.0648169482742062,0.0587355255386238,0.149001387511872,0.243562622509583,-1.17573433442667,2.46033806900676,NA
944,0.968162229548687,0.984028707547975,0.405184889845744,0.416311866872177,0.416350021428255,0.420351175699471,0.978063754817804,0.959798082790685,0.959373034396405,0.417196832303848,0.419033858789916,0.419103222147934,0.747241695021255,0.74211236468681,0.57531362225008,0.033311293692708,0.0411138325857789,0.0644749767160309,0.0656755946007933,0.124480691743011,0.236324943970992,-1.40968801677199,2.16886268176093,NA
945,0.991063369599716,0.983489578193431,0.405184889845748,0.417123147283451,0.416199095645627,0.42033446589847,0.975801397066342,0.958376322889652,0.95788490046655,0.418246463360112,0.419134809568672,0.419164360864419,0.748808498129119,0.740746367910562,0.57293195154547,0.0332333688708566,0.0419740486322566,0.0649681617546563,0.0666150259202831,0.163476573343528,0.239882082314687,-1.32820228972064,2.48706996145762,NA
946,0.953023514426811,0.974002917565211,0.405184889845746,0.415787669252541,0.417953036059765,0.421557153578416,0.98222436964727,0.959051537853944,0.959191212347721,0.417121417340546,0.419101607651521,0.419107481039415,0.785054799487167,0.758850625931109,0.595772646541912,0.0311150000463664,0.0422074281298417,0.0645249911084976,0.0563929886375561,0.180940550078979,0.219402890510825,-0.949982681612118,3.44634395633468,9.59094852458084
947,0.981472034029188,0.986811289537877,0.405184889845747,0.413495875297741,0.413398405549945,0.417433523118734,0.974636213997529,0.958363957551472,0.957266189911842,0.417881486229744,0.419117046470033,0.419197385031131,0.71764005926302,0.764864992419286,0.618883789039566,0.0350334613810015,0.04168553866245,0.0650838379871935,0.0639896075329849,0.18816696661255,0.255359325183476,-1.31820640872145,2.39382049510996,NA
948,0.987530124094739,0.99156080344561,0.405184889845745,0.413829108327579,0.414188587025694,0.418071515699422,0.980842957997723,0.958718759274483,0.957915441737371,0.417711519882984,0.419165395023103,0.419173674622227,0.778716518639441,0.747032286823816,0.561493333927018,0.031655392684208,0.0421634685914628,0.0656881862815255,0.0548110467722099,0.168514692497427,0.230244103014741,-1.12020398247373,2.51382568865494,NA
949,0.981810973370299,0.971245560982395,0.405184889845745,0.41815742845864,0.419280651030722,0.422864560571214,0.982693176188003,0.959659657520504,0.959039634171113,0.417855015124308,0.419060169908243,0.419120002994114,0.791928561471628,0.761152709946783,0.626247511053418,0.030764733399868,0.042099298471705,0.0646940746456915,0.0582050887621076,0.196297248274271,0.251115621964885,-1.12657385292837,2.791887561015,NA
950,0.972907907317544,0.986632211137343,0.405184889845747,0.414067091273523,0.414191695321208,0.417966956815113,0.982542207979895,0.9593440308838,0.959125392333366,0.417713086932213,0.419086713133824,0.419104315816205,0.790638310304704,0.725535481350314,0.556240923208027,0.0309330204267015,0.0411784359342327,0.0647781186291098,0.0567094297338857,0.108441649547632,0.244325407202506,-1.24170106024285,2.16872558421156,NA
951,0.989312371314469,0.98347208445548,0.405184889845748,0.41575977098911,0.416571443458597,0.420162280057709,0.97556726240998,0.958950285456585,0.957809598987206,0.417726315986715,0.419069944641204,0.419183156572093,0.740862909853807,0.758381817577889,0.603968849155844,0.0336521515791968,0.0414822032814232,0.0648286686585288,0.0586593758772961,0.18636732897604,0.253383016750425,-1.27814595138727,3.02148110544876,NA
952,0.979041454222788,0.976903649575876,0.405184889845745,0.413081399007882,0.412339211455708,0.416136465667609,0.978826260719374,0.958246406697052,0.95763312674409,0.418302783497001,0.419123985804527,0.419179981539407,0.763812373763916,0.702651876283411,0.508462099377916,0.0327277104253231,0.0429605600781688,0.0650437549781745,0.061476080127665,0.14177390340415,0.217817031542438,-1.55357243787805,2.14307585400481,NA
953,0.983390871383444,0.989464717531776,0.405184889845746,0.413777709004428,0.41290860261523,0.417071474526363,0.982816053529625,0.958202684662274,0.957688720504045,0.418103004789656,0.419106300801176,0.419171877025239,0.812978871176821,0.750933280623388,0.607710897385805,0.0294903640614912,0.0415760470690108,0.0649235279306982,0.054632527621292,0.179091344055493,0.265923360126839,-1.00546116602508,3.25289317477663,NA
954,0.971533314888345,0.982328293530984,0.405184889845745,0.418402328743363,0.418490197270835,0.4221474985716,0.981709721419697,0.958720185035929,0.958031829008609,0.417772532882717,0.419101942027722,0.419157793863644,0.771535044587734,0.739248410629969,0.568760462674849,0.0319538233380071,0.0419219194203189,0.0648274474295939,0.0572185931928321,0.159047217753787,0.240069686972522,-1.24733988601642,2.61789181091171,NA
955,0.965122287571184,0.97551652308636,0.405184889845746,0.41277773059378,0.411913889887256,0.415934898766186,0.977921703541757,0.959134757792414,0.958489147250175,0.418228133265993,0.419113153338546,0.419165638657907,0.721348094104719,0.715031450547948,0.551328358650929,0.0350688025055008,0.0424706632387134,0.0648680761743266,0.0684725021408616,0.16718378387241,0.239142356406572,-2.07949206260924,1.92648446859253,NA
956,0.978990310898064,0.981764393965291,0.405184889845747,0.420448742611682,0.421348825525404,0.42507838487013,0.983611225966935,0.959520243817265,0.959201652242737,0.41724081589933,0.419072510246022,0.419116002553181,0.809215661943044,0.760016530062544,0.598956180167907,0.0299243982071508,0.0415841272304923,0.0646814312469485,0.0549197156344897,0.183434271718467,0.241507936864966,-1.21218739098901,3.0211244397493,NA
957,0.994941698353598,0.981057759291456,0.405184889845745,0.418979957123827,0.418596452555425,0.422232254902029,0.979212166925846,0.957632385670676,0.95707882543039,0.418490698840241,0.41916572525074,0.419199769982315,0.802568924048992,0.726901501223718,0.564463338854956,0.0301210873260136,0.0421313828840467,0.0650053672859347,0.0545497636986865,0.150650114722125,0.251593177970209,-1.05258879214649,2.10128060503131,NA
958,0.971284737562182,0.990436746009768,0.405184889845747,0.416447405144455,0.416229366147375,0.419563267105037,0.976220041736491,0.959091918012444,0.958435906308945,0.418403128996219,0.419064713487456,0.419136484913169,0.719414425202808,0.751865309254208,0.574736262648634,0.0347950949806312,0.0413926212926221,0.0649568952116326,0.0658635206521662,0.160280053134995,0.243929098795547,-1.48494985734312,2.84330011497424,NA
959,0.978251083214629,0.988894550354353,0.405184889845745,0.41743960310494,0.417097971353111,0.420860944531422,0.979713181892728,0.958887956422226,0.958108924241653,0.418062339862792,0.419128221193005,0.41915753352765,0.748351394286048,0.735587302099282,0.538063968289235,0.033253982699493,0.0423350343851026,0.065099886561562,0.0573034875897583,0.169164281271907,0.215565829291222,-1.42669572728155,2.79099580128994,8.29663371351521
960,0.987614338840136,0.984931943344199,0.405184889845746,0.418219863931745,0.418972111893132,0.422922909552084,0.980579940480962,0.958011474956901,0.958217850424644,0.41756317489202,0.41912869177762,0.419150486949512,0.809110254755856,0.728486703318804,0.583186198779926,0.0296107296706934,0.0417965539114919,0.0648844327402424,0.0553533344295279,0.169726334164632,0.265364735175373,-1.07278399550532,2.03494213288897,NA
961,0.98722661744955,0.985817118161723,0.405184889845746,0.421944413494787,0.422721921274058,0.426435521222651,0.977635454217641,0.958449961077197,0.957504943196226,0.417822821424236,0.419154294922428,0.41923002930002,0.721598544873102,0.719955630071368,0.577632416641129,0.035103293696137,0.0423758948605843,0.0655652450905212,0.0629692814260532,0.151419918106051,0.271479655477388,-1.46509920652726,2.46218939176056,NA
962,0.967918964107444,0.959758442817978,0.405184889845747,0.422062833073967,0.422348239506201,0.425393235723579,0.981163479382417,0.959624266685048,0.958935751692163,0.417495580237476,0.419049041982563,0.419113748488341,0.765544463004237,0.740146955138377,0.604578462295071,0.032637454018039,0.0428180303122969,0.0646829428977999,0.0557748870130309,0.170749146429824,0.226810196949206,-1.3414968822029,2.36310708310837,NA
963,0.984377821996159,0.980501797586484,0.405184889845747,0.408980419866846,0.40925875193101,0.413213762128926,0.980998633746408,0.959463262435213,0.959154465371013,0.417295994844358,0.419111958093314,0.419150967522188,0.76685257486982,0.739976035677869,0.575331021038397,0.032999256766609,0.0427859749032627,0.0652415568418413,0.054399638373066,0.161328641891128,0.246931066578356,-1.04934456691811,2.69467974270206,NA
964,0.975627317538147,0.98928161831101,0.405184889845747,0.413187103458372,0.412078946953897,0.416413279253409,0.979126310849237,0.960357138834291,0.959644446982699,0.417856532919103,0.419011712410822,0.419080135889722,0.747857382637435,0.756634055859854,0.611644426736596,0.0334900687232715,0.0406621528799171,0.0647094743252724,0.0577943067217793,0.146062385305755,0.253269025810775,-1.39151842675994,2.7454023575692,NA
965,0.976466006278085,0.976969366475533,0.405184889845745,0.411934744815787,0.412346950492141,0.415624332355821,0.977228126416959,0.958568805637519,0.958319648538235,0.418397061763152,0.419142792062624,0.419154154376673,0.747394728087316,0.727857136511579,0.569430248252948,0.0337963986620392,0.0424112171970086,0.0649534416458122,0.0606153066860719,0.146510784947892,0.248140447807698,-1.28672011782427,2.52107614987055,NA
966,0.98732828501407,0.980403136332742,0.405184889845748,0.412432903997089,0.413054174183018,0.416526548062536,0.980887129044167,0.959666584534545,0.959568514864694,0.417658936125369,0.419080708240273,0.419095041075828,0.7768111149669,0.771143240385872,0.627646082981798,0.0319458303940066,0.0415048928697376,0.0647097077337217,0.0591497007435543,0.196001625358085,0.247212268926668,-1.08138117650059,2.94748251899306,NA
967,0.988774701998963,0.991633590397344,0.405184889845745,0.409968267756375,0.411334643242731,0.415333552162127,0.975438281525209,0.958219916517524,0.957076658763983,0.417838563220811,0.419134826954177,0.419243128061495,0.762119339683282,0.747419105006934,0.610571455893073,0.0331212547814969,0.0419228321315202,0.0654899890948497,0.0580743916919996,0.170649501670894,0.27112758682117,-1.13805658310584,2.39407271180877,NA
968,0.987317877933192,0.985118462934963,0.405184889845748,0.420474905170684,0.420358357759375,0.424459566608197,0.981256593915543,0.958903810717114,0.958549971917314,0.417478439938106,0.419107538703676,0.419135608844129,0.795808385980147,0.75149983788492,0.596193669787518,0.0306672365353404,0.0415782455349938,0.0649718072335662,0.0627609239463034,0.158103013511888,0.244629994848907,-1.1157927735498,2.60089013815524,NA
969,0.932408658770902,0.973469290852111,0.405184889845745,0.418582877743461,0.41738375514034,0.42081326399354,0.985365758808043,0.959634592183842,0.95881282273096,0.417784505351233,0.419082634086953,0.419129132797657,0.766530173451317,0.727291550905759,0.559929315902203,0.0321530580974831,0.0419328197019917,0.0646477435676354,0.0636206030229548,0.184187295485752,0.243759332073948,-1.58468545732073,2.83909232776637,NA
970,0.981237857741282,0.989691379615103,0.405184889845747,0.410322366730188,0.410547769888799,0.414537958976656,0.978267941995789,0.958469144163166,0.957682381618245,0.417632835284085,0.419069261537282,0.41917660924003,0.756769536439125,0.754830453405833,0.609081180832543,0.0334019583454405,0.0418639375369975,0.0652813999048562,0.0556630556494021,0.157667468532918,0.257181321411718,-1.15533758748339,2.7253703242776,NA
971,0.962873060379956,0.982903864374603,0.405184889845747,0.412938669977745,0.412736702789757,0.41667081421873,0.982396249644444,0.958588604230412,0.958583351500676,0.417395931065972,0.419097447158705,0.419132058971503,0.78193404050732,0.745281129322144,0.57562877376738,0.0314765163241408,0.0420036897024675,0.064811905650479,0.0643572271974649,0.145650353248344,0.239600080303414,-1.21426110880446,2.75853541424027,NA
972,0.968584404440057,0.965437030598322,0.405184889845746,0.415695888840904,0.41678296803174,0.420128066609278,0.981177786588666,0.959417283710023,0.95868547576299,0.417126913586805,0.419098551940796,0.419124533529469,0.770175961549672,0.742891095452459,0.575479996272806,0.032063249711996,0.0423168631509046,0.0645704390000813,0.0600766804324521,0.181261473439863,0.234747968541478,-1.82302637944776,3.3106032223978,9.33465867775462
973,0.966039847713476,0.964540170951664,0.405184889845746,0.415013969976927,0.414563748112633,0.418341354570656,0.976625200550792,0.959475428380686,0.959317884576194,0.418104548793607,0.419036392645065,0.419109346658032,0.719136041978511,0.747583974016551,0.599320737518013,0.0348769432965705,0.0424849582542883,0.0644802941383032,0.065705775960537,0.168526540692999,0.212095078942587,-2.19071752441583,2.48337943427087,8.06170286216699
974,0.980583728804783,0.983750378870214,0.405184889845746,0.414309581126965,0.41473367220751,0.418649742112822,0.976492257778878,0.956954030812572,0.956357341947437,0.417755691676491,0.419211023015186,0.419252313480967,0.723226556474803,0.722153609149906,0.562138909978108,0.0346064505634479,0.0427385795559526,0.0654920265445919,0.0634076631193644,0.166779527355385,0.243996014080633,-1.18994349851414,2.39977164237112,NA
975,0.982611715247959,0.984873730304045,0.405184889845747,0.420700113528822,0.420203613857301,0.424313377374584,0.979626494655755,0.95944699561605,0.959048961079045,0.41757563466017,0.419046926646317,0.419119950350388,0.777543019104622,0.75149732447401,0.614494728866423,0.0318489758002355,0.0412297824443493,0.0646400624394915,0.0585423664437223,0.140022482702723,0.254266903649378,-1.1967004986439,2.6817764790411,NA
976,0.993345733364173,0.990183572942107,0.405184889845743,0.416234142679698,0.418400131161025,0.421892770275719,0.981713574618994,0.959807533394557,0.959527375415151,0.41743656177288,0.419053161261907,0.419090020906503,0.796541723269978,0.764847914967789,0.571707963542033,0.0303451132414267,0.0416702734358877,0.064712113547575,0.0514526490607451,0.196177829548894,0.231437399952417,-0.96059029497065,2.77903530560184,8.09926636200125
977,0.985139921674943,0.992202845882186,0.405184889845746,0.417469769367664,0.419286766601785,0.422772169686316,0.975512800431907,0.958297574443139,0.958120861290482,0.417638950412294,0.419118927585953,0.419150086453386,0.734488460952535,0.741359756811181,0.574457798459697,0.0340243905544335,0.0412698177447059,0.0652019120435468,0.0611078189342893,0.160428996092002,0.266092001644718,-1.21460337706748,2.06252624152615,NA
978,0.967303366945179,0.973415836973803,0.405184889845747,0.416408377222821,0.417471773185068,0.421279389969328,0.97977847074146,0.9586302011478,0.958094180412362,0.417354981323717,0.419088809300793,0.419153742580196,0.778096939659379,0.730230111189499,0.579915418046187,0.0315324879033083,0.0422424549192255,0.0647206489287195,0.0568955995449226,0.144468934168531,0.228417758385973,-1.0921943342788,2.20672168027575,NA
979,0.979747614258569,0.995436673100068,0.405184889845744,0.41614738937943,0.41655029552557,0.420498642909748,0.973872621619927,0.958044252276177,0.957709037278911,0.417279498741873,0.419118732544854,0.419191156727131,0.73341912556479,0.741538679944772,0.582127346251636,0.0340345166814003,0.0413964806926416,0.0654190451333869,0.0646704296536659,0.150236546817523,0.259003068001635,-1.36123519007078,2.61232187533374,NA
980,0.979691104983357,0.990590622210735,0.405184889845745,0.416768863242304,0.416940047937664,0.420665803384387,0.977927631950253,0.959234985772043,0.958452092002133,0.417962652267046,0.419108965894132,0.419142969745988,0.752006344224267,0.738987515880696,0.593766295458224,0.0330345412302792,0.040819638756049,0.0648679214151666,0.0608360933638903,0.14794885776846,0.273739252532812,-1.19643361558445,2.49900400126679,NA
981,0.987605322050287,0.988466013642675,0.405184889845746,0.41724914351303,0.418308815990836,0.422132538438073,0.977878600225011,0.957850369105712,0.956780729495679,0.41713419095001,0.419122335275039,0.419242046177237,0.780129168251444,0.756027778501619,0.620103369439059,0.0314513417049236,0.0417899375059757,0.0653419036390312,0.0559556105234392,0.214653533437625,0.264898135780051,-1.32573226485758,3.14593123988715,NA
982,0.981181318336507,0.983104688601766,0.405184889845749,0.415167212197938,0.415209567721535,0.418992965228166,0.981703396839656,0.959762814804156,0.959568330971657,0.418023198050939,0.41905250750447,0.419085073390663,0.795699568158081,0.759466991382552,0.577647620823943,0.0305236207421501,0.0416349214060794,0.0646831934988297,0.0581939577211165,0.170859193354237,0.217971814821563,-1.07794433400896,3.19309045190843,9.25557799336833
983,0.97392987777662,0.982784111196514,0.405184889845747,0.414172249037738,0.416808582824168,0.420198261682879,0.9823971446982,0.959964168827076,0.959270141667439,0.417288440272845,0.419038178538762,0.419098963996099,0.792269190316169,0.750455910628737,0.581827500821565,0.0306744081538397,0.0413178966198154,0.0645433105612625,0.0529064821946722,0.17172790012219,0.241865392630935,-1.06152526082213,3.11187023164928,NA
984,0.982704195698154,0.979309725090649,0.405184889845747,0.418369170050869,0.417942155743113,0.421895162692292,0.979210216195957,0.959604484662448,0.959421621628863,0.41781856717556,0.41904194158564,0.419090448382825,0.780289872453665,0.721984678262343,0.533982009096738,0.0313980011670017,0.0418289730110146,0.0644220448182362,0.0525851729275219,0.135490798565008,0.225109745437881,-0.938376451995184,2.01128822102158,NA
985,0.982207033722663,0.980021842657313,0.405184889845747,0.415858789141102,0.418275397396601,0.42212094518818,0.980932331331407,0.959167069125322,0.959116967647389,0.416793213152926,0.419058665655561,0.41910444246078,0.79038080493788,0.76049790428975,0.598534226199448,0.0308646275802074,0.0416614547285189,0.0645454206030151,0.0547180890018108,0.1709564823515,0.232098270332646,-1.10316506802761,2.19443159164809,NA
986,0.981611595509467,0.983382024860674,0.40518488984575,0.417240421158744,0.417833026114002,0.421400844279695,0.978171407536464,0.95978862553065,0.959674570075264,0.417289031067726,0.419033872839638,0.419081616584023,0.744331950669922,0.742142166729129,0.564708522874732,0.0334817978266917,0.0414064919464741,0.0645977756081388,0.0596272589307038,0.134177869717585,0.223845681861982,-1.32940303174566,2.43423682936114,NA
987,0.985789271228339,0.986322426760135,0.405184889845746,0.41807391887269,0.418529945922972,0.422054277534472,0.97622012893091,0.958921412379218,0.958055250774673,0.418189538721336,0.419124082007064,0.419207430964509,0.7509694420499,0.738550005932015,0.564967790038355,0.0330904148656318,0.0419749318601567,0.0651080174907353,0.0565374757998578,0.15949640491161,0.238311777770152,-1.21860966431291,2.96480765655212,9.91671268078878
988,0.94109360182836,0.991335336318548,0.405184889845744,0.42074046831332,0.419711649578518,0.423615238756693,0.98048681471431,0.95921746822835,0.958744153532866,0.417727780553814,0.419063040108685,0.419149182487871,0.722799051197839,0.742732212409903,0.55886758975042,0.0347494390618804,0.0417304334423362,0.0651454186933931,0.0655966807907633,0.162954029530666,0.229363246098736,-1.84266200168046,2.42920615127463,NA
989,0.978406266887301,0.972436964225321,0.405184889845746,0.412242498122256,0.413974249187933,0.417551759849037,0.976511557976906,0.959291280162031,0.959226276643547,0.417337635736309,0.419075892941214,0.419110485097241,0.733514629705482,0.71899494570586,0.549781162497622,0.0342831090206517,0.0422984305813205,0.0646102561491391,0.0630891325376136,0.129015388616878,0.232792016199766,-1.41175559998389,2.31941230080573,NA
990,0.958587744116208,0.986073272710137,0.405184889845745,0.419011479276029,0.420678802016523,0.423834740006373,0.979591190762642,0.958701171897241,0.958290451611746,0.417238138082735,0.419119465932513,0.4191505876331,0.73908794115017,0.753270660095965,0.582373624253494,0.0339342576273205,0.0423559097008216,0.0658974137370042,0.0608065889649851,0.18310644079013,0.244807172540528,-1.32648236140328,2.89249854659907,NA
991,0.973714810364882,0.984427314699955,0.405184889845747,0.415315552712819,0.416594887790089,0.420080885117252,0.984872232461049,0.957317584169028,0.956523605942613,0.417296728491623,0.419153759348131,0.419234815474359,0.831408563805652,0.728372578454687,0.56871377451832,0.0280521896492619,0.0420815946681793,0.0651466626889326,0.0477404324009345,0.139795168177449,0.257186900745164,-1.01262991774955,2.92633132959562,NA
992,0.983411114587854,0.989043668663916,0.405184889845748,0.416983998849197,0.416811063371271,0.420703035886476,0.976383054603984,0.959967402772804,0.959303066846488,0.418267469820368,0.41904155202027,0.419108245148125,0.763030677228734,0.756119420002074,0.597074444144882,0.0324081996396548,0.0405931930043662,0.0644683055309238,0.0575555497781337,0.13448647135146,0.253452116931441,-1.13169817769132,2.57765833088183,NA
993,0.9922384398822,0.983923988934983,0.405184889845746,0.42052396347828,0.420394156214929,0.424107278932215,0.982789010745129,0.959056342693877,0.957871076326215,0.417678893051005,0.419072615166307,0.419161621111589,0.812728583228124,0.764250355755044,0.643715082381215,0.0294668563211719,0.041502909826023,0.0648441253586944,0.0451667275799679,0.172591780237946,0.261165873876416,-0.80341926002888,3.29035685820067,NA
994,0.960498948636331,0.976387760146588,0.405184889845747,0.415521972718895,0.417505476877675,0.421430126433663,0.975648594951776,0.959780624940766,0.959404194144093,0.417813938791106,0.41906588731196,0.419146491477744,0.711595196487075,0.736708230114559,0.59808189968127,0.0352127583930045,0.0419436770688944,0.064620378358787,0.0643131055982572,0.14795802198984,0.246644098246463,-1.7952897453767,2.27722057001519,NA
995,0.989407127426649,0.98657317604333,0.405184889845746,0.413659775416037,0.414785297079752,0.418278452445898,0.978438287423876,0.959216378558088,0.958710954363862,0.418318160396313,0.41910860721934,0.41914083721101,0.760622711624053,0.747118186726976,0.605526825148867,0.0327207037542057,0.0411302540542127,0.064947181643446,0.0571735247425508,0.140320134092176,0.264252892859701,-1.24598537066649,2.45182171742067,NA
996,0.967147000533035,0.967767962929472,0.405184889845745,0.41599011970793,0.415734439664897,0.4193656469138,0.986360257788099,0.959603253376417,0.958831573009467,0.417454500003251,0.419062289111173,0.419135069813445,0.839783052652242,0.746861699344602,0.579392585206649,0.0275648671661235,0.0425039581867744,0.0645434204777154,0.0533453205996029,0.189972190985469,0.22640002281731,-1.36078728807847,3.13853815088931,8.917350710475
997,0.97842870023356,0.988804021655936,0.405184889845748,0.421970587718685,0.423386665796313,0.42685158023957,0.977580124646392,0.958702586735035,0.958340218880381,0.417719624352482,0.419096482647315,0.419150975197867,0.764462697419933,0.732175495053597,0.579080369813302,0.0327389858698742,0.0416356848901526,0.0653704719074207,0.0608804736866121,0.149341414210517,0.264784130926872,-1.13919561160961,2.00878625625097,NA
998,0.972341830696663,0.979077820957341,0.405184889845745,0.41849997793389,0.418752857648976,0.422477220924665,0.983440766197498,0.95965004244064,0.95934904049289,0.417795128991714,0.41908337164401,0.41911505266623,0.767142141819539,0.780412383794291,0.650565027489265,0.0321874566498544,0.0415933539998393,0.0646055589966407,0.05709055210902,0.193086354006398,0.24967282678159,-1.27017880434444,3.21558011309758,NA
999,0.992433376378066,0.982111329660966,0.405184889845747,0.413917260589434,0.414085272305083,0.417873924471973,0.973234265742423,0.959961168209023,0.959355164916836,0.41853559165399,0.41901372352531,0.419093878517491,0.720081241195657,0.744956182677979,0.615633203456596,0.0349519716061384,0.0410368856704526,0.0643868920466461,0.0641088364964558,0.159428919332788,0.267441363718844,-1.44248015654949,2.17980479026242,NA
1000,0.98045454699482,0.987157051573374,0.405184889845746,0.414103747138583,0.415488429737984,0.419176378004692,0.977313748641859,0.95783901905989,0.958114881356573,0.418173539100935,0.419145722349792,0.419150593767954,0.752207351330329,0.758538461709536,0.608670895549284,0.0331130682619093,0.0416170846248814,0.0650107259574277,0.0601327285858043,0.16800738807775,0.246473572733106,-1.19796058692395,2.6861677489163,10.1724948889875
