"timeseries","residual.SSA","residual.STL","residual.Trad","seasonal.SSA","seasonal.STL","seasonal.Trad","trend.SSA","trend.STL","trend.Trad"
0.0311672724783421,0.000214182926207023,0.0101620299072646,0.00671483553672481,-0.0124856242253315,-0.0124668150882348,-0.0126901947418274,0.0434387137774666,0.0334720576593122,0.0371426316834447
0.0310624241828918,0.000827523051858212,0.0103224790441242,0.0069330874187647,-0.0131376051815073,-0.0127364443675505,-0.0130199252581162,0.0433725063125409,0.0334763895063181,0.0371492620222433
0.0301635339856148,0.000464033766577639,0.00844408055960789,0.00506756262013305,-0.0135756485120529,-0.0117612679273172,-0.0120599209955601,0.04327514873109,0.0334807213533241,0.0371558923610419
0.0295301750302315,0.0001194903964626,0.00691643410289178,0.0035370419211866,-0.0137381626470712,-0.0108713122729903,-0.0111693895907956,0.0431488472808401,0.03348505320033,0.0371625226998404
0.0302465930581093,0.000895830671239793,0.0069854002277634,0.00365161670665238,-0.0136422179519645,-0.01022819221699,-0.0105741766871821,0.042992980338834,0.0334893850473359,0.037169153038639
0.0296642556786537,0.000215252414852155,0.00572532292178436,0.00264647863855688,-0.0133559989379644,-0.00955478413747246,-0.0101580063373407,0.042805002201766,0.0334937168943418,0.0371757833774376
0.0287976767867804,-0.000869351758220624,0.00450028597632171,0.00155798744298701,-0.0129223582995939,-0.00920065793088909,-0.00994272437244278,0.0425893868445948,0.0334980487413477,0.0371824137162361
0.0285990573465824,-0.00133836610833755,0.00324917207680715,0.000431068420266221,-0.0124139974594395,-0.0081524953185784,-0.0090210551287185,0.0423514209143594,0.0335023805883537,0.0371890440550347
0.0297974832355976,-0.000358405118124561,0.00303132094007329,0.000320002291369588,-0.0119395865845832,-0.00674055013983525,-0.00771819344960523,0.0420954749383053,0.0335067124353596,0.0371956743938333
0.0311978682875633,0.000989585775830627,0.00349820551797934,0.000766406095402285,-0.0116163282509068,-0.00581138151278151,-0.00677084254047078,0.0418246107626395,0.0335110442823655,0.0372023047326318
0.030866127461195,0.000818102764427921,0.00261131404856388,-0.000149645785418652,-0.011494083652268,-0.00526056271674029,-0.00619316182481674,0.0415421083490351,0.0335153761293714,0.0372089350714304
0.029669277369976,-9.02612337081651e-05,0.00136694603509832,-0.00143390171503384,-0.0114962258663551,-0.0052173766414996,-0.00611238632521907,0.0412557644700393,0.0335197079763773,0.037215565410229
0.0299913324415684,0.000459124589953794,0.000915147449945967,-0.00199891252635754,-0.0114422823500924,-0.00444785483176083,-0.0052319507811016,0.040974490201707,0.0335240398233832,0.0372221957490275
0.0302351582795382,0.000630978059041824,0.000466920684437967,-0.00259081402176241,-0.011100641382972,-0.00376013407528897,-0.00440285378652552,0.0407048216034684,0.0335283716703892,0.0372288260878261
0.0327052883803844,0.0024405092658735,0.000685082654262058,-0.00266909500452628,-0.0101880279913915,-0.00151249779127269,-0.00186107304171392,0.0404528071059024,0.0335327035173951,0.0372354564266246
0.0346565917134285,0.00288534416281012,0.000478399389628445,-0.0032054493171725,-0.00845014273699143,0.000641156959399056,0.000619954265177782,0.0402213902876098,0.033537035364401,0.0372420867654232
0.0340456962585449,-0.000293359657397047,-0.00211840922538064,-0.00580895879403977,-0.00567538108444421,0.00262273827251866,0.00260593794836292,0.0400144370003862,0.0335413672114069,0.0372487171042218
0.0376080647110939,-0.000493859448898278,-0.00162550371534281,-0.00518670057515135,-0.0017360465620189,0.00568786936802389,0.00553941784322492,0.0398379707220111,0.0335456990584128,0.0372553474430203
0.0403558015823364,-0.00261072099407553,-0.000747940522464061,-0.00436681773954211,0.00327423761054587,0.00755371119938174,0.00746064154005963,0.0396922849658661,0.0335500309054187,0.0372619777818189
0.0434651300311089,-0.00520438124062775,0.000296963886185685,-0.00324549686591662,0.00909325146665534,0.00961380339249851,0.00944201877640801,0.0395762598050813,0.0335543627524247,0.0372686081206175
0.0483364872634411,-0.00644509328384699,0.00235585039091278,-0.0012304339842374,0.0152935269845589,0.0124219422730977,0.0122916827882625,0.0394880535627292,0.0335586945994306,0.037275238459416
0.0610998645424843,0.000353346481756112,0.0133163110963427,0.00968843965186019,0.0213228967911676,0.0142205269997051,0.0141295560924095,0.0394236212695606,0.0335630264464365,0.0372818687982146
0.063892126083374,-0.00201327247718259,0.0130957681668272,0.00982323436847075,0.0265314249970268,0.0172289996231044,0.0167803925778901,0.0393739735635299,0.0335673582934424,0.0372884991370132
0.0697953924536705,8.89321892868361e-06,0.0177648570870503,0.0146910135329678,0.0304492390034236,0.0184588452261719,0.017809249444891,0.0393372602313183,0.0335716901404483,0.0372951294758117
0.0770550072193146,0.00502410726868432,0.0231186777864139,0.0202213692666281,0.0327222797904922,0.0203603074454464,0.0195318781380762,0.0393086201601381,0.0335760219874543,0.0373017598146103
0.080793023109436,0.00832929430461609,0.0265813494792093,0.023731798175641,0.0331811482242823,0.0206313197957665,0.0197528347803862,0.0392825805805376,0.0335803538344602,0.0373083901534089
0.0778957158327103,0.00674288522151437,0.0247079917117772,0.0218176111981056,0.0318973943106104,0.019603038439467,0.0187630841423973,0.0392554363005855,0.0335846856814661,0.0373150204922074
0.0693961381912231,0.000994779092263275,0.0179466300946387,0.0146305718646949,0.0291740581257148,0.0178604905681125,0.0174439154955222,0.0392273009732451,0.033589017528472,0.037321650831006
0.0581351071596146,-0.00652897744570457,0.00827569532082099,0.00438214273776387,0.0254635409949775,0.0162660624633157,0.0164246832520461,0.0392005436103417,0.0335933493754779,0.0373282811698046
0.055533017963171,-0.00490028874626798,0.00750786777015298,0.00332665920844515,0.0212557567928375,0.0144274689705342,0.0148714472461227,0.0391775499166015,0.0335976812224838,0.0373349115086031
0.0508437752723694,-0.00523011583483341,0.00463671845498952,0.000335047350820841,0.0169192647393909,0.0126050437478901,0.0131671860741469,0.0391546263678119,0.0336020130694898,0.0373415418474017
0.0493604764342308,-0.00250989382523169,0.00601369010643318,0.00166006416662857,0.012741813737472,0.00974044141130195,0.010352240081402,0.0391285565219905,0.0336063449164957,0.0373481721862002
0.0509337186813354,0.0029648007612267,0.0112865201743788,0.00653233971983053,0.0088749398873303,0.00603652174345504,0.0070465764365061,0.0390939780327785,0.0336106767635016,0.0373548025249988
0.0458709374070168,0.00147579672685624,0.0103764786132113,0.00575055094567189,0.00535133747098722,0.00187945018329796,0.00275895359754748,0.0390438032091733,0.0336150086105075,0.0373614328637974
0.0410835668444633,-7.21151200543196e-05,0.00961004679132785,0.00494285715065432,0.00218047032522535,-0.00214582040437792,-0.00122735350878691,0.0389752116392923,0.0336193404575134,0.0373680632025959
0.036794401705265,-0.00142568667797664,0.00814679797604033,0.00327281137249899,-0.000665591177091086,-0.00497606857529463,-0.00385310320862845,0.0388856795603328,0.0336236723045193,0.0373746935413945
0.0356525182723999,0.000101712630740697,0.00946331705946173,0.00499419861564029,-0.00322206796301341,-0.00743880293858709,-0.00672300422343346,0.0387728736046726,0.0336280041515253,0.0373813238801931
0.0320216231048107,-0.00108853135944389,0.00737135587586461,0.00297853870610687,-0.00552380028125711,-0.00898206876958507,-0.0083448698202878,0.0386339547455117,0.0336323359985312,0.0373879542189916
0.0289248395711184,-0.00198417087305782,0.00474052878614774,0.000174666083233405,-0.00755918843052876,-0.00945796803533128,-0.00864441106990525,0.0384681988747049,0.0336422788203019,0.0373945845577902
0.0283078718930483,-0.000677161418928155,0.00463619284243896,-1.3846691676242e-07,-0.00929041691499608,-0.00998054259146327,-0.00909320453662371,0.0382754502269725,0.0336522216420726,0.0374012148965888
0.0260616969317198,-0.00131874682276641,0.00321321576572081,-0.00133728299077579,-0.010675038528095,-0.0108136832978443,-0.0100088653128918,0.0380554822825812,0.0336621644638433,0.0374078452353873
0.0259088966995478,-0.000243193428289379,0.00275791653144657,-0.00185003065170294,-0.0116575509213233,-0.0105211271175128,-0.00965554822293519,0.0378096410491605,0.033672107285614,0.0374144755741859
0.0244473200291395,-0.000892111425285658,0.00162142946686195,-0.00303647292970456,-0.0121996956708594,-0.0108561595451071,-0.00993731295414038,0.0375391271252845,0.0336820501073847,0.0374211059129845
0.0239055901765823,-0.00106528996201096,0.000890705404005404,-0.00363721883116998,-0.0122756725337343,-0.0106771081565785,-0.00988492724403071,0.0372465526723276,0.0336919929291554,0.037427736251783
0.0235953349620104,-0.00144637447640322,0.00140886229546049,-0.0030346413016463,-0.0118927258764995,-0.0115154630843762,-0.0108043903269249,0.0369344353149131,0.0337019357509261,0.0374343665905816
0.0234918463975191,-0.00202273799644028,0.00216206330961118,-0.00226034530104643,-0.0110918897709688,-0.0123820954847889,-0.0116888052308146,0.0366064741649282,0.0337118785726968,0.0374409969293802
0.0232616439461708,-0.00305871525731893,0.00200478443724658,-0.0014957885801805,-0.00994642983161536,-0.0124649618855433,-0.0126901947418274,0.0362667890351051,0.0337218213944675,0.0374476272681787
0.0233176276087761,-0.00405754856757725,0.00232228195598744,-0.00111670474008502,-0.00854460714665522,-0.0127364185634496,-0.0130199252581162,0.0359197833230086,0.0337317642162383,0.0374542576069773
0.025997344404459,-0.00258434868765463,0.00401476561337014,0.000596377454243298,-0.00698806665970178,-0.0117591282469201,-0.0120599209955601,0.0355697597518154,0.033741707038009,0.0374608879457758
0.0324724949896336,0.00265383258671041,0.00959085804763747,0.0061743662958547,-0.0054013087821487,-0.0108700129177836,-0.0111693895907956,0.0352199711850719,0.0337516498597797,0.0374675182845744
0.0315236747264862,0.00057191735383241,0.00799353391048459,0.00462370279029532,-0.00392052038219047,-0.0102314518655488,-0.0105741766871821,0.0348722777548443,0.0337615926815504,0.037474148623373
0.0314096659421921,-0.000488107632771914,0.00721057482160093,0.00408689331736126,-0.00263275343398201,-0.00957244438272995,-0.0101580063373407,0.034530527008946,0.0337715355033211,0.0374807789621715
0.0328001417219639,0.000207689587553775,0.00824379450820126,0.00525545679343655,-0.00160529831775252,-0.00922513111132918,-0.00994272437244278,0.0341977504521626,0.0337814783250918,0.0374874093009701
0.0314384698867798,-0.00155404903457023,0.0058264522508283,0.00296548537572961,-0.000883727931230637,-0.00817940351091101,-0.0090210551287185,0.0338762468525807,0.0337914211468625,0.0374940396397687
0.02886813133955,-0.00423117994673138,0.0018340076134848,-0.00091434518941199,-0.00046871224302212,-0.00676724024256799,-0.00771819344960523,0.0335680235293035,0.0338013639686332,0.0375006699785672
0.0283615607768297,-0.00459458720735625,0.000384473563862869,-0.0023748970000653,-0.000318601458722107,-0.00583421957743708,-0.00677084254047078,0.0332747494429081,0.0338113067904039,0.0375073003173658
0.0285275988280773,-0.00409771861560328,-1.20162664192444e-05,-0.00279317000327031,-0.000372471091902745,-0.00528163451767807,-0.00619316182481674,0.0329977885355833,0.0338212496121746,0.0375139306561644
0.0294375978410244,-0.0027513654280661,0.00084358620047878,-0.00197057682871946,-0.000548909062714523,-0.00523718079339971,-0.00611238632521907,0.032737872331805,0.0338311924339453,0.0375205609949629
0.0296504609286785,-0.00209568432251619,0.00027069262052079,-0.00264477962398138,-0.000748463863103501,-0.00446136694755833,-0.0052319507811016,0.0324946091142982,0.033841135255716,0.0375271913337615
0.0299368426203728,-0.00146741545530266,-0.000150726169752702,-0.00319412526566177,-0.000862584330613159,-0.00376350928736128,-0.00440285378652552,0.0322668424062886,0.0338510780774868,0.0375338216725601
0.0300532300025225,-0.00120388154628967,-0.00231673276341218,-0.00562614896712223,-0.000796353192711278,-0.00149105813332282,-0.00186107304171392,0.0320534647415234,0.0338610208992575,0.0375404520113586
0.0306893400847912,-0.000674050265099094,-0.00386156447727995,-0.00747769653054379,-0.000489258460300138,0.000679940841042968,0.000619954265177782,0.0318526488101904,0.0338709637210282,0.0375470823501572
0.031336598098278,-0.000390238913283215,-0.00520823749732813,-0.00882305253904063,6.46005198123188e-05,0.0026639290528073,0.00260593794836292,0.0316622364917489,0.0338809065427989,0.0375537126889558
0.0319426171481609,-0.000349653302285985,-0.00766856924562022,-0.0111571437228183,0.000812467149683761,0.00572033702921157,0.00553941784322492,0.0314798033007632,0.0338908493645696,0.0375603430277543
0.0310736838728189,-0.00187883355915954,-0.0104172161259447,-0.0139539310337936,0.00164963413879775,0.00759010781242335,0.00746064154005963,0.0313028832931807,0.0339007921863403,0.0375669733665529
0.0303241424262524,-0.00325026820151362,-0.0132270371252301,-0.0166914800555071,0.00244487944298233,0.00964044454337149,0.00944201877640801,0.0311295311847837,0.033910735008111,0.0375736037053514
0.033125214278698,-0.000896276167551544,-0.0132340628756692,-0.0167467025537145,0.00306310313423042,0.0124385993244855,0.0122916827882625,0.0309583873120191,0.0339206778298817,0.03758023404415
0.0320887714624405,-0.00208219559292038,-0.0160716994055419,-0.0196276490129176,0.00338292644848178,0.01422985021633,0.0141295560924095,0.0307880406068791,0.0339306206516524,0.0375868643829486
0.0327237918972969,-0.00124134874289026,-0.0184235842503622,-0.0216500954023403,0.00334680773850791,0.0172068126742359,0.0167803925778901,0.0306183329016793,0.0339405634734231,0.0375934947217471
0.031086478382349,-0.0022266660024239,-0.0212816664193904,-0.0243228961230877,0.00286364271788469,0.0184176385065456,0.017809249444891,0.0304495016668882,0.0339505062951938,0.0376001250605457
0.0289080590009689,-0.00342812652766713,-0.0253589684015033,-0.0282305745364515,0.00205300122601607,0.0203065782855076,0.0195318781380762,0.03028318430262,0.0339604491169645,0.0376067553993443
0.025937769562006,-0.00521942592912381,-0.0285929566596305,-0.031428450956523,0.0010356167558332,0.0205603342829012,0.0197528347803862,0.0301215787352966,0.0339703919387352,0.0376133857381428
0.0286685973405838,-0.00124687309483441,-0.0248335441538467,-0.0277145028787549,-5.19522871698232e-05,0.0195218067339246,0.0187630841423973,0.029967422722588,0.033980334760506,0.0376200160769414
0.0261881202459335,-0.00250555933653061,-0.0256059849098668,-0.0288824416653287,-0.00112913047554969,0.0178038275735237,0.0174439154955222,0.0298228100580138,0.0339902775822767,0.03762664641574
0.0252995230257511,-0.00226971609684098,-0.0249492800200094,-0.0287584369808336,-0.00212192638644631,0.0162485826417131,0.0164246832520461,0.0296911655090384,0.0340002204040474,0.0376332767545385
0.02425785548985,-0.00230392617716324,-0.0241865828955184,-0.0282534988496098,-0.00301370035001953,0.0144316201115549,0.0148714472461227,0.0295754820170328,0.0340128182738136,0.0376399070933371
0.0232496000826359,-0.00240220985791367,-0.0233861276009947,-0.0275641234236466,-0.0038268895668658,0.0126103115400508,0.0131671860741469,0.0294786995074154,0.0340254161435798,0.0376465374321357
0.0224231816828251,-0.00237563689978394,-0.0213607326450403,-0.0255822261695111,-0.00460479547879812,0.00974590031451934,0.010352240081402,0.0294036140614072,0.034038014013346,0.0376531677709342
0.0214331410825253,-0.0025299209455126,-0.0186783686499417,-0.0232732334637136,-0.00538936848164502,0.00606089784935477,0.0070465764365061,0.0293524305096829,0.0340506118831122,0.0376597981097328
0.0208748802542686,-0.00225437083146029,-0.0150907652677975,-0.0195505017918102,-0.00619807522289183,0.0019024357691877,0.00275895359754748,0.0293273263086208,0.0340632097528784,0.0376664284485314
0.0204806216061115,-0.00183257371738451,-0.0114798444456021,-0.0159650836724315,-0.00701657119333486,-0.00211534157093102,-0.00122735350878691,0.0293297665168309,0.0340758076226446,0.0376730587873299
0.0202588625252247,-0.00130173043493841,-0.00889606180802189,-0.0135677233922753,-0.00780007380803185,-0.00493348115916425,-0.00385310320862845,0.0293606667681949,0.0340884054924108,0.0376796891261285
0.0200660638511181,-0.000864979794185799,-0.00662096944041449,-0.0108972513903755,-0.00848901181464765,-0.00741397007064445,-0.00672300422343346,0.0294200554599515,0.034101003362177,0.0376863194649271
0.0199168622493744,-0.000561064343675512,-0.00523685239911812,-0.00943121773406343,-0.00902919588469124,-0.00895988658345073,-0.0083448698202878,0.0295071224777411,0.0341136012319432,0.0376929498037256
0.0196833200752735,-0.000544166585357497,-0.00501637218306264,-0.00937184899734542,-0.0093928328169778,-0.0094265068433733,-0.00864441106990525,0.0296203194776088,0.0341261991017094,0.0376995801425242
0.0193788260221481,-0.000788666093718381,-0.00481166154386096,-0.0092341799225509,-0.00958998572057114,-0.00994830940546656,-0.00909320453662371,0.0297574778364377,0.0341387969714757,0.0377062104813227
0.0187744162976742,-0.00147337076560054,-0.00458943453996911,-0.00892955920955537,-0.00966811843349585,-0.0107875440035986,-0.0100088653128918,0.0299159054967706,0.0341513948412419,0.0377128408201213
0.0184698104858398,-0.00192217851268315,-0.00519910691503477,-0.00959411245014484,-0.00970052126649962,-0.0104950753101335,-0.00965554822293519,0.0300925102650226,0.0341639927110081,0.0377194711589199
0.0185323860496283,-0.00198263091782611,-0.00481441418158454,-0.0092564024939498,-0.00976859317077609,-0.0108297903495615,-0.00993731295414038,0.0302836101382305,0.0341765905807743,0.0377261014977184
0.0183852389454842,-0.00216158697099156,-0.00514461367904361,-0.00946256564700212,-0.00993868937930377,-0.0106593358260127,-0.00988492724403071,0.0304855152957795,0.0341891884505405,0.037732731836517
0.0185596384108067,-0.0018945701676176,-0.00413855686558515,-0.008375333437584,-0.0102405581822589,-0.0115035910439149,-0.0108043903269249,0.0306947667606832,0.0342017863203067,0.0377393621753156
0.0187624879181385,-0.00148091744204918,-0.00308039232430562,-0.00729469936516102,-0.0106648482428776,-0.0123715039476288,-0.0116888052308146,0.0309082536030653,0.0342143841900729,0.0377459925141141
0.0184886194765568,-0.0014738396303874,-0.00327525390043051,-0.0065738086345285,-0.0111606409902542,-0.0124631086828518,-0.0126901947418274,0.0311231000971984,0.0342269820598391,0.0377526228529127
0.0182634107768536,-0.00142263089988464,-0.00323977639340308,-0.00647591715674153,-0.0116506468205112,-0.0127363927593487,-0.0130199252581162,0.0313366884972495,0.0342395799296053,0.0377592531917113
0.0182900503277779,-0.00119909366238933,-0.00420513890507064,-0.00741591220717183,-0.0120576485102313,-0.011756988566523,-0.0120599209955601,0.0315467925003985,0.0342521777993715,0.0377658835305098
0.0186917074024677,-0.000732994384316002,-0.00470435470409312,-0.00791141687604512,-0.0123269210058954,-0.0108687135625769,-0.0111693895907956,0.0317516227926791,0.0342647756691377,0.0377725138693084
0.0184845887124538,-0.00102281708064011,-0.00555807331234257,-0.00872037880847102,-0.0124426988645214,-0.0102347115141075,-0.0105741766871821,0.0319501046576154,0.0342773735389039,0.037779144208107
0.0193378236144781,-0.000377382576970318,-0.0053620431662046,-0.00828994459508669,-0.012426459905177,-0.00959010462798743,-0.0101580063373407,0.0321416660966254,0.0342899714086701,0.0377857745469055
0.0202839411795139,0.000301157732595623,-0.00476902380715317,-0.00756573933374737,-0.0123428850697145,-0.00924960429176926,-0.00994272437244278,0.0323256685166328,0.0343025692784364,0.0377924048857041
0.0204676911234856,0.000246065812459558,-0.00564116432147337,-0.00831028897229858,-0.0122808177777056,-0.00820631170324363,-0.0090210551287185,0.0325024430887316,0.0343151671482026,0.0377990352245026
0.0209891125559807,0.00063593748009518,-0.00654472211668736,-0.0090983595577153,-0.012319874975884,-0.00679393034530074,-0.00771819344960523,0.0326730500517695,0.0343277650179688,0.0378056655633012
0.020512793213129,0.000183961247922873,-0.00797051203251329,-0.0105286601485,-0.0125100009055292,-0.00585705764209264,-0.00677084254047078,0.0328388328707354,0.034340362887735,0.0378122959020998
0.0205747578293085,0.000412939322437612,-0.00847549660957683,-0.0110510065867731,-0.0128396800199438,-0.00530270631861585,-0.00619316182481674,0.0330014985268147,0.0343529607575012,0.0378189262408983
0.0204114206135273,0.000479436362648796,-0.00869715306844027,-0.0113017496409505,-0.0132307693005698,-0.00525698494529983,-0.00611238632521907,0.0331627535514483,0.0343655586272674,0.0378255565796969
0.0203532204031944,0.000562014597986986,-0.00955005703048336,-0.0122470157341995,-0.0135331044370787,-0.00447487906335582,-0.0052319507811016,0.0333243102422861,0.0343781564970336,0.0378321869184955
0.0203152969479561,0.000367678731825387,-0.0103085729194101,-0.0131206665228124,-0.0135399979640043,-0.00376688449943359,-0.00440285378652552,0.033487616180135,0.0343907543667998,0.037838817257294
0.021044883877039,0.000402368615021426,-0.0118888498841541,-0.0149394906773397,-0.0130113373206111,-0.00146961847537294,-0.00186107304171392,0.0336538525826286,0.034403352236566,0.0378454475960926
0.0209754407405853,-0.00114233688472123,-0.0141592340884338,-0.0174965914594836,-0.0117058805152389,0.00071872472268688,0.000619954265177782,0.0338236581405454,0.0344159501063322,0.0378520779348912
0.0208474639803171,-0.00374515387296223,-0.0162862038288773,-0.0196171822417355,-0.00940463751781126,0.00270511983309594,0.00260593794836292,0.0339972553710906,0.0344285479760984,0.0378587082736897
0.0297843255102634,0.00155850804825376,-0.0104096250260005,-0.0136204309454498,-0.00594842305005127,0.00575280469039925,0.00553941784322492,0.034174240512061,0.0344411458458646,0.0378653386124883
0.0375006645917892,0.00446998036813679,-0.00457958354930658,-0.00783194589955725,-0.00132153939497617,0.00762650442546497,0.00746064154005963,0.0343522236186286,0.0344537437156309,0.0378719689512869
0.0436834171414375,0.00475697151387096,-0.000450010138203998,-0.00363720092505591,0.00439803777546614,0.00966708569424447,0.00944201877640801,0.0345284078521004,0.0344663415853971,0.0378785992900854
0.0455401465296745,-0.000192093925556984,-0.00139653842569821,-0.00463676588747191,0.0110325656018659,0.0124552563758732,0.0122916827882625,0.0346996748533656,0.0344814285794995,0.037885229628884
0.0463138371706009,-0.00686665798168924,-0.00242185183595591,-0.00570757888949116,0.018317348915051,0.0142391734329548,0.0141295560924095,0.0348631462372391,0.034496515573602,0.0378918599676826
0.0627529695630074,0.00185663846209811,0.0110567412699355,0.00807408667863612,0.0258806076044186,0.0171846257253675,0.0167803925778901,0.0350157234964906,0.0345116025677044,0.0378984903064811
0.0731511861085892,0.00484603933487032,0.0202480647598629,0.0174368160184185,0.0331534182329538,0.0183764317869194,0.017809249444891,0.035151728540765,0.0345266895618069,0.0379051206452797
0.0727939009666443,-0.00202440639400099,0.0179992752851661,0.0153502718444899,0.0395520689610998,0.0202528491255689,0.0195318781380762,0.0352662383995455,0.0345417765559093,0.0379117509840783
0.0787814036011696,-0.0011401102621375,0.0237351912811219,0.0211101874979066,0.0445654559440267,0.0204893487700359,0.0197528347803862,0.0353560579192803,0.0345568635500118,0.0379183813228768
0.0822888910770416,-0.000834448251037526,0.0282763655045453,0.025600795272969,0.0477057394893008,0.0194405750283821,0.0187630841423973,0.0354175998387784,0.0345719505441142,0.0379250116616754
0.0866349935531616,0.00255963011809945,0.0343007914360101,0.0312594360571654,0.0486274963528467,0.0177471645789348,0.0174439154955222,0.0354478670822155,0.0345870375382167,0.0379316420004739
0.0874025821685791,0.00479202576802488,0.0365693548161493,0.0330396265772605,0.0471665028036618,0.0162311028201106,0.0164246832520461,0.0354440535968924,0.0346021245323191,0.0379382723392725
0.0881701707839966,0.00935908472183369,0.0391171880049994,0.0353538208598028,0.0434065991250588,0.0144357712525756,0.0148714472461227,0.0354044869371041,0.0346172115264216,0.0379449026780711
0.0889377593994141,0.0159501097192045,0.0416898815466785,0.0378190403083976,0.0376592551342474,0.0126155793322115,0.0131671860741469,0.0353283945459621,0.034632298520524,0.0379515330168696
0.0702712088823318,0.00462010789334404,0.0258724641499686,0.0219608054452616,0.0304354655163623,0.00975135921773673,0.010352240081402,0.0352156354726255,0.0346473855146265,0.0379581633556682
0.0508899614214897,-0.00668301609385529,0.0101422149575063,0.00587859129051684,0.0225036908396499,0.00608527395525451,0.0070465764365061,0.0350692866756951,0.0346624725087289,0.0379647936944668
0.0428158789873123,-0.00674357230362218,0.00621289812940348,0.0020855013564995,0.0146663207007143,0.00192542135507744,0.00275895359754748,0.0348931305902202,0.0346775595028314,0.0379714240332653
0.0369731858372688,-0.00529053221515053,0.00436540207781909,0.000222484973991837,0.00757364573077149,-0.00208486273748412,-0.00122735350878691,0.0346900723216479,0.0346926464969339,0.0379780543720639
0.0348138064146042,-0.00134754292305485,0.00499696666660174,0.000682224912370177,0.00169812863842147,-0.00489089374303387,-0.00385310320862845,0.0344632206992376,0.0347077334910363,0.0379846847108625
0.0334495007991791,0.0019542899861795,0.00611581751674213,0.00218118997295151,-0.00272057406372301,-0.00738913720270182,-0.00672300422343346,0.0342157848767226,0.0347228204851388,0.037991315049661
0.0308822281658649,0.00259263586448238,0.00508202508394012,0.00122915259769314,-0.00566147175569738,-0.00893770439731639,-0.0083448698202878,0.0339510640570799,0.0347379074792412,0.0379979453884596
0.0292829126119614,0.00288901439559949,0.00392496379003301,-7.72520453915498e-05,-0.0072788363050643,-0.00939504565141532,-0.00864441106990525,0.0336727345214262,0.0347529944733437,0.0380045757272582
0.0272727683186531,0.00174989689177147,0.00242076307067685,-0.00164523321077991,-0.00786158729814105,-0.00991607621946985,-0.00909320453662371,0.0333844587250227,0.0347680814674461,0.0380112060660567
0.0275087766349316,0.00217571747029923,0.00348701288273579,-0.000500194457031962,-0.00775686967367789,-0.0107614047093528,-0.0100088653128918,0.0330899288383102,0.0347831684615486,0.0380178364048553
0.0292944833636284,0.00382235163924823,0.00496525141073146,0.000925564842909721,-0.00732036718406797,-0.0104690235027541,-0.00965554822293519,0.0327924989084481,0.034798255455651,0.0380244667436539
0.0294114165008068,0.00377323804281241,0.00540149520506917,0.00131763237249477,-0.00685704346881603,-0.0108034211540158,-0.00993731295414038,0.0324952219268104,0.0348133424497535,0.0380310970824524
0.0294264517724514,0.00379211476402476,0.00523958582404241,0.00127365159523113,-0.00656667977492784,-0.0106415634954469,-0.00988492724403071,0.0322010167833545,0.0348284294438559,0.038037727421251
0.0271718204021454,0.00180398970080098,0.00382002296764053,-6.81470309792515e-05,-0.00654459302775378,-0.0114917190034535,-0.0108043903269249,0.0319124237290982,0.0348435164379584,0.0380443577600496
0.0255322903394699,0.000676787693841853,0.00303459931787772,-0.000829892528563596,-0.00677634699167542,-0.0123609124104686,-0.0116888052308146,0.0316318496373035,0.0348586034320608,0.0380509880988481
0.0245099067687988,0.000337453947261624,0.00209747182279586,-0.00085751692702044,-0.00718873519526153,-0.0124612554801603,-0.0126901947418274,0.0313611880167987,0.0348736904261633,0.0380576184376467
0.0233403649181128,-8.7138993489248e-05,0.00118795445309476,-0.00170395860021631,-0.00767427913633478,-0.0127363669552477,-0.0130199252581162,0.0311017830479368,0.0348887774202657,0.0380642487764452
0.0229826979339123,0.000250678192212452,-0.000166317594329959,-0.00302826018577139,-0.00812249330604397,-0.011754848886126,-0.0120599209955601,0.0308545130477438,0.0349038644143682,0.0380708791152438
0.0227578990161419,0.000585951133762761,-0.00129363818495858,-0.00415022084710493,-0.00844772485073725,-0.0108674142073702,-0.0111693895907956,0.0306196727331164,0.0349189514084706,0.0380775094540424
0.0227944236248732,0.00099796430056753,-0.00190164361503366,-0.00471553948078568,-0.00860062376268466,-0.0102379711626663,-0.0105741766871821,0.0303970830869903,0.0349340384025731,0.0380841397928409
0.0230832751840353,0.00146362268799648,-0.00225808533939532,-0.00484948861026348,-0.00856653075507189,-0.00960776487324492,-0.0101580063373407,0.0301861832511107,0.0349491253966756,0.0380907701316395
0.0235449988394976,0.0019203089547756,-0.0021451360790711,-0.00460967725849772,-0.0083614954479025,-0.00927407747220935,-0.00994272437244278,0.0299861853326245,0.034964212390778,0.0380974004704381
0.0231050979346037,0.0013306924699557,-0.00364098155470052,-0.00597787774591444,-0.00802175966831163,-0.00823321989557625,-0.0090210551287185,0.0297961651329596,0.0349792993848805,0.0381040308092366
0.0229583419859409,0.000929973407071428,-0.0052154239450085,-0.00743412571248903,-0.00758663398827483,-0.00682062044803348,-0.00771819344960523,0.0296150025671443,0.0349943863789829,0.0381106611480352
0.0234569776803255,0.00111117077258683,-0.00567259998601165,-0.00788947126603748,-0.00709561476414057,-0.00587989570674821,-0.00677084254047078,0.0294414216718792,0.0350094733730854,0.0381172914868338
0.0231423061341047,0.000449510223050432,-0.00655847611352946,-0.00878845386671086,-0.00658146218740516,-0.00532377811955363,-0.00619316182481674,0.0292742580984595,0.0350245603671878,0.0381239218256323
0.023250687867403,0.000200173687365779,-0.00652203209395535,-0.0087674779718088,-0.00606201718198606,-0.00527678909719994,-0.00611238632521907,0.0291125313620233,0.0350495090585583,0.0381305521644309
0.0235964246094227,0.000185041357574631,-0.00698964196135284,-0.00930880711270517,-0.00554428023655213,-0.00448839117915331,-0.0052319507811016,0.0289556634884002,0.0350744577499288,0.0381371825032295
0.0240951515734196,0.000309752872103723,-0.00723399515637387,-0.00964580748208293,-0.0050180706774085,-0.00377025971150591,-0.00440285378652552,0.0288034693787243,0.0350994064412993,0.038143812842028
0.0242499820888042,4.45188194493421e-05,-0.00942619422644253,-0.0120393880503084,-0.00445060157965113,-0.00144817881742307,-0.00186107304171392,0.028656064849006,0.0351243551326699,0.0381504431808266
0.0248079746961594,7.98379557228218e-05,-0.0110988377322118,-0.0139690530886436,-0.00378553955557402,0.000757508604330791,0.000619954265177782,0.0285136762960106,0.0351493038240404,0.0381570735196251
0.0251091569662094,-0.000311510516433749,-0.012811406162586,-0.0156604848405772,-0.00295611262082129,0.00274631061338459,0.00260593794836292,0.0283767801034644,0.0351742525154109,0.0381637038584237
0.0260627027601004,-0.000284885944681644,-0.0149217707982679,-0.0176470492803468,-0.00189854758687587,0.00578527235158693,0.00553941784322492,0.0282461362916579,0.0351992012067814,0.0381703341972223
0.0275088138878345,-3.26974951183777e-05,-0.0153782370488239,-0.0181287921882459,-0.000581228595898111,0.00766290103850658,0.00746064154005963,0.028122739978851,0.0352241498981519,0.0381769645360208
0.0292681772261858,0.000285862243648015,-0.015674648208454,-0.0183574364250416,0.000974497913652146,0.00969372684511744,0.00944201877640801,0.0280078170688856,0.0352490985895224,0.0381835948748194
0.0329126417636871,0.00232607389528431,-0.0148333189444667,-0.0175692662381933,0.00268377643415087,0.012471913427261,0.0122916827882625,0.027902791434252,0.0352740472808929,0.038190225213618
0.0359992571175098,0.0037977873583801,-0.0135482355043333,-0.0163271545273162,0.00439229188267795,0.0142484966495797,0.0141295560924095,0.0278091778764518,0.0352989959722634,0.0381968555524165
0.0353014171123505,0.00165920449685638,-0.0171849663277824,-0.0196824613567547,0.00591359513884836,0.017162438776499,0.0167803925778901,0.0277286174766457,0.0353239446636339,0.0382034858912151
0.0333080142736435,-0.00143895670278349,-0.020376104148654,-0.0227113514012612,0.00708370920353255,0.0183352250672931,0.017809249444891,0.0276632617728944,0.0353488933550044,0.0382101162300137
0.0335028581321239,-0.0018935651308519,-0.0220701038798811,-0.0242457665747644,0.00778106800112027,0.0201991199656301,0.0195318781380762,0.0276153552618556,0.0353738420463749,0.0382167465688122
0.0336017534136772,-0.00191801547263716,-0.0222154005812388,-0.0243744582743198,0.00793300629309678,0.0204183632571706,0.0197528347803862,0.0275867625932176,0.0353987907377454,0.0382233769076108
0.0358857214450836,0.000759420555301508,-0.0188973613068719,-0.021107369943723,0.00754695813308874,0.0193593433228396,0.0187630841423973,0.0275793427566934,0.0354237394291159,0.0382300072464094
0.0345450527966022,0.000255393664846475,-0.0185941369082302,-0.0211355002841279,0.0066951106079716,0.017690501584346,0.0174439154955222,0.0275945485237842,0.0354486881204865,0.0382366375852079
0.0300985183566809,-0.00306650950902684,-0.0215887414536842,-0.0245694328193718,0.00553112119169745,0.0162136229985081,0.0164246832520461,0.0276339066740103,0.035473636811857,0.0382432679240065
0.0273208785802126,-0.00462701874298396,-0.0226176293166111,-0.0258004669287152,0.00424912476249795,0.0144399223935963,0.0148714472461227,0.0276987725606986,0.0354985855032275,0.0382498982628051
0.0274515561759472,-0.00334830801900605,-0.020692825143023,-0.0239721584998033,0.00300988096772638,0.0126208471243722,0.0131671860741469,0.0277899832272269,0.035523534194598,0.0382565286016036
0.0300435870885849,0.00023637093024643,-0.0152617139183377,-0.0185718119332193,0.0018994594416945,0.00975681812095412,0.010352240081402,0.027907756716644,0.0355484828859685,0.0382631589404022
0.0305643286556005,0.00159362020874321,-0.0111187529828927,-0.0147520370601063,0.000919215237365335,0.00610965006115424,0.0070465764365061,0.028051493209492,0.035573431577339,0.0382697892792008
0.0316217988729477,0.00337509502069103,-0.00592498833672899,-0.00941357434259911,2.6404648945079e-05,0.00194840694096717,0.00275895359754748,0.0282202992033116,0.0355983802687095,0.0382764196179993
0.0293756350874901,0.00181735136484864,-0.00419330996855272,-0.00768006136052089,-0.000854505715567131,-0.00205438390403721,-0.00122735350878691,0.0284127894382086,0.03562332896008,0.0382830499567979
0.0264816507697105,-0.000372611177979471,-0.00431832055483649,-0.00795492631725745,-0.00177323335108892,-0.00484830632690349,-0.00385310320862845,0.0286274952987789,0.0356482776514505,0.0382896802955964
0.0248473566025496,-0.00127272739668931,-0.00346156540551229,-0.006725949808412,-0.00274256259385145,-0.00736430433475918,-0.00672300422343346,0.0288626465930903,0.035673226342821,0.038296310634395
0.0227314066141844,-0.00264721936307161,-0.0040512462088251,-0.0072266645387214,-0.00373743024419161,-0.00891552221118205,-0.0083448698202878,0.0291160562214476,0.0356981750341915,0.0383029409731936
0.0227673761546612,-0.00193027565008724,-0.00359216311144353,-0.00689778408742571,-0.00468776926002477,-0.00936358445945734,-0.00864441106990525,0.0293854210647732,0.035723123725562,0.0383095713119921
0.0237248297780752,-0.000431888612285592,-0.00213939960538419,-0.00549816733609177,-0.00551143357930176,-0.00988384303347314,-0.00909320453662371,0.0296681519696626,0.0357480724169325,0.0383162016507907
0.0239386595785618,0.000106545563380327,-0.00109909611463424,-0.00437530709813573,-0.00612948806925273,-0.010735265415107,-0.0100088653128918,0.0299616020844342,0.0357730211083031,0.0383228319895893
0.0232009254395962,-0.000579417097554833,-0.00215407266470265,-0.00547298866585648,-0.00648296449797381,-0.0104429716953747,-0.00965554822293519,0.0302633070351248,0.0357979697996736,0.0383294623283878
0.0242469422519207,0.00022819567143355,-0.000798924280653202,-0.00415183746112532,-0.00655233392217058,-0.0107770519584702,-0.00993731295414038,0.0305710805026577,0.0358229184910441,0.0383360926671864
0.025743305683136,0.00124036712978275,0.000519229665602569,-0.00271449007881826,-0.00637990793178299,-0.0106237911648812,-0.00988492724403071,0.0308828464851362,0.0358478671824146,0.038342723005985
0.0261274427175522,0.0009799483483309,0.00173447380675927,-0.00141752030030643,-0.00604933049541986,-0.0114798469629922,-0.0108043903269249,0.0311968248646411,0.0358728158737851,0.0383493533447835
0.0253661349415779,-0.000490241905185471,0.00181869124973083,-0.00130104351118957,-0.00565537778203474,-0.0123503208733085,-0.0116888052308146,0.0315117546287981,0.0358977645651556,0.0383559836835821
0.0244732201099396,-0.0020661948952173,0.00100990913088229,-0.00119919917061367,-0.00528746602511692,-0.0124594022774688,-0.0126901947418274,0.0318268810302738,0.0359227132565261,0.0383626140223807
0.024346087127924,-0.00277871092527837,0.00113476633117417,-0.00100323197513908,-0.00501710945988992,-0.0127363411511468,-0.0130199252581162,0.0321419075130923,0.0359476619478966,0.0383692443611792
0.0243684612214565,-0.00319485381601566,0.000136852175212587,-0.00194749248296112,-0.00489358863469405,-0.0117527092057289,-0.0120599209955601,0.0324569036721662,0.0359843182519728,0.0383758746999778
0.0256593152880669,-0.00217284398257284,0.000504455584181315,-0.00155380015991394,-0.00494017932270463,-0.0108661148521635,-0.0111693895907956,0.0327723385933443,0.036020974556049,0.0383825050387764
0.0317291468381882,0.00380404508121395,0.00591274678928796,0.00391418814779534,-0.00516386144066585,-0.010241230811225,-0.0105741766871821,0.0330889631976401,0.0360576308601252,0.0383891353775749
0.029443534091115,0.00162535690915972,0.00297467204541596,0.00120577471208223,-0.00558924181784131,-0.00962542511850241,-0.0101580063373407,0.0334074189997966,0.0360942871642014,0.0383957657163735
0.0273241996765137,-0.000225439246659102,0.000491806860885451,-0.0011354720062156,-0.00617961887422594,-0.00929855065264943,-0.00994272437244278,0.0337292577973987,0.0361309434682777,0.0384023960551721
0.0266522318124771,-0.000505277627334168,-0.00125523987196789,-0.002735739452775,-0.00689862604080018,-0.00826012808790886,-0.0090210551287185,0.0340561354806115,0.0361675997723539,0.0384090263939706
0.0258056297898293,-0.00086202293715266,-0.0035513157358346,-0.00489183349333469,-0.00772195130582854,-0.00684731055076622,-0.00771819344960523,0.0343896040328105,0.0362042560764301,0.0384156567327692
0.0250665470957756,-0.0010511196630442,-0.0052716315133269,-0.00658489743532136,-0.00861344900275274,-0.00590273377140378,-0.00677084254047078,0.0347311157615725,0.0362409123805063,0.0384222870715677
0.0252814143896103,-0.000278496904429621,-0.00565130437448079,-0.00695434119593928,-0.00952195199873682,-0.00534484992049141,-0.00619316182481674,0.0350818632927767,0.0362775686845825,0.0384289174103663
0.0251266285777092,6.9844209662091e-05,-0.00589100316184945,-0.0071965328462366,-0.0103858507067102,-0.00529659324910006,-0.00611238632521907,0.0354426350747573,0.0363142249886587,0.0384355477491649
0.0255799796432257,0.000887541528332619,-0.00626899835455843,-0.00763024766363617,-0.0111214336225092,-0.00450190329495081,-0.0052319507811016,0.0358138717374023,0.0363508812927349,0.0384421780879634
0.0258073266595602,0.00124827588175094,-0.00680657601367269,-0.00823862798067628,-0.0116364034788404,-0.00377363492357822,-0.00440285378652552,0.0361954542566497,0.0363875375968111,0.038448808426762
0.0255749113857746,0.000822301069808747,-0.00942254335563951,-0.011019454338072,-0.0118341387771873,-0.0014267391594732,-0.00186107304171392,0.0365867490931532,0.0364241939008873,0.0384554387655606
0.0256945714354515,0.000332321206354527,-0.0115625712554867,-0.0133874519340854,-0.0116243222148599,0.000796292485974703,0.000619954265177782,0.0369865724439568,0.0364608502049635,0.0384620691043591
0.0270551815629005,0.000599649336118509,-0.0122298263398124,-0.0140194558286201,-0.010937624695604,0.00278750139367323,0.00260593794836292,0.037393156922386,0.0364975065090397,0.0384686994431577
0.0271499268710613,-0.000919171776949643,-0.0152019759548292,-0.0168648207541199,-0.00973496536582731,0.00581774001277461,0.00553941784322492,0.0378040640138383,0.036534162813116,0.0384753297819563
0.0272037275135517,-0.00302316436318074,-0.0170663892551886,-0.0187388741472627,-0.0079895707850111,0.0076992976515482,0.00746064154005963,0.0382164626617436,0.0365708191171922,0.0384819601207548
0.0302201695740223,-0.00271869062707511,-0.0161076738432365,-0.0177104396619391,-0.00568824362339406,0.00972036799599042,0.00944201877640801,0.0386271038244915,0.0366074754212684,0.0384885904595534
0.0368178486824036,0.000627659970386144,-0.0123148535215897,-0.0139690549042108,-0.00284178936574823,0.0124885704786487,0.0122916827882625,0.0390319780777656,0.0366441317253446,0.038495220798352
0.0363960340619087,-0.00354747035488286,-0.0145425738337166,-0.0162353731676513,0.000516849038480923,0.0142578198662046,0.0141295560924095,0.0394266553783107,0.0366807880294208,0.0385018511371505
0.0522514432668686,0.00804596488854821,-0.00160625289425888,-0.0030374307869706,0.00439810809871201,0.0171402518276305,0.0167803925778901,0.0398073702796084,0.036717444333497,0.0385084814759491
0.0539485961198807,0.00508917114871543,-0.00109952286535936,-0.00237576513975795,0.0086904931110454,0.0182940183476668,0.017809249444891,0.0401689318601198,0.0367541006375732,0.0385151118147476
0.057255320250988,0.00341415461538517,0.000319172503647214,-0.000798300040634366,0.0133334529416447,0.0201453908056914,0.0195318781380762,0.0405077126939581,0.0367907569416494,0.0385217421535462
0.0574692264199257,-0.00153848789214763,0.000294435429894782,-0.000811980852805264,0.0181874354243686,0.0203473777443053,0.0197528347803862,0.0408202788877048,0.0368274132457256,0.0385283724923448
0.0618344508111477,-0.00230744698299268,0.00569226964404871,0.00453636383760709,0.0230379980761948,0.0192781116172972,0.0187630841423973,0.0411038997179456,0.0368640695498018,0.0385350028311433
0.064029686152935,-0.00487181461456686,0.00949512170929977,0.00804413748747089,0.0275454108700447,0.0176338385897572,0.0174439154955222,0.0413560898974572,0.036900725853878,0.0385416331699419
0.0655952990055084,-0.00729036323896039,0.0124617736706486,0.0106223522447218,0.0313103972943452,0.0161961431769056,0.0164246832520461,0.0415752649501236,0.0369373821579542,0.0385482635087405
0.0679266825318336,-0.00775171543045135,0.0165085705351862,0.0145003414381719,0.0339180103185317,0.0144440735346169,0.0148714472461227,0.0417603876437533,0.0369740384620305,0.038554893847539
0.0770048350095749,9.33350857186752e-05,0.0273680253269353,0.0252761247490904,0.0350005068036597,0.0126261149165329,0.0131671860741469,0.0419109931201965,0.0370106947661067,0.0385615241863376
0.0907604321837425,0.0144580176828089,0.0439508040893881,0.0418400375772044,0.0342755013391902,0.00976227702417151,0.010352240081402,0.0420269131617435,0.0370473510701829,0.0385681545251362
0.0875120162963867,0.0137775599008203,0.0442939827550737,0.0418906549959459,0.0316260783963124,0.00613402616705397,0.0070465764365061,0.042108377999254,0.0370840073742591,0.0385747848639347
0.0767198950052261,0.00729112860614572,0.0376278388000339,0.0353795262049453,0.0272712941675296,0.00197139252685691,0.00275895359754748,0.0421574722315508,0.0371206636783353,0.0385814152027333
0.0626558661460876,-0.00120617526465577,0.0275224512342665,0.0252951741133427,0.0216847036604907,-0.00202390507059031,-0.00122735350878691,0.0421773377502527,0.0371573199824115,0.0385880455415319
0.051374725997448,-0.00628772899468083,0.0189864686217334,0.016633153325746,0.0154906578163678,-0.0048057189107731,-0.00385310320862845,0.042171797175761,0.0371939762864877,0.0385946758803304
0.0426582545042038,-0.00880617092210694,0.0127670933804564,0.0107799525085083,0.0093196316709268,-0.00733947146681654,-0.00672300422343346,0.0421447937553839,0.0372306325905639,0.038601306219129
0.0409423783421516,-0.00486341962260393,0.0125684294725592,0.0106793116045119,0.00370547929597124,-0.00889334002504771,-0.0083448698202878,0.0421003186687843,0.0372672888946401,0.0386079365579276
0.0418532341718674,0.000830011793995811,0.0138814122406504,0.0118830783450465,-0.00101872930936477,-0.00933212326749936,-0.00864441106990525,0.0420419516872363,0.0373039451987163,0.0386145668967261
0.0403856672346592,0.00313645568317841,0.0129238095525151,0.0108576745357582,-0.00472378632080264,-0.00985160984747643,-0.00909320453662371,0.0419729978722834,0.0373134675296205,0.0386211972355247
0.0372258052229881,0.00276904306737856,0.0106119414833246,0.00860684296155664,-0.00744001630903418,-0.0107091261208613,-0.0100088653128918,0.0418967784646437,0.0373229898605247,0.0386278275743233
0.0346474349498749,0.00214959568439024,0.00773184264644131,0.00566852525968825,-0.0093187143883937,-0.0104169198879954,-0.00965554822293519,0.0418165536538783,0.037332512191429,0.0386344579131218
0.0317577421665192,0.000603728580931171,0.00516639040711053,0.00305396686873917,-0.010581224463098,-0.0107506827629245,-0.00993731295414038,0.041735238048686,0.0373420345223332,0.0386410882519204
0.0293100513517857,-0.00088776999146602,0.00256451333286367,0.00054726000509743,-0.0114575897011475,-0.0106060188343154,-0.00988492724403071,0.0416554110443992,0.0373515568532374,0.0386477185907189
0.027748841792345,-0.00168951348454309,0.00185573753073429,-0.000101116810247548,-0.0121408361517843,-0.0114679749225308,-0.0108043903269249,0.0415791914286725,0.0373610791841416,0.0386543489295175
0.0277619250118732,-0.000987891811584572,0.00273105283297583,0.000789750974371782,-0.012758386622609,-0.0123397293361484,-0.0116888052308146,0.0415082034460668,0.0373706015150458,0.0386609792683161
0.0274831987917423,-0.000593183739854978,0.00256062402056964,0.0015057839264551,-0.0133671322901527,-0.0124575490747773,-0.0126901947418274,0.04144351482175,0.03738012384595,0.0386676096071146
0.0281792730093002,0.000747101874112708,0.00352594217949191,0.0025249583215032,-0.0139536161033576,-0.0127363153470459,-0.0130199252581162,0.0413857872385451,0.0373896461768542,0.0386742399459132
0.0294390823692083,0.0025718890535713,0.00379048338678174,0.0028181330800567,-0.0144680328003408,-0.0117505695253318,-0.0120599209955601,0.0413352261159779,0.0373991685077584,0.0386808702847118
0.0282408818602562,0.00179887784952136,0.00169700651855035,0.000722770827541415,-0.0148497097339894,-0.0108648154969568,-0.0111693895907956,0.0412917137447242,0.0374086908386626,0.0386875006235103
0.0265205837786198,0.000298172481714562,-0.000653138931163276,-0.00159937049650704,-0.0150326697335675,-0.0102444904597838,-0.0105741766871821,0.0412550810304727,0.0374182131695668,0.0386941309623089
0.0257867537438869,-0.00046657704591135,-0.0019978963928242,-0.00275600121987979,-0.0149716503483103,-0.0096430853637599,-0.0101580063373407,0.0412249811381086,0.037427735500471,0.0387007613011075
0.0258255153894424,-0.000713536342601729,-0.00228871860884328,-0.0029391518780208,-0.014661830949051,-0.00932302383308952,-0.00994272437244278,0.0412008826810952,0.0374372578313752,0.038707391639906
0.025843845680356,-0.00120821805546382,-0.00331589820168195,-0.00384912116963007,-0.0141300708401847,-0.00828703628024148,-0.0090210551287185,0.0411821345760046,0.0374467801622795,0.0387140219787046
0.0263215564191341,-0.00142827658534045,-0.00426074542055056,-0.00468090244876378,-0.0134183526402063,-0.00687400065349896,-0.00771819344960523,0.0411681856446809,0.0374563024931837,0.0387206523175032
0.0273870415985584,-0.00120129989649929,-0.0041532113894701,-0.00456939851727251,-0.0125702939873813,-0.00592557183605935,-0.00677084254047078,0.041158635482439,0.0374658248240879,0.0387272826563017
0.0285157356411219,-0.00101918981986068,-0.00359368979244103,-0.00402501552916168,-0.0116183231551499,-0.00536592172142919,-0.00619316182481674,0.0411532486161325,0.0374753471549921,0.0387339129951003
0.0307544209063053,0.000176307663602219,-0.0014140511785908,-0.00187373610237447,-0.0105738878133912,-0.00531639740100017,-0.00611238632521907,0.0411520010560943,0.0374848694858963,0.0387405433338989
0.0316979065537453,-2.46520057261106e-05,-0.00128106985230693,-0.00181731633785055,-0.00943242761076199,-0.0045154154107483,-0.0052319507811016,0.0411549861702334,0.0374943918168005,0.0387471736726974
0.0313210226595402,-0.00167995314554354,-0.002405881352514,-0.00302992756543029,-0.0081614814392409,-0.00377701013565054,-0.00440285378652552,0.0411624572443246,0.0375039141477047,0.038753804011496
0.0328524932265282,-0.00161581678058165,-0.00325564375055742,-0.00404686808205246,-0.00670664207518687,-0.00140529950152333,-0.00186107304171392,0.0411749520822967,0.0375134364786089,0.0387604343502945
0.0384256616234779,0.00225055254978691,6.76264463461973e-05,-0.000961357330792959,-0.00501800482261733,0.000835076367618615,0.000619954265177782,0.0411931138963084,0.0375229588095131,0.0387670646890931
0.0453023612499237,0.00715273196067378,0.0049411879355445,0.00392272827366911,-0.00306767709014246,0.00282869217396187,0.00260593794836292,0.0412173063793924,0.0375324811404173,0.0387736950278917
0.0430567376315594,0.00264121729938822,-0.000335473513724455,-0.00126300557835578,-0.000832447131973702,0.00585020767396228,0.00553941784322492,0.0412479674641449,0.0375420034713215,0.0387803253666902
0.0415836498141289,-0.0014718893073453,-0.00370357025268668,-0.00466394743141956,0.00176939575716671,0.00773569426458981,0.00746064154005963,0.0412861433643075,0.0375515258022257,0.0387869557054888
0.0419471189379692,-0.00418207303135185,-0.00536093834202415,-0.00628848588272617,0.00479656570561643,0.0097470091468634,0.00944201877640801,0.0413326262637046,0.03756104813313,0.0387935860442874
0.0447770617902279,-0.00486232811240056,-0.00529873620384275,-0.0063148373811205,0.00825144503971342,0.0125052275300365,0.0122916827882625,0.041387944862915,0.0375705704640342,0.0388002163830859
0.0511612817645073,-0.00233886885034926,-0.000685954113260528,-0.0017751210497867,0.0120478712641207,0.0142671430828295,0.0141295560924095,0.0414522793507359,0.0375800927949384,0.0388068467218845
0.0549208410084248,-0.00259062268110988,0.000213161003820198,-0.000673028630148408,0.0159862340318499,0.017118064878762,0.0167803925778901,0.0415252296576848,0.0375896151258426,0.0388134770606831
0.0548773929476738,-0.00651852556119438,-0.000974556137113565,-0.00175196389669881,0.0197896740173722,0.0182528116280406,0.017809249444891,0.041606244491496,0.0375991374567468,0.0388201073994816
0.0621660873293877,-0.00265325600867208,0.00446576589598404,0.00380747145303131,0.0231246811324865,0.0200916616457526,0.0195318781380762,0.0416946622055732,0.037608659787651,0.0388267377382802
0.0726032331585884,0.00524914632055244,0.0147086588085932,0.0140170303011235,0.0255650144224995,0.02027639223144,0.0197528347803862,0.0417890724155365,0.0376181821185552,0.0388333680770788
0.0730104297399521,0.00444219898602619,0.016185845378738,0.0154073471816775,0.026680688749966,0.0191968799117547,0.0187630841423973,0.0418875420039599,0.0376277044494594,0.0388399984158773
0.0711104422807693,0.00292546934803902,0.0158960399052373,0.0148198980305712,0.0261963843475935,0.0175771755951684,0.0174439154955222,0.0419885885851368,0.0376372267803636,0.0388466287546759
0.0678918212652206,0.00179817987811413,0.0140664087986497,0.0126138789197001,0.024003127131168,0.0161786633553031,0.0164246832520461,0.0420905142559386,0.0376467491112678,0.0388532590934745
0.0621491000056267,-0.000235231300146722,0.010044603887817,0.00841776332723092,0.0201928304750089,0.0144482246756376,0.0148714472461227,0.0421915008307645,0.037656271442172,0.038859889432273
0.0583103895187378,0.000951150500225336,0.00801622653998249,0.00627668367351935,0.0150694263508973,0.0126313827086936,0.0131671860741469,0.0422898126676151,0.0376627802700617,0.0388665197710716
0.0502288229763508,-0.00124144065203926,0.00279179795101055,0.00100343278507865,0.00908666979498887,0.0097677359273889,0.010352240081402,0.0423835938334012,0.0376692890979513,0.0388731501098701
0.0399644449353218,-0.00532635363817337,-0.00386975526347288,-0.00596191194985301,0.00281944211334489,0.0061584022729537,0.0070465764365061,0.0424713564601503,0.037675797925841,0.0388797804486687
0.0351911708712578,-0.00422018834104185,-0.00448551399521951,-0.00645419351375698,-0.00314053782877861,0.00199437811274665,0.00275895359754748,0.0425518970410782,0.0376823067537306,0.0388864107874673
0.0306761041283607,-0.00362082125799016,-0.00501928521611614,-0.00698958348911818,-0.00832693742923153,-0.00199342623714341,-0.00122735350878691,0.0426238628155824,0.0376888155816203,0.0388930411262658
0.0291363056749105,-0.00111626815989095,-0.00379588723995668,-0.00591026258152541,-0.0124336038268087,-0.00476313149464272,-0.00385310320862845,0.0426861776616102,0.0376953244095099,0.0388996714650644
0.0264932289719582,-0.000881003485462601,-0.00389396566656754,-0.00569006860847135,-0.0153636848328609,-0.0073146385988739,-0.00672300422343346,0.0427379172902816,0.0377018332373996,0.038906301803863
0.026152741163969,0.000568233149413584,-0.00268444306240684,-0.0044153211584047,-0.0171941199427472,-0.00887115783891337,-0.0083448698202878,0.0427786279573026,0.0377083420652893,0.0389129321426615
0.0263674613088369,0.00171118387277696,-0.00204672750880059,-0.00390769010271791,-0.0181518569806348,-0.00930066207554137,-0.00864441106990525,0.0428081344166948,0.0377148508931789,0.0389195624814601
0.0263239815831184,0.00203022168192226,-0.0015780014764704,-0.00350900670051651,-0.0185329325057187,-0.00981937666147972,-0.00909320453662371,0.0428266924069149,0.0377213597210686,0.0389261928202587
0.0257293544709682,0.00151645467287173,-0.00131552725137446,-0.00319460337519722,-0.0186221314605661,-0.0106829868266155,-0.0100088653128918,0.0428350312586626,0.0377278685489582,0.0389328231590572
0.0245466958731413,0.000340226650899913,-0.00279681342309054,-0.00473720940177932,-0.0186279030251511,-0.010390868080616,-0.00965554822293519,0.0428343722473925,0.0377343773768479,0.0389394534978558
0.0231976434588432,-0.000981748290515339,-0.00381892917851541,-0.00581112742367075,-0.0186469555946762,-0.0107243135673789,-0.00993731295414038,0.0428263473440348,0.0377408862047375,0.0389460838366544
0.0234515778720379,-0.000692843005431969,-0.00370757065683966,-0.00561620905938433,-0.0186685493246153,-0.0105882465037496,-0.00988492724403071,0.0428129702020852,0.0377473950326272,0.0389527141754529
0.0239838138222694,-0.000197651719024274,-0.00231398715617791,-0.00417114036505714,-0.0186150372736661,-0.0114561028820695,-0.0108043903269249,0.0427965028149598,0.0377539038605168,0.0389593445142515
0.0241712778806686,-0.000235845788648562,-0.00125999700874956,-0.0031058917415668,-0.0183722725282611,-0.0123291377989883,-0.0116888052308146,0.0427793961975783,0.0377604126884065,0.0389659748530501
0.0241285003721714,-0.000785284779404226,-0.00117200310713959,-0.0021539100778498,-0.0178504129851481,-0.0124664180369851,-0.0126901947418274,0.0427641981367237,0.0377669215162961,0.0389726051918486
0.023157149553299,-0.00257757813820998,-0.00186691521630145,-0.00280216071923205,-0.0170187063198167,-0.0127493655745854,-0.0130199252581162,0.0427534340113256,0.0377734303441858,0.0389792355306472
0.0235612392425537,-0.00326418622285491,-0.00245658878233716,-0.00336470563133189,-0.0159240766333718,-0.0117621111471845,-0.0120599209955601,0.0427495020987804,0.0377799391720754,0.0389858658694457
0.0251490212976933,-0.00290705666536812,-0.00175730083766982,-0.00267408531975551,-0.0146982810151089,-0.010880125864602,-0.0111693895907956,0.0427543589781703,0.0377864479999651,0.0389924962082443
0.0290680006146431,-0.000172966572818439,0.00153813102206225,0.000643050754782309,-0.0135286090059004,-0.0102630872352739,-0.0105741766871821,0.0427695761933619,0.0377929568278547,0.0389991265470429
0.0338332653045654,0.00365216991773343,0.00571177124883966,0.00498551475606471,-0.0126151183485858,-0.0096779716000186,-0.0101580063373407,0.0427962137354178,0.0377994656557444,0.0390057568858414
0.0359553843736649,0.00522191982061681,0.00751678006551975,0.00688572152146763,-0.0121012892877995,-0.00936737017548891,-0.00994272437244278,0.0428347538408476,0.037805974483634,0.03901238722464
0.0362960062921047,0.00541664497796088,0.00681677752892323,0.00629804385738464,-0.0120058111918211,-0.00833325454834218,-0.0090210551287185,0.0428851725059649,0.0378124833115237,0.0390190175634386
0.0320391580462456,0.00130189724377433,0.00114025704172698,0.000731703593613672,-0.0122096364303484,-0.00692009113489472,-0.00771819344960523,0.0429468972328197,0.0378189921394133,0.0390256479022371
0.0316297486424446,0.0010570578929297,-0.000228042593567901,-0.000631687058120309,-0.0124463183615763,-0.00596770973129046,-0.00677084254047078,0.0430190091110912,0.037825500967303,0.0390322782410357
0.031647577881813,0.000938913913529224,-0.000779058985322961,-0.00119816887320448,-0.0123911052767622,-0.00540537292805661,-0.00619316182481674,0.043099769245046,0.0378320097951926,0.0390389085798343
0.0303670074790716,-0.00112673776517234,-0.00211793313881616,-0.00256614511434215,-0.0116931084770394,-0.0053535780051945,-0.00611238632521907,0.0431868537212833,0.0378385186230823,0.0390455389186328
0.0289052408188581,-0.00434530067589573,-0.00439539496654071,-0.00491497765747166,-0.0100270040202633,-0.00454439166557306,-0.0052319507811016,0.0432775455150172,0.0378450274509719,0.0390521692574314
0.0293637476861477,-0.0068463651880704,-0.00469386414529409,-0.00529219812355675,-0.00715865338677542,-0.0037939244474198,-0.00440285378652552,0.0433687662609935,0.0378515362788616,0.03905879959623
0.0343016386032104,-0.00615448362738242,-0.00216399501122564,-0.00290271829010416,-0.00300096183479495,-0.00139241149231513,-0.00186107304171392,0.0434570840653878,0.0378580451067512,0.0390654299350285
0.0420372448861599,-0.00385230983355457,0.00329942427695761,0.00234523034715502,0.00235086130062499,0.000873266674561407,0.000619954265177782,0.0435386934190895,0.0378645539346409,0.0390720602738271
0.0521857291460037,-6.46091459042836e-05,0.0114395208434461,0.0105011005850151,0.00864076294926205,0.00287514554002712,0.00260593794836292,0.043609575342646,0.0378710627625305,0.0390786906126257
0.0728382766246796,0.0136832324418467,0.0290741058266843,0.0282135378300304,0.0154893194587038,0.00588659920757503,0.00553941784322492,0.043665724724129,0.0378775715904202,0.0390853209514242
0.0748204771015379,0.00872770627572525,0.0291621985064416,0.0282678842712555,0.0223899115246272,0.00777419817678645,0.00746064154005963,0.0437028593011855,0.0378840804183098,0.0390919512902228
0.0768026775783963,0.00414201370666393,0.029138357414337,0.0282620771729669,0.0289424463527422,0.0097737309178598,0.00944201877640801,0.0437182175189902,0.0378905892461995,0.0390985816290213
0.0787848780552546,0.000312092657624649,0.0283633306481278,0.0273879832991723,0.0347632475196843,0.0125244493330377,0.0122916827882625,0.0437095378779456,0.0378970980740891,0.0391052119678199
0.080767078532113,-0.00240480930804356,0.0285545491470428,0.027525680133085,0.0394967941455011,0.0142711702403506,0.0141295560924095,0.0436750936946554,0.0379413591447196,0.0391118423066185
0.0827492790089713,-0.00369112392366084,0.0276809790096414,0.0268504137856642,0.0428266381878086,0.0170826797839799,0.0167803925778901,0.0436137647448235,0.03798562021535,0.039118472645417
0.0847314794858297,-0.00328550042286144,0.0285115861685473,0.0277971270567231,0.0444917837729192,0.0181900120313019,0.017809249444891,0.0435251961357719,0.0380298812859805,0.0391251029842156
0.086713679962688,-0.00100549810512335,0.028627474531913,0.0280500685015977,0.04430953585214,0.0200120630741642,0.0195318781380762,0.0434096422156714,0.0380741423566109,0.0391317333230142
0.0886958804395464,0.00322249363137384,0.0303979145327689,0.0298046819973475,0.0422055541372251,0.0201795624795361,0.0197528347803862,0.0432678326709474,0.0381184034272414,0.0391383636618127
0.0906780809164047,0.00933132027687637,0.0334261914688222,0.0327700027733962,0.0382455002641487,0.0190892249497107,0.0187630841423973,0.0431012603753796,0.0381626644978718,0.0391449940006113
0.0784740895032883,0.00290440529144995,0.0227632271967984,0.0218785496683562,0.0326578365591099,0.0175039367379876,0.0174439154955222,0.0429118476527284,0.0382069255685022,0.0391516243394099
0.0694966912269592,0.000873976091640086,0.0150848164791028,0.0139137532967047,0.0259201598231539,0.0161606881087238,0.0164246832520461,0.0427025553121653,0.0382511866391327,0.0391582546782084
0.0570407882332802,-0.00404087411473043,0.00429553971346511,0.00300445597015045,0.0186052722579766,0.0144498008100519,0.0148714472461227,0.042476390090034,0.0382954477097631,0.039164885017007
0.0496368370950222,-0.0039513668723051,-0.00133956995869904,-0.00270186433493022,0.0113516932094964,0.0126366982733277,0.0131671860741469,0.0422365107578309,0.0383397087803936,0.0391715153558056
0.0445810258388519,-0.00212779104348636,-0.00357894219935539,-0.00494935993715419,0.00472299787875243,0.00977599818718329,0.010352240081402,0.0419858190035859,0.038383969851024,0.0391781456946041
0.0412425734102726,0.000370001984578427,-0.00337653291614384,-0.0049887790596362,-0.000854408567615412,0.00619087540476197,0.0070465764365061,0.0417269799933096,0.0384282309216545,0.0391847760334027
0.0383387580513954,0.00202029108664795,-0.0021556728606946,-0.00361160191835333,-0.00514380569911908,0.0020219389198051,0.00275895359754748,0.0414622726638666,0.0384724919922849,0.0391914063722013
0.0351116769015789,0.00202937982932555,-0.00144559948470011,-0.002859006300634,-0.00811128292052814,-0.00195947667663635,-0.00122735350878691,0.0411935799927815,0.0385167530629154,0.0391980367109998
0.0330795086920261,0.00206280997428202,-0.000767480248089744,-0.00227205514914379,-0.00990570304102576,-0.00471402519342992,-0.00385310320862845,0.0409224017587699,0.0385610141335458,0.0392046670497984
0.0322255305945873,0.00239309821331361,0.000915500401272411,-0.000262762570576166,-0.0108171812571167,-0.00729524501086133,-0.00672300422343346,0.0406496136383904,0.0386052752041762,0.039211297388597
0.0309862233698368,0.00181347232007522,0.00119078225600433,0.000113165462729084,-0.0112029222188605,-0.00885409516097422,-0.0083448698202878,0.0403756732686221,0.0386495362748067,0.0392179277273955
0.0289012379944324,0.000199020418306549,-0.000524162776016766,-0.00167890900185639,-0.0113984384712109,-0.00926839657498793,-0.00864441106990525,0.0401006560473368,0.0386937973454371,0.0392245580661941
0.0283090099692345,0.000135309475154595,-0.000644688824409746,-0.00182897389913447,-0.0116505898071882,-0.00978435962242337,-0.00909320453662371,0.0398242903012681,0.0387380584160676,0.0392311884049927
0.0279175564646721,0.000467562006609586,-0.000209998980028249,-0.00131139696622737,-0.012095910354657,-0.0106547640419977,-0.0100088653128918,0.0395459048127195,0.038782319486698,0.0392378187437912
0.0289667285978794,0.00244653737599307,0.00049996974229858,-0.000622172261775179,-0.0127444085272558,-0.0103598217017476,-0.00965554822293519,0.0392645997491422,0.0388265805573285,0.0392444490825898
0.026593616232276,0.00112689699688203,-0.00158538073865131,-0.002720150234972,-0.013512530849219,-0.0106918446570316,-0.00993731295414038,0.0389792500846129,0.0388708416279589,0.0392510794213883
0.0245874859392643,0.000137918159254779,-0.00376247045527306,-0.0047852965768919,-0.0142392653860445,-0.010565146304052,-0.00988492724403071,0.0386888331660541,0.0389151026985894,0.0392577097601869
0.0231638066470623,-0.00046123643451678,-0.00435469002859774,-0.00529614312499825,-0.0147672934664418,-0.0114408670935598,-0.0108043903269249,0.0383923365480208,0.0389593637692198,0.0392643400989855
0.0223094206303358,-0.000789088515982663,-0.00437649998087549,-0.00527274457663361,-0.0149903687435,-0.012317704228639,-0.0116888052308146,0.0380888778898185,0.0390036248398503,0.039270970437784
0.0217321887612343,-0.00116678965483433,-0.0048404101500535,-0.0048552172735209,-0.0148787870868691,-0.0124752869991929,-0.0126901947418274,0.0377777655029377,0.0390478859104807,0.0392776007765826
0.0224975105375051,-0.000486789290255401,-0.00383222064148115,-0.00376679531975984,-0.0144743010500388,-0.0127624158021248,-0.0130199252581162,0.0374586008777993,0.0390921469811111,0.0392842311153812
0.024755921214819,0.00149989772389559,-0.00260683406788535,-0.00247501924380063,-0.0138752851722241,-0.0117736527690373,-0.0120599209955601,0.0371313086631475,0.0391364080517416,0.0392908614541797
0.0270408540964127,0.00344867184262947,-0.00124437879371217,-0.00108724810577009,-0.0132039695289985,-0.0108954362322472,-0.0111693895907956,0.0367961517827817,0.039180669122372,0.0392974917929783
0.0263052340596914,0.00240788340978413,-0.0026380121225471,-0.00242471138490334,-0.0125564892304316,-0.0102816840107639,-0.0105741766871821,0.0364538398803389,0.0392249301930025,0.0393041221317769
0.0244669169187546,0.000324137543417985,-0.00508941650860104,-0.00468582921448013,-0.0119629672639098,-0.0097128578362773,-0.0101580063373407,0.0361057466392464,0.0392691912636329,0.0393107524705754
0.0239138677716255,-0.000439033480521288,-0.00598786804474954,-0.00546079066530569,-0.0114008826628881,-0.00941171651788831,-0.00994272437244278,0.0357537839150349,0.0393134523342634,0.039317382809374
0.0228936355561018,-0.00167736005120777,-0.00808460503234913,-0.00740932246335225,-0.0108292092618374,-0.00837947281644288,-0.0090210551287185,0.035400204869147,0.0393577134048938,0.0393240131481725
0.0226122885942459,-0.00222970700220405,-0.00982350426498786,-0.00900016144311997,-0.0102056417193266,-0.00696618161629048,-0.00771819344960523,0.0350476373157765,0.0394019744755243,0.0393306434869711
0.0225613191723824,-0.00262188662476123,-0.0108750687472508,-0.0100051121129165,-0.00951570914665703,-0.00600984762652157,-0.00677084254047078,0.0346989149438006,0.0394462355461547,0.0393372738257697
0.0252631194889545,-0.000315484290267549,-0.00878255299314657,-0.00788762285079696,-0.00877841188502722,-0.00544482413468403,-0.00619316182481674,0.0343570156642493,0.0394904966167851,0.0393439041645682
0.0279950499534607,0.0020208995836139,-0.00614894912456607,-0.00524309822468705,-0.00805073154738024,-0.00539075860938882,-0.00611238632521907,0.034024881917227,0.0395347576874156,0.0393505345033668
0.0296603590250015,0.00333488397926954,-0.00537795495565824,-0.00446485503606225,-0.00737992250357496,-0.00457336792039782,-0.0052319507811016,0.0337053975493069,0.0396116819010576,0.0393571648421654
0.0299639254808426,0.0033209493997397,-0.00591384187466794,-0.00499701591359584,-0.00675833595049938,-0.00381083875918906,-0.00440285378652552,0.0334013120316023,0.0396886061146996,0.0393637951809639
0.0299067255109549,0.00288225158574002,-0.0084792813342798,-0.00760262696709373,-0.00609068145812418,-0.00137952348310694,-0.00186107304171392,0.033115155383339,0.0397655303283416,0.0393704255197625
0.0294209998100996,0.0017681246238083,-0.0113329117133882,-0.0105760103136393,-0.00519625109653027,0.000911456981504199,0.000619954265177782,0.0328491262828216,0.0398424545419836,0.0393770558585611
0.0295752063393593,0.000803987112067462,-0.0132657713223587,-0.0124144178063633,-0.00383376415348775,0.00292159890609236,0.00260593794836292,0.0326049833807796,0.0399193787556256,0.0393836861973596
0.0305006355047226,-0.000121459387405055,-0.0154186582057328,-0.0144290988746605,-0.00176184245397871,0.00592299074118777,0.00553941784322492,0.0323839373461064,0.0399963029692676,0.0393903165361582
0.0285369269549847,-0.00483842601809459,-0.019349002316908,-0.0183206614600317,0.00118876918832301,0.00781270208898308,0.00746064154005963,0.0321865837847562,0.0400732271829096,0.0393969468749568
0.0306131765246391,-0.00646884327645326,-0.0193374275607687,-0.0182324194655242,0.00506890599633538,0.0098004526888562,0.00944201877640801,0.032013113804757,0.0401501513965516,0.0394035772137553
0.0440654158592224,0.00248323260535491,-0.00870533088701006,-0.00763647448159393,0.00971901516955741,0.0125436711360389,0.0122916827882625,0.0318631680843101,0.0402270756101936,0.0394102075525539
0.0441213846206665,-0.00233064010721554,-0.0104578126010408,-0.00942500936309544,0.0147167113770674,0.0142751973978717,0.0141295560924095,0.0317353133508147,0.0403039998238356,0.0394168378913525
0.0489252060651779,-0.00228722270131937,-0.00850301266149757,-0.00727865474286321,0.0195841411978842,0.0170472946891979,0.0167803925778901,0.0316282875686131,0.0403809240374776,0.039423468230151
0.0541917122900486,-0.0010958871283616,-0.00439334839563429,-0.00304763572379197,0.0237473638363379,0.0181272124345633,0.017809249444891,0.0315402355820723,0.0404578482511196,0.0394300985689496
0.0616004504263401,0.00346867293352586,0.0011332134590028,0.00263184338051579,0.026662782383557,0.0199324645025757,0.0195318781380762,0.0314689951092572,0.0405347724647616,0.0394367289077482
0.0635366588830948,0.00421836975133513,0.00284222947705889,0.00434046485616189,0.0279061770230171,0.0200827327276323,0.0197528347803862,0.0314121121087426,0.0406116966784036,0.0394433592465467
0.0603067241609097,0.00164220542690156,0.000636533281197345,0.00209365043316712,0.027297222145412,0.0189815699876667,0.0187630841423973,0.0313672965885961,0.0406886208920456,0.0394499895853453
0.0591275542974472,0.00286739436284843,0.00093131131095283,0.00222701887778113,0.0249276540122969,0.0174306978808067,0.0174439154955222,0.0313325059223019,0.0407655451056876,0.0394566199241438
0.0525575131177902,0.000159084674266105,-0.00442766906368385,-0.00333042039719833,0.0210927328645391,0.0161427128621444,0.0164246832520461,0.031305695578985,0.0408424693193296,0.0394632502629424
0.0440512970089912,-0.00350982408692737,-0.0113194734684466,-0.0102900308388725,0.0162758879695373,0.0144513769444663,0.0148714472461227,0.0312852331263813,0.0409193935329716,0.039469880601741
0.0424520224332809,0.000143189660019617,-0.0111863091512944,-0.0101916745814055,0.0110390413156175,0.0126420138379617,0.0131671860741469,0.0312697914576438,0.0409963177466136,0.0394765109405395
0.0352760553359985,-0.0018547214976972,-0.0155814470712348,-0.0145593260247416,0.00587279313557914,0.00978426044697768,0.010352240081402,0.0312579836981166,0.0410732419602556,0.0394831412793381
0.0318115875124931,-0.00064750432530906,-0.0155619271979747,-0.0147247605421496,0.00121012822162911,0.00622334853657023,0.0070465764365061,0.0312489636161731,0.0411501661738976,0.0394897716181367
0.0274753887206316,-0.00109227082320369,-0.0158012013937716,-0.0147799668338511,-0.00267434750445576,0.00204949972686355,0.00275895359754748,0.0312420070482911,0.0412270903875396,0.0394964019569352
0.025907889008522,0.000319647700489473,-0.0134705984765303,-0.0123677897784249,-0.00564857574086852,-0.00192552711612929,-0.00122735350878691,0.0312368170489011,0.0413040146011816,0.0395030322957338
0.0244278199970722,0.000919300461875014,-0.0122881999255343,-0.0112287394288317,-0.00772469821809839,-0.00466491889221713,-0.00385310320862845,0.0312332177532956,0.0413809388148236,0.0395096626345324
0.0234384313225746,0.00120619059379182,-0.0107435802830423,-0.00935485742732286,-0.00899898657328688,-0.00727585142284876,-0.00672300422343346,0.0312312273020697,0.0414578630284657,0.0395162929733309
0.0221938528120518,0.000569507206650516,-0.0105039019470208,-0.00898420067978993,-0.00960670376182058,-0.00883703248303506,-0.0083448698202878,0.0312310493672218,0.0415347872421076,0.0395229233121295
0.0213085077702999,-0.000237999257792771,-0.0110670726110153,-0.0095766348107229,-0.00968658303302095,-0.00923613107443448,-0.00864441106990525,0.0312330900611136,0.0416117114557497,0.0395295536509281
0.0209150835871696,-0.000950074833555629,-0.011024209498855,-0.00952789586593326,-0.00937267180582078,-0.00974934258336701,-0.00909320453662371,0.0312378302265461,0.0416886356693917,0.0395361839897266
0.0207834485918283,-0.00166587097771131,-0.0103555700338254,-0.00875050042380508,-0.00879647257398772,-0.0106265412573799,-0.0100088653128918,0.0312457921435274,0.0417655598830337,0.0395428143285252
0.0223786178976297,-0.000784016412911577,-0.00913509087616667,-0.00751527854675883,-0.00809486417099063,-0.0103287753228793,-0.00965554822293519,0.0312574984815319,0.0418424840966757,0.0395494446673238
0.0213238783180714,-0.00253393660112599,-0.00993615424556188,-0.00829488373391057,-0.00741554752883408,-0.0106593757466844,-0.00993731295414038,0.0312733624480314,0.0419194083103177,0.0395560750061223
0.0227669924497604,-0.00164280932343864,-0.00868729396984483,-0.00691078565112974,-0.00688405851779411,-0.0105420461043544,-0.00988492724403071,0.0312938602909932,0.0419963325239597,0.0395627053449209
0.0273571126163006,0.00265912722447585,-0.00329051281625101,-0.00140783274049396,-0.00662124069974818,-0.0114256313050501,-0.0108043903269249,0.0313192260915729,0.0420732567376017,0.0395693356837195
0.0275908708572388,0.00296529750012352,-0.00225303943571524,-0.000296289934464638,-0.00672385166088535,-0.0123062706582897,-0.0116888052308146,0.0313494250180006,0.0421501809512437,0.039575966022518
0.0255109146237373,0.00133250059084846,-0.00423203457974763,-0.00138148699575183,-0.00718718328162232,-0.0124841559614007,-0.0126901947418274,0.0313655973145112,0.0422271051648857,0.0395825963613166
0.0231404416263103,-0.000337946280491799,-0.00638812172255301,-0.00342885981568862,-0.00790713872617656,-0.0127754660296643,-0.0130199252581162,0.0313855266329787,0.0423040293785277,0.0395892267001151
0.0220595337450504,-0.000642761216947233,-0.00853622545622923,-0.00547640229830314,-0.00870704730343645,-0.01178519439089,-0.0120599209955601,0.0314093422654341,0.0423809535921697,0.0395958570389137
0.0212052296847105,-0.000849847050001795,-0.0103494751201731,-0.00722786810220621,-0.00938191165790297,-0.0109107465998924,-0.0111693895907956,0.0314369883926153,0.042465451404776,0.0396024873777123
0.0209150873124599,-0.000816330229294367,-0.0113345811186684,-0.0081198537168688,-0.00973688950613105,-0.010300280786254,-0.0105741766871821,0.0314683070478854,0.0425499492173823,0.0396091177165108
0.0207365266978741,-0.001130521235336,-0.0121501762595786,-0.00872121502009461,-0.00963595230450285,-0.009747744072536,-0.0101580063373407,0.0315030002377129,0.0426344470299887,0.0396157480553094
0.0209341049194336,-0.00156551089124386,-0.0123287770628737,-0.00874554910223159,-0.00904112088018188,-0.0094560628602877,-0.00994272437244278,0.0315407366908593,0.042718944842595,0.039622378394108
0.022338654845953,-0.00121725170175551,-0.0120390967247048,-0.00826929875823505,-0.00802521654620422,-0.00842569108454358,-0.0090210551287185,0.0315811230939127,0.0428034426552013,0.0396290087329065
0.0242966637015343,-0.000565704009219462,-0.0115790046685871,-0.0076207819205656,-0.00676130611816387,-0.00701227209768624,-0.00771819344960523,0.0316236738289176,0.0428879404678076,0.0396356390717051
0.0277923587709665,0.00159589324270077,-0.00912809398769476,-0.00507906809906635,-0.00547141479630149,-0.00605198552175268,-0.00677084254047078,0.0316678803245673,0.042972438280414,0.0396422694105037
0.0288518182933331,0.00150171688337298,-0.0087208424583758,-0.00460391963115244,-0.00436310963327739,-0.00548427534131145,-0.00619316182481674,0.0317132110432375,0.0430569360930203,0.0396488997493022
0.0287001468241215,0.000481715787351191,-0.00901334786792201,-0.00484299693876025,-0.00354101383145751,-0.00542793921358315,-0.00611238632521907,0.0317594448682278,0.0431414339056266,0.0396555300881008
0.0275808870792389,-0.00125707331762906,-0.0110427004637715,-0.00684932256655887,-0.00296864898432431,-0.00460234417522258,-0.0052319507811016,0.0318066093811923,0.043225931718233,0.0396621604268994
0.0272811222821474,-0.00211005849100536,-0.0122015541777336,-0.007984814697025,-0.00246378712214717,-0.00382775307095832,-0.00440285378652552,0.0318549678952999,0.0433104295308393,0.0396687907656979
0.0291818492114544,-0.000978672281960787,-0.0128464426580925,-0.00863249885132818,-0.00174437734923541,-0.00136663547389875,-0.00186107304171392,0.0319048988426506,0.0433949273434456,0.0396754211044965
0.0305184237658978,-0.000932282622410524,-0.0139106486786012,-0.00978358194257508,-0.000505967662468639,0.000949647288446991,0.000619954265177782,0.0319566740507769,0.0434794251560519,0.039682051443295
0.0306875165551901,-0.00283210584980602,-0.0158444586856258,-0.0116071031752664,0.00150857443691703,0.00296805227215761,0.00260593794836292,0.0320110479680791,0.0435639229686583,0.0396886817820936
0.0345087721943855,-0.0019874587440349,-0.0150990308616796,-0.0107259577697316,0.004427153081547,0.00595938227480051,0.00553941784322492,0.0320690778568734,0.0436484207812646,0.0396953121208922
0.0396138206124306,-0.000677591981193659,-0.0119703039826201,-0.00754876338731981,0.00815968600168609,0.00785120600117971,0.00746064154005963,0.0321317265919381,0.0437329185938709,0.0397019424596907
0.044497337192297,-0.000102350238121792,-0.00914725367403287,-0.00465325438260034,0.012399608023643,0.0098271744598526,0.00944201877640801,0.0322000794067758,0.0438174164064773,0.0397085727984893
0.0523432791233063,0.00339149535187119,-0.00412152803481735,0.000336393197755943,0.0166764357098423,0.01256289293904,0.0122916827882625,0.0322753480615927,0.0439019142190836,0.0397152031372879
0.0535093434154987,0.000735407122342029,-0.00475629317158404,-0.0003420461529972,0.0204153606467483,0.0142792245553929,0.0141295560924095,0.0323585756464084,0.0439864120316899,0.0397218334760864
0.0547752305865288,-0.000778126457458634,-0.00630758885218327,-0.00173362580624633,0.0231021926058353,0.0170119095944158,0.0167803925778901,0.0324511644381521,0.0440709098442962,0.039728463814885
0.0577800571918488,0.000888038186429331,-0.00443976330287844,0.00023571359327421,0.0243374784894415,0.0180644128378246,0.017809249444891,0.0325545405159779,0.0441554076569026,0.0397350941536836
0.0560806542634964,-0.000490221006801763,-0.00801211713699972,-0.00319294836706189,0.0239009818925431,0.0198528659309872,0.0195318781380762,0.032669893377755,0.0442399054695089,0.0397417244924821
0.0555115416646004,0.000884315484619935,-0.00879876459324327,-0.0039896479470665,0.0218286677041047,0.0199859029757284,0.0197528347803862,0.0327985584758757,0.0443244032821152,0.0397483548312807
0.0508439317345619,-0.00045837121639164,-0.0124388843857823,-0.0076741375779146,0.0183606569722196,0.0188739150256227,0.0187630841423973,0.032941645978734,0.0444089010947215,0.0397549851700793
0.0442904941737652,-0.00272810138517613,-0.0175603637571886,-0.0129150368306349,0.0139183049486163,0.0173574590236259,0.0174439154955222,0.033100290610325,0.0444933989073279,0.0397616155088778
0.0383528247475624,-0.00392599852871994,-0.0223498095879369,-0.0178401043521601,0.00900332499044729,0.0161247376155651,0.0164246832520461,0.0332754982858351,0.0445778967199342,0.0397682458476764
0.0344047695398331,-0.00315471517740821,-0.024710578071588,-0.0202415538927646,0.00409147960159511,0.0144529530788806,0.0148714472461227,0.0334680051156462,0.0446623945325405,0.039774876186475
0.0317052528262138,-0.00153076631120274,-0.0256889689215288,-0.0212434397732066,-0.000441979315441623,0.0126473294025958,0.0131671860741469,0.0336779984528582,0.0447468923451469,0.0397815065252735
0.0276962630450726,-0.00184966427724762,-0.0269276498194527,-0.0224441139004015,-0.00435935281491585,0.00979252270677208,0.010352240081402,0.033905280137236,0.0448313901577532,0.0397881368640721
0.0277314074337482,0.00112769497941504,-0.0234403022049898,-0.0191099362056285,-0.00754567429262391,0.00625582166837849,0.0070465764365061,0.0341493867469571,0.0449158879703595,0.0397947672028707
0.0241662785410881,-0.000230985538338767,-0.0229111677757997,-0.0183940725981286,-0.0100120117817776,0.00207706053392201,0.00275895359754748,0.0344092758612045,0.0450003857829658,0.0398013975416692
0.0224974881857634,-0.000385460735811879,-0.0206958178541866,-0.0160831861859175,-0.0118010226418776,-0.00189157755562224,-0.00122735350878691,0.0346839715634528,0.0450848835955722,0.0398080278804678
0.0227302014827728,0.000739453116077008,-0.0178233673344013,-0.0132313535278651,-0.0129814607929592,-0.00461581259100433,-0.00385310320862845,0.034972209159655,0.0451693814081785,0.0398146582192663
0.0215877592563629,-5.95152557099719e-05,-0.0164096621295857,-0.0115105250782685,-0.0136252013284579,-0.00725645783483619,-0.00672300422343346,0.0352724758405308,0.0452538792207848,0.0398212885580649
0.020506739616394,-0.00129321288203549,-0.0160116676119012,-0.0109763094601816,-0.0137833441469869,-0.0088199698050959,-0.0083448698202878,0.0355832966454165,0.0453383770333911,0.0398279188968635
0.0204794909805059,-0.00190979367729883,-0.0157395182916105,-0.0107106471852509,-0.0135139830095098,-0.00920386557388103,-0.00864441106990525,0.0359032676673146,0.0454228748459975,0.039834549235662
0.0205953568220139,-0.00272198087413258,-0.0151976902922793,-0.010152618215823,-0.0129137149292078,-0.00971432554431066,-0.00909320453662371,0.0362310526253542,0.0455073726586038,0.0398411795744606
0.0211276970803738,-0.00330943866442233,-0.0138456582444011,-0.00871124751999365,-0.0121283588994317,-0.0105983184727621,-0.0100088653128918,0.0365654946442278,0.0455716737975369,0.0398478099132592
0.0228153597563505,-0.00274225976026848,-0.0125228862361086,-0.00738353227277204,-0.0113480601404973,-0.0102977289440109,-0.00965554822293519,0.0369056796571164,0.04563597493647,0.0398544402520577
0.023583959788084,-0.00288973509618152,-0.0114894094509819,-0.00633979784863189,-0.0107772237586035,-0.0106269068363372,-0.00993731295414038,0.0372509186428691,0.0457002760754031,0.0398610705908563
0.0319314450025558,0.00490030993693351,-0.00331418630712361,0.0019486713169317,-0.0105697992020247,-0.0105189459046568,-0.00988492724403071,0.0376009342676471,0.0457645772143363,0.0398677009296549
0.0318834483623505,0.00475699079842456,-0.00253503447437851,0.00281350742082195,-0.0108288676761587,-0.0114103955165404,-0.0108043903269249,0.0379553252400846,0.0458288783532694,0.0398743312684534
0.0301727373152971,0.00331464977409589,-0.00342560508896498,0.00198058093885974,-0.0114565616102429,-0.0122948370879404,-0.0116888052308146,0.0383146491514442,0.0458931794922025,0.039880961607252
0.0263881925493479,-9.39623319416837e-05,-0.00707626315817919,-0.000809204654875264,-0.0121977853028024,-0.0124930249236085,-0.0126901947418274,0.0386799401840919,0.0459574806311356,0.0398875919460506
0.0238366574048996,-0.00253385765182132,-0.00939660810796532,-0.00303763962183335,-0.0126821615546778,-0.0127885162572038,-0.0130199252581162,0.0390526766113987,0.0460217817700687,0.0398942222848491
0.0225318148732185,-0.0043722643302983,-0.0117575320230405,-0.00530911675486901,-0.0125304267171373,-0.0117967360127428,-0.0120599209955601,0.0394345059206541,0.0460860829090018,0.0399008526236477
0.0223196838051081,-0.00605192255881325,-0.0129046432752892,-0.00641840956654263,-0.0114555220415268,-0.0109260569675376,-0.0111693895907956,0.0398271284054482,0.0461503840479349,0.0399074829624463
0.0242733173072338,-0.00660487510601294,-0.0116224903178901,-0.00506661930682892,-0.00935403165333982,-0.0103188775617441,-0.0105741766871821,0.0402322240665866,0.046214685186868,0.0399141133012448
0.0293855480849743,-0.00490342325210262,-0.00711080793203216,-0.000377189217728375,-0.00636240426306877,-0.0097826303087947,-0.0101580063373407,0.0406513756001457,0.0462789863258011,0.0399207436400434
0.031295508146286,-0.00693970927488032,-0.00554737011576115,0.00131085853988684,-0.00285066163302555,-0.00950040920268709,-0.00994272437244278,0.0410858790541919,0.0463432874647343,0.039927373978842
0.0443720743060112,0.00215154613666962,0.00643639505498812,0.0134591251170892,0.000683456628083696,-0.00847190935264428,-0.0090210551287185,0.0415370715412579,0.0464075886036674,0.0399340043176405
0.0602340027689934,0.0146028000556812,0.0208204756054749,0.0280115615621595,0.00362585424753613,-0.007058362579082,-0.00771819344960523,0.0420053484657761,0.0464718897426005,0.0399406346564391
0.0579408444464207,0.0100131679808834,0.0174987769818709,0.0247644219916538,0.00543701233105886,-0.00609412341698379,-0.00677084254047078,0.0424906641344785,0.0465361908815336,0.0399472649952376
0.0484781414270401,-0.000414955948617154,0.00740137595451226,0.0147174079178206,0.00589924970198309,-0.00552372654793887,-0.00619316182481674,0.0429938476736742,0.0466004920204667,0.0399538953340362
0.0417535677552223,-0.00686117996934632,0.000553894413599973,0.00790542840760662,0.00509890733647192,-0.00546511981777747,-0.00611238632521907,0.0435158403880967,0.0466647931593998,0.0399605256728348
0.0445777252316475,-0.00282019466907454,0.0024799513633619,0.00984252000111575,0.00334092119619729,-0.00463132043004734,-0.0052319507811016,0.0440569987045247,0.0467290942983329,0.0399671560116333
0.045923724770546,0.000273434491536039,0.0029749967160075,0.0103527922066396,0.00103366080075312,-0.00384466738272759,-0.00440285378652552,0.0446166294782568,0.046793395437266,0.0399737863504319
0.0424536317586899,-0.00139936401754511,-0.00305031735281872,0.00433428811117333,-0.00134072140297002,-0.00135374746469056,-0.00186107304171392,0.045193717179205,0.0468576965761992,0.0399804166892305
0.0382831618189812,-0.0041971290427587,-0.00962667349154088,-0.00232383947422565,-0.00330688773792751,0.000987837595389783,0.000619954265177782,0.0457871785996674,0.0469219977151323,0.039987047028029
0.0384353436529636,-0.0034489149874929,-0.0115654608393246,-0.00416427166222688,-0.00451137805711224,0.00301450563822285,0.00260593794836292,0.0463956366975688,0.0469862988540654,0.0399936773668276
0.0402028560638428,-0.0020083970059962,-0.012843517737569,-0.0053368694850083,-0.00480591933294182,0.00599577380841325,0.00553941784322492,0.0470171724027808,0.0470505999929985,0.0400003077056262
0.045741081237793,0.00232006649163337,-0.00926352980751498,-0.00172649834669139,-0.0042285460203059,0.00788970991337634,0.00746064154005963,0.0476495607664655,0.0471149011319316,0.0400069380444247
0.0491340681910515,0.00381562183974366,-0.00789903031066224,-0.00032151896857982,-0.00297178628097719,0.00985389623084901,0.00944201877640801,0.048290232632285,0.0471792022708647,0.0400135683832233
0.0476257763803005,-3.84792201356273e-05,-0.0121998417715385,-0.00468610512998379,-0.0012725127752456,0.0125821147420412,0.0122916827882625,0.0489367683756817,0.0472435034097978,0.0400201987220219
0.0531649030745029,0.00290405486409556,-0.00842615318714201,-0.000991482078726968,0.000673714609133756,0.014283251712914,0.0141295560924095,0.0495871336012736,0.0473078045487309,0.0400268290608204
0.0567183792591095,0.0038004904648973,-0.00763025092818831,-9.54727183995925e-05,0.00267884071294455,0.0169765244996338,0.0167803925778901,0.0502390480812677,0.047372105687664,0.040033459399619
0.0551770851016045,-0.000348094851797362,-0.0102609349660787,-0.00267225408170406,0.00463455136019676,0.018001613241086,0.017809249444891,0.0508906285932051,0.0474364068265972,0.0400400897384176
0.0545055270195007,-0.00354733041094261,-0.0127684483054283,-0.00507307119579154,0.00651214930331193,0.0197732673593988,0.0195318781380762,0.0515407081271314,0.0475007079655303,0.0400467200772161
0.0600191354751587,-0.000449502750935197,-0.00743494685312929,0.000212950278757836,0.0082801930599966,0.0198890732238246,0.0197528347803862,0.0521884451660973,0.0475650091044634,0.0400533504160147
0.0609234049916267,-0.00173592492040509,-0.00547216531534844,0.00210034009441624,0.00982634818687943,0.0187662600635787,0.0187630841423973,0.0528329817251524,0.0476293102433965,0.0400599807548132
0.059765987098217,-0.00471434509986463,-0.0052118444505577,0.00225546050908296,0.0110061898494816,0.0172842201664451,0.0174439154955222,0.0534741423486001,0.0476936113823296,0.0400666110936118
0.0628852248191833,-0.00286322310020079,-0.00097945007106514,0.00638730013472684,0.0116361296358934,0.0161067623689858,0.0164246832520461,0.0541123182834908,0.0477579125212627,0.0400732414324104
0.0661608129739761,-7.89396780137772e-05,0.00388407010048543,0.0112094939566445,0.0114918111767884,0.0144545292132949,0.0148714472461227,0.0547479414752015,0.0478222136601958,0.0400798717712089
0.0682831406593323,0.00250496520506807,0.00774398089297351,0.0150294524751779,0.0103964786041144,0.0126526449672298,0.0131671860741469,0.0553816968501498,0.0478865147991289,0.0400865021100075
0.0755195170640945,0.0112115760763049,0.0177749921568854,0.0250741445338865,0.00829342460185988,0.00980078496656647,0.010352240081402,0.0560145163859298,0.0479437399406427,0.0400931324488061
0.0711413323879242,0.00923846065333519,0.016852072505581,0.0239949931638135,0.0052557926301055,0.00628829480018675,0.0070465764365061,0.0566470791044835,0.0480009650821564,0.0400997627876046
0.0654668062925339,0.00658299522041315,0.0153039947278832,0.0226014595685832,0.00160299648928154,0.00210462134098046,0.00275895359754748,0.0572808145828392,0.0480581902236702,0.0401063931264032
0.0558934360742569,0.00018935278066705,0.00963564870418814,0.017007766117842,-0.0022129748014426,-0.00185762799511518,-0.00122735350878691,0.0579170580950324,0.0481154153651839,0.0401130234652018
0.0496430397033691,-0.00323556686914176,0.00603710548646299,0.0133764891079973,-0.00567847288522785,-0.00456670628979153,-0.00385310320862845,0.0585570794577387,0.0481726405066977,0.0401196538040003
0.0472055971622467,-0.00362379577170428,0.0062127957608589,0.0138023172428813,-0.00837210244380653,-0.00723706424682362,-0.00672300422343346,0.0592014953777575,0.0482298656482114,0.0401262841427989
0.0464102774858475,-0.0033828649694447,0.00692609382327904,0.0146222328245378,-0.0100569775951574,-0.00880290712715675,-0.0083448698202878,0.0598501200504496,0.0482870907897252,0.0401329144815975
0.0459891781210899,-0.00380236337035946,0.00681646226317859,0.0144940443705992,-0.0107105270545247,-0.00917160007332758,-0.00864441106990525,0.0605020685459741,0.0483443159312389,0.040139544820396
0.0464069917798042,-0.00424970575987457,0.00768475921230586,0.0153540211572334,-0.0104990470685538,-0.00967930850525431,-0.00909320453662371,0.0611557446082326,0.0484015410727527,0.0401461751591946
0.048044640570879,-0.00404523153743101,0.0101559700447568,0.0179007003857776,-0.00971893066858794,-0.0105700956881443,-0.0100088653128918,0.0618088027768979,0.0484587662142664,0.0401528054979932
0.0590433664619923,0.00529336763572449,0.0207940576713546,0.0285394788481357,-0.00870814106293706,-0.0102666825651425,-0.00965554822293519,0.0624581398892048,0.0485159913557802,0.0401594358367917
0.066879041492939,0.011579007249189,0.0289002629216351,0.0366502882714891,-0.00779936825978757,-0.01059443792599,-0.00993731295414038,0.0630994025035376,0.0485732164972939,0.0401660661755903
0.0693647116422653,0.0127967033955788,0.0312301157084168,0.0390769423719072,-0.00715985557287676,-0.0104958457049592,-0.00988492724403071,0.0637278638195633,0.0486304416388077,0.0401726965143888
0.0631450638175011,0.00555235742310442,0.0258525567652103,0.0337701272912386,-0.00674597568766106,-0.0113951597280307,-0.0108043903269249,0.0643386820820577,0.0486876667803214,0.0401793268531874
0.0568308047950268,-0.00178364759452126,0.0203693163907827,0.0283336528338554,-0.00631281059056041,-0.0122834035175911,-0.0116888052308146,0.0649272629801085,0.0487448919218352,0.040185957191986
0.0562511086463928,-0.00368893918640654,0.0199508854688602,0.0287487158574357,-0.00554876766765987,-0.0125018938858163,-0.0126901947418274,0.0654888155004592,0.0488021170633489,0.0401925875307845
0.059067964553833,-0.00273883009859891,0.0230101888337136,0.0318886719423661,-0.00421133038284339,-0.0128015664847433,-0.0130199252581162,0.0660181250352753,0.0488593422048627,0.0401992178695831
0.0639839321374893,-0.000338122622378507,0.0268756424257084,0.0358380049246678,-0.00218781776132542,-0.0118082776345955,-0.0120599209955601,0.0665098725211932,0.0489165673463764,0.0402058482083817
0.0628782212734222,-0.00455658808075415,0.0248457961207149,0.0338351323170376,0.000475909903052142,-0.0109413673351828,-0.0111693895907956,0.0669588994511243,0.0489737924878902,0.0402124785471802
0.0653975009918213,-0.0055966349795244,0.0267039576996516,0.0357525687930246,0.00363323361096125,-0.0103374743372342,-0.0105741766871821,0.0673609023603844,0.0490310176294039,0.0402191088859788
0.0832678154110909,0.00853782852863471,0.0439970891852266,0.0532000825236542,0.00701802183827361,-0.0098175165450534,-0.0101580063373407,0.0677119650441825,0.0490882427709176,0.0402257392247774
0.0885445177555084,0.0102948730859277,0.0489438053881635,0.0582548725643753,0.0102417285982992,-0.00954475554508649,-0.00994272437244278,0.0680079160712815,0.0491454679124314,0.0402323695635759
0.0884982421994209,0.00719756488574978,0.0478136767662208,0.0572802974257649,0.013054389359162,-0.00851812762074499,-0.0090210551287185,0.0682462879545092,0.0492026930539451,0.0402389999023745
0.0877507999539375,0.00397808114021554,0.0455953348189564,0.0552233631623697,0.0153468013643545,-0.00710445306047775,-0.00771819344960523,0.0684259174493674,0.0492599181954589,0.0402456302411731
0.0870033577084541,0.00133387751022671,0.0438224756836964,0.0535219396689533,0.0171228076274957,-0.00613626131221489,-0.00677084254047078,0.0685466725707318,0.0493171433369726,0.0402522605799716
0.0862559154629707,-0.000816487628517146,0.0424447247390506,0.0521901863690173,0.0184629965134268,-0.00556317775456629,-0.00619316182481674,0.0686094065780611,0.0493743684784864,0.0402588909187702
0.0851391851902008,-0.00295323761507821,0.0412098919921725,0.0509860502578511,0.0194765097567791,-0.0055023004219718,-0.00611238632521907,0.0686159130484999,0.0494315936200001,0.0402655212575687
0.0871962755918503,-0.00162424756062568,0.0423677535152085,0.0521560747765846,0.020251629917521,-0.0046602966848721,-0.0052319507811016,0.068568893234955,0.0494888187615139,0.0402721515963673
0.0887222178280354,-0.00054945323196821,0.0430377556195046,0.052846289679395,0.0208000520145444,-0.00386158169449685,-0.00440285378652552,0.0684716190454592,0.0495460439030276,0.0402787819351659
0.0902481600642204,0.000841059643030849,0.0419857504751614,0.0518238208319699,0.0210790374657857,-0.00134085945548237,-0.00186107304171392,0.0683280629554038,0.0496032690445414,0.0402854122739644
0.0902041171987851,0.0010474801145161,0.0395175951103975,0.0492921203208443,0.0210139099073539,0.00102602790233257,0.000619954265177782,0.0681427271769152,0.0496604941860551,0.040292042612763
0.0901600743333499,0.00169158091517304,0.0373813960014929,0.0472554634334254,0.0205478526383241,0.00306095900428809,0.00260593794836292,0.0679206407798527,0.0497177193275689,0.0402986729515616
0.0901160314679146,0.00277908850062894,0.034308921656806,0.0442713103343295,0.0196698486250675,0.00603216534202599,0.00553941784322492,0.0676670943422181,0.0497749444690826,0.0403053032903601
0.0892095752060413,0.00338717763252787,0.031449191769872,0.041437000036823,0.0184350001711101,0.00792821382557297,0.00746064154005963,0.0673873974024034,0.0498321696105964,0.0403119336291587
0.0883031189441681,0.00425047804513733,0.0285331061902126,0.0385425361998028,0.0169657825675434,0.00988061800184541,0.00944201877640801,0.0670868583314874,0.0498893947521101,0.0403185639679573
0.0838861614465714,0.00169802239019048,0.0213382050079051,0.0312692843515531,0.0154175638194045,0.0126013365450424,0.0122916827882625,0.0667705752369764,0.0499466198936239,0.0403251943067558
0.0783587470650673,-0.00203533519492669,0.0140676231594945,0.0238973663271034,0.0139505468618238,0.0142872788704352,0.0141295560924095,0.0664435353981702,0.0500038450351376,0.0403318246455544
0.077331431210041,-0.0014459093670104,0.0103548507327884,0.020212583647798,0.0126669696810647,0.0169411394048517,0.0167803925778901,0.0661103708959868,0.050035441072401,0.040338454984353
0.0811586305499077,0.00384406399724726,0.013152779795896,0.0230042957818652,0.0115398594909335,0.0179388136443473,0.017809249444891,0.0657747070617269,0.0500670371096644,0.0403450853231515
0.0829555243253708,0.00710435018444107,0.0131632223906328,0.0230719305253445,0.0104119265804424,0.0196936687878103,0.0195318781380762,0.0654392475604873,0.0500986331469277,0.0403517156619501
0.0736264735460281,-0.000554248561289276,0.00370400088991629,0.0135152927648933,0.00907442533043522,0.0197922434719207,0.0197528347803862,0.0651062967768822,0.0501302291841911,0.0403583460007487
0.0675944834947586,-0.00456303169794314,-0.00122594682823057,0.00846642301281413,0.00737928662525559,0.0186586051015347,0.0187630841423973,0.0647782285674462,0.0501618252214545,0.0403649763395472
0.0691586658358574,-0.000498765083878297,0.00175426326787524,0.0113431436619894,0.00520082484522043,0.0172109813092643,0.0174439154955222,0.0644566060745153,0.0501934212587179,0.0403716066783458
0.0700203776359558,0.00342327305307637,0.00370657321756814,0.0132174573667653,0.0024551684912427,0.0160887871224064,0.0164246832520461,0.0641419360916367,0.0502250172959812,0.0403782370171444
0.0625083297491074,-0.000511533057228842,-0.00220438893184644,0.0072520151470417,-0.000814453656585434,0.0144561053477092,0.0148714472461227,0.0638343164629216,0.0502566133332446,0.0403848673559429
0.057944118976593,-0.00120366991583236,-0.00500205092577885,0.00438543520770467,-0.00438622469940197,0.0126579605318639,0.0131671860741469,0.0635340135918274,0.050288209370508,0.0403914976947415
0.0545498989522457,-0.000714867634585973,-0.00557895368188653,0.00379953083730367,-0.00797601477756164,0.00980904722636087,0.010352240081402,0.0632407813643933,0.0503198054077714,0.0403981280335401
0.0523281097412109,0.000663381189148722,-0.00434405963581883,0.00487677493236622,-0.0112895187197855,0.00632076793199501,0.0070465764365061,0.0629542472718477,0.0503514014450348,0.0404047583723386
0.0505817420780659,0.00198893009944837,-0.00193343755227117,0.00741139976938121,-0.0140810531280781,0.00213218214803891,0.00275895359754748,0.0626738651066956,0.0503829974822981,0.0404113887111372
0.050107304006815,0.00390803074825935,0.00151638892186157,0.0109166384656661,-0.0161996554033462,-0.00182367843460812,-0.00122735350878691,0.0623989286619018,0.0504145935195615,0.0404180190499357
0.0443372949957848,-0.000168275341583018,-0.00159129457246139,0.0077657488156789,-0.0176230999250761,-0.00451759998857874,-0.00385310320862845,0.0621286702624439,0.0504461895568249,0.0404246493887343
0.042836744338274,-0.000605396514942926,-0.000423370597003203,0.00912846883417459,-0.0184206021050167,-0.00721767065881106,-0.00672300422343346,0.0618627429582336,0.0504777855940883,0.0404312797275329
0.0423775687813759,-0.00043610233442061,0.000654031599241829,0.0102845285353322,-0.0187869871849164,-0.00878584444921759,-0.0083448698202878,0.0616006583007129,0.0505093816313516,0.0404379100663314
0.0420719794929028,-0.000297016783832576,0.00067033639706187,0.010271850157678,-0.0189730583744697,-0.00913933457277414,-0.00864441106990525,0.0613420546512051,0.050540977668615,0.04044454040513
0.0430632308125496,0.00119907535090478,0.00213494857286916,0.0117052646052447,-0.0192225960846851,-0.00964429146619796,-0.00909320453662371,0.0610867515463299,0.0505725737058784,0.0404511707439286
0.0421808138489723,0.00107691053256449,0.00211851700935699,0.0117318780791369,-0.0197307698992394,-0.0105418729035265,-0.0100088653128918,0.0608346732156472,0.0506041697431418,0.0404578010827271
0.0382134094834328,-0.00178369736678081,-0.00218672011069829,0.00740452628484226,-0.0205889130689388,-0.0102356361862741,-0.00965554822293519,0.0605860199191523,0.0506357657804051,0.0404644314215257
0.0368519760668278,-0.00172254968307186,-0.00325341673519799,0.00631822726064389,-0.0217667839276113,-0.0105619690156428,-0.00993731295414038,0.060341309677511,0.0506673618176685,0.0404710617603243
0.0367012061178684,-0.000239879104321192,-0.00352500623180189,0.00610844126277631,-0.0231598877993961,-0.0104727455052616,-0.00988492724403071,0.0601009730215857,0.0506989578549319,0.0404776920991228
0.0363040529191494,0.00103386354075588,-0.00304657703352488,0.00662412080815292,-0.0245951550832278,-0.011379923939521,-0.0108043903269249,0.0598653444616213,0.0507305538921953,0.0404843224379214
0.0354419350624084,0.00165724270679179,-0.00304824491980844,0.0066397875165031,-0.0258500178374526,-0.0122719699472418,-0.0116888052308146,0.0596347101930692,0.0507621499294587,0.04049095277672
0.0345782861113548,0.00184738544601818,-0.00370893675149028,0.00677089773766372,-0.0266783318721038,-0.0125065231038769,-0.0126901947418274,0.0594092325374404,0.050793745966722,0.0404975831155185
0.0334083437919617,0.00104422619799561,-0.00460194711624721,0.00592405559576076,-0.0268247427453712,-0.0128150510957765,-0.0130199252581162,0.0591888603393373,0.0508253420039854,0.0405042134543171
0.0337113365530968,0.000786458351646594,-0.00532397147470882,0.00526041375554126,-0.0260484230878026,-0.0118216300134432,-0.0120599209955601,0.0589733012892528,0.0508569380412488,0.0405108437931157
0.0364634357392788,0.00185974799069552,-0.00346493648768816,0.00711535119816013,-0.0241581613753768,-0.0109601618515452,-0.0111693895907956,0.0587618491239601,0.0508885340785122,0.0405174741319142
0.0394984818994999,0.00198632568086168,-0.0010602291546505,0.0095485541159692,-0.0210411395121673,-0.0103614190616252,-0.0105741766871821,0.0585532957308055,0.0509201301157755,0.0405241044707128
0.0396574214100838,-0.0020128352545115,-0.00143569643842469,0.00928469293791315,-0.0166758069635473,-0.00985860830453047,-0.0101580063373407,0.0583460636281426,0.0509517261530389,0.0405307348095113
0.0362675040960312,-0.0107303935477826,-0.00511676440880721,0.00567286332016406,-0.0111405375131318,-0.0095990536854639,-0.00994272437244278,0.0581384351569457,0.0509833221903023,0.0405373651483099
0.0421016961336136,-0.011196280585956,-0.000338376873092697,0.0105787557752236,-0.00463065871266573,-0.00857484522085939,-0.0090210551287185,0.0579286354322353,0.0510149182275657,0.0405439954871085
0.0556938089430332,-0.00447783622989479,0.0118059711719518,0.0228613765667314,0.00245760578661368,-0.00715867649374765,-0.00771819344960523,0.0577140393863143,0.0510465142648291,0.040550625825907
0.0676829591393471,0.000629069108575596,0.022789623531535,0.0338965455151123,0.00956254190712297,-0.00618477469428033,-0.00677084254047078,0.0574913481236485,0.0510781103020924,0.0405572561647056
0.0846497118473053,0.0113032280736214,0.0391450833286279,0.0502789871686179,0.016089177365487,-0.00560507782067839,-0.00619316182481674,0.0572573064081969,0.0511097063393558,0.0405638865035042
0.0911504477262497,0.0126827514721642,0.0455508959860044,0.056692317209166,0.0214592825702438,-0.00554175063637392,-0.00611238632521907,0.0570084136838417,0.0511413023766192,0.0405705168423027
0.0877845883369446,0.00573914098833119,0.0412971316016455,0.0524393919369449,0.0253033795674151,-0.00468544167858349,-0.0052319507811016,0.0567420677811983,0.0511728984138826,0.0405771471811013
0.0794966220855713,-0.0044725157615292,0.0322201223719682,0.0433156983521969,0.0275124658829015,-0.0038723157120146,-0.00440285378652552,0.056456671964199,0.0511488154256177,0.0405837775198999
0.0794663280248642,-0.00490081316574979,0.0296637967699328,0.0407369932078797,0.0282157349237856,-0.00132220118242133,-0.00186107304171392,0.0561514062668284,0.0511247324373528,0.0405904078586984
0.0789096280932426,-0.00458022131448937,0.0267281143884464,0.0376926356305679,0.0276644410373727,0.00108086425570843,0.000619954265177782,0.0558254083703593,0.0511006494490879,0.040597038197497
0.0795020014047623,-0.00220690506007969,0.0253072984244414,0.0362923949201038,0.0262304722224382,0.00311813651949786,0.00260593794836292,0.0554784342424037,0.051076566460823,0.0406036685362956
0.0787157565355301,-0.000716537020499605,0.0215937836689556,0.032566039817211,0.024321512982013,0.00606948939401648,0.00553941784322492,0.0551107805740167,0.0510524834725581,0.0406102988750941
0.077144518494606,0.000100676076760568,0.018148984518316,0.0290669477406537,0.0223203948435733,0.00796713349199692,0.00746064154005963,0.0547234475742722,0.0510284004842931,0.0406169292138927
0.077845111489296,0.00301231978155121,0.0169280026742529,0.0277795331601967,0.0205146879908231,0.00991279131901482,0.00944201877640801,0.0543181037169216,0.0510043174960283,0.0406235595526913
0.0724214762449265,-0.000516757486162985,0.00880872463913199,0.0194996035651742,0.0190413614180012,0.0126325170980311,0.0122916827882625,0.0538968723130882,0.0509802345077634,0.0406301898914898
0.0709040910005569,-0.000495437334331286,0.00563973398736311,0.0161377146778591,0.0179367444154949,0.0143082054936954,0.0141295560924095,0.0534627839193933,0.0509561515194984,0.0406368202302884
0.0679097920656204,-0.00220721238159084,6.84109735544086e-05,0.0104859489186434,0.0170979219571014,0.0169093125608325,0.0167803925778901,0.0530190824901098,0.0509320685312335,0.0406434505690869
0.0664233267307281,-0.00250422571177716,-0.00236050551465055,0.00796399637795167,0.0163580761400951,0.0178758467024101,0.017809249444891,0.0525694763024102,0.0509079855429686,0.0406500809078855
0.0696210339665413,0.00198815945584292,-0.000871671004616367,0.00943244458178106,0.0155150437031992,0.0196088024164539,0.0195318781380762,0.0521178308074992,0.0508839025547037,0.0406567112466841
0.0668260529637337,0.000799060220522884,-0.00372368964924669,0.00640987659786486,0.0143592178051668,0.0196899230465415,0.0197528347803862,0.051667774938044,0.0508598195664388,0.0406633415854826
0.0620290786027908,-0.00197394144742595,-0.00734968487290182,0.00259602253611237,0.0127797129348607,0.0185430268975187,0.0187630841423973,0.0512233071153561,0.0508357365781739,0.0406699719242812
0.0573154427111149,-0.00423129750248617,-0.0106350862512985,-0.000805075047487121,0.0107583939263715,0.0171388753725044,0.0174439154955222,0.0507883462872296,0.050811653589909,0.0406766022630798
0.059039905667305,0.000322417815637464,-0.0078333350123421,0.00193198981338051,0.00835098277202215,0.016085670078003,0.0164246832520461,0.0503665050796454,0.0507875706016441,0.0406832326018783
0.0582847595214844,0.00269772964588856,-0.00695639125964515,0.00272344933468473,0.00562660753072954,0.0144776631677503,0.0148714472461227,0.0499604223448663,0.0507634876133792,0.0406898629406769
0.0501405671238899,-0.00214598651749787,-0.013279823426824,-0.0037231122297324,0.00271397289446656,0.0126809859255996,0.0131671860741469,0.0495725807469212,0.0507394046251143,0.0406964932794755
0.0468429550528526,-0.002176715680034,-0.0137074172199702,-0.00421240864682339,-0.000185755054820987,0.00983505063597338,0.010352240081402,0.0492054257877076,0.0507153216368494,0.040703123618274
0.0453055240213871,-0.000650916377887501,-0.0117773307086886,-0.0024508063721916,-0.00290405043774943,0.00639161608149121,0.0070465764365061,0.048860490837024,0.0506912386485845,0.0407097539570726
0.0435738116502762,0.000343884059904185,-0.00927707364347048,9.84737568575393e-05,-0.00530856068352268,0.00218372963342703,0.00275895359754748,0.0485384882738947,0.0506671556603196,0.0407163842958712
0.0412096530199051,0.000276978127126458,-0.00766201556954167,0.00171399189402227,-0.00730675788082001,-0.00177140408260796,-0.00122735350878691,0.0482394327735986,0.0506430726720547,0.0407230146346697
0.039308212697506,0.000198350603813952,-0.00686441820688176,0.00243167093266612,-0.00885292897569162,-0.00444635877940212,-0.00385310320862845,0.0479627910693836,0.0506189896837898,0.0407296449734683
0.0387056320905685,0.000959857689233715,-0.00469250837817598,0.00469236100173515,-0.00996175457006189,-0.0071967662267804,-0.00672300422343346,0.0477075289713967,0.0505949066955249,0.0407362753122669
0.0372384190559387,0.000474370422394779,-0.00455836648608589,0.0048403832251611,-0.0107080089219866,-0.0087740381652354,-0.0083448698202878,0.0474720575555305,0.05057082370726,0.0407429056510654
0.0363649949431419,0.000313218366499782,-0.0050728730159687,0.0042598700231832,-0.0112026645175079,-0.00910887275988449,-0.00864441106990525,0.04725444109415,0.0505467407189951,0.040749535989864
0.0351032614707947,-0.000361641086648316,-0.00581315215969305,0.00344029967875584,-0.0115875190642455,-0.00960624410024249,-0.00909320453662371,0.0470524216216885,0.0505226577307302,0.0407561663286626
0.0333966687321663,-0.00146606080772285,-0.00659005661529005,0.00264273737759694,-0.0120010071622058,-0.010511849395009,-0.0100088653128918,0.046863736702095,0.0504985747424653,0.0407627966674611
0.0315253734588623,-0.00260563172136531,-0.00875292096583669,0.000411494675537815,-0.0125552173538823,-0.0101961973295014,-0.00965554822293519,0.0466862225341099,0.0504744917542004,0.0407694270062597
0.0307129714637995,-0.0024896973255299,-0.00922321864929468,-0.000125772927118383,-0.0133151468978852,-0.0105142186528414,-0.00993731295414038,0.0465178156872146,0.0504504087659355,0.0407760573450582
0.0307832509279251,-0.00128794891236677,-0.00920714594011973,-0.000114509511900986,-0.014285413154232,-0.0104359289096258,-0.00988492724403071,0.0463566129945238,0.0504263257776706,0.0407826876838568
0.0292948000133038,-0.00150606991677995,-0.00974993610566856,-0.000690127682426697,-0.0154001318184107,-0.0113575066704334,-0.0108043903269249,0.0462010017484945,0.0504022427894057,0.0407893180226554
0.0289057418704033,-0.000627491363051607,-0.00921380627987577,-0.000201401260236033,-0.016516698243637,-0.0122586116508618,-0.0116888052308146,0.0460499314770918,0.0503781598011408,0.0407959483614539
0.0283319987356663,-0.000111899793876352,-0.0095109257552721,0.00021961477724119,-0.0174589047334452,-0.0125111523219375,-0.0126901947418274,0.0459028032629878,0.0503540768128759,0.0408025787002525
0.0282549206167459,0.000545414451171872,-0.00924653750105525,0.000465636835811059,-0.0180500621702691,-0.0128285357068098,-0.0130199252581162,0.0457595683358432,0.050329993824611,0.0408092090390511
0.0287361796945333,0.0012742833300857,-0.00973474874952187,-1.9738687756142e-05,-0.0181587676704083,-0.0118349823922909,-0.0120599209955601,0.0456206640348559,0.0503059108363461,0.0408158393778496
0.028213519603014,0.000460182190265619,-0.0110893518771596,-0.00143956052283865,-0.0177336488558539,-0.0109789563679076,-0.0111693895907956,0.0454869862686023,0.0502818278480812,0.0408224697166482
0.0278949160128832,-0.000645504704230453,-0.0119353433737734,-0.00236000735538149,-0.0168194533241601,-0.0103853637860161,-0.0105741766871821,0.0453598740412737,0.0502156231726727,0.0408291000554468
0.0296363420784473,-3.38890643410764e-05,-0.0106133763548094,-0.00104138197845727,-0.0155706824041331,-0.00989970006400753,-0.0101580063373407,0.0452409135469215,0.0501494184972642,0.0408357303942453
0.031313132494688,0.000414455128811563,-0.00911672950132639,0.000413496134086923,-0.0142331810895261,-0.00965335182584132,-0.00994272437244278,0.0451318584554025,0.0500832138218557,0.0408423607330439
0.0312073417007923,-0.000753927206285528,-0.0101781046246811,-0.000620594242331646,-0.0130732683381164,-0.00863156282097379,-0.0090210551287185,0.0450345372451942,0.0500170091464473,0.0408489910718425
0.0307560972869396,-0.00189238059825656,-0.0119818072570816,-0.00238133067409617,-0.0123023398275224,-0.00721289992701754,-0.00771819344960523,0.0449508177127186,0.0499508044710388,0.040855621410641
0.0318721756339073,-0.00098554095140951,-0.0117791360853772,-0.00221923357506148,-0.0120246735821596,-0.00623328807634578,-0.00677084254047078,0.0448823901674764,0.0498845997956303,0.0408622517494396
0.0338692739605904,0.00124860374620151,-0.0103021432728409,-0.000806446302831042,-0.0122098383026733,-0.0056469778867905,-0.00619316182481674,0.0448305085170621,0.0498183951202218,0.0408688820882381
0.033125102519989,0.0010051778415225,-0.0110458870740482,-0.00163802358182863,-0.0126760086982535,-0.00558120085077605,-0.00611238632521907,0.04479593337672,0.0497521904448133,0.0408755124270367
0.0328313335776329,0.00113902032429141,-0.012144065519477,-0.00281885840710078,-0.0130867378322048,-0.00471058667229488,-0.0052319507811016,0.0447790510855463,0.0496859857694048,0.0408821427658353
0.0325245335698128,0.000769565130747094,-0.0132121977946512,-0.00396138574829555,-0.0130245896475861,-0.00388304972953235,-0.00440285378652552,0.0447795580866518,0.0496197810939963,0.0408887731046338
0.0331900119781494,0.000460915343778453,-0.0150600215310781,-0.00584431842356908,-0.0120673605828286,-0.0013035429093603,-0.00186107304171392,0.0447964572171996,0.0495535764185878,0.0408954034434324
0.0333234071731567,-0.00162801893812538,-0.0172996651791069,-0.00819858087425201,-0.0098765493413582,0.00113570060908428,0.000619954265177782,0.0448279754526403,0.0494873717431794,0.040902033782231
0.0360902138054371,-0.00252381908552345,-0.0165062672970414,-0.00742438826395537,-0.00625763469760111,0.00317531403470763,0.00260593794836292,0.0448716675885616,0.0494211670677709,0.0409086641210295
0.0393612906336784,-0.00433697060272659,-0.0161004852046909,-0.00709342166937458,-0.0012260080349588,0.00610681344600698,0.00553941784322492,0.0449242692713638,0.0493549623923624,0.0409152944598281
0.0409766547381878,-0.00900168020803788,-0.016318156137187,-0.00740591160049851,0.00499636908225803,0.00800605315842087,0.00746064154005963,0.0449819658639676,0.0492887577169539,0.0409219247986267
0.0569874718785286,-7.23796659536161e-05,-0.00218004579920104,0.00661689796469535,0.012019214260498,0.00994496463618423,0.00944201877640801,0.0450406372839842,0.0492225530415454,0.0409285551374252
0.069515660405159,0.00518777166953741,0.00769561438800229,0.0162887921406727,0.0192329474694854,0.0126636976510198,0.0122916827882625,0.0450949412661361,0.0491563483661369,0.0409351854762238
0.0702475979924202,-0.00089247288764658,0.00682832218473615,0.0151762260849883,0.0260004150645407,0.0143291321169556,0.0141295560924095,0.0451396558155261,0.0490901436907284,0.0409418158150224
0.0845783799886703,0.00761997485571735,0.0186769552565372,0.0268495412569593,0.0317878968261625,0.0168774857168132,0.0167803925778901,0.0451705083067905,0.0490239390153199,0.0409484461538209
0.0836871628250394,0.00243943993937892,0.0169165487246552,0.024922836887529,0.0360652142608612,0.0178128797604728,0.017809249444891,0.0451825086247994,0.0489577343399115,0.0409550764926195
0.0827959456614086,-0.000914455916342469,0.0143804799518081,0.0223023606919144,0.0385381125675842,0.0195239360450975,0.0195318781380762,0.0451722890101668,0.048891529664503,0.0409617068314181
0.0819047284977777,-0.00230355803519507,0.0134918008875209,0.0211835565471749,0.039071197210212,0.0195876026211623,0.0197528347803862,0.0451370893227608,0.0488253249890945,0.0409683371702166
0.0810135113341468,-0.00174674942696671,0.013826942326958,0.0212754596827343,0.037685369352294,0.0184274486935027,0.0187630841423973,0.0450748914088194,0.048759120313686,0.0409749675090152
0.0801222941705159,0.000593718974912436,0.0143626090964939,0.0216967808271799,0.0345439872695632,0.0170667694357445,0.0174439154955222,0.0449845879260402,0.0486929156382775,0.0409815978478137
0.079231077006885,0.00443934044365389,0.0145218130104165,0.0218181655682265,0.0299257254485096,0.0160825530335995,0.0164246832520461,0.0448660111147215,0.048626710962869,0.0409882281866123
0.0783398598432541,0.00942653334381493,0.0152801325680021,0.0224735540717205,0.0241932382551867,0.0144992209877914,0.0148714472461227,0.0447200882442524,0.0485605062874605,0.0409948585254109
0.0656947046518326,0.00338297430904907,0.0044963917204453,0.0115260297134763,0.0177629898802103,0.0127040113193352,0.0131671860741469,0.0445487404625732,0.048494301612052,0.0410014888642094
0.0506126433610916,-0.00488695232565726,-0.00767650762113783,-0.000747715923318383,0.0111441032713835,0.00986105404558589,0.010352240081402,0.0443554924153654,0.0484280969366436,0.041008119203008
0.0425321683287621,-0.00644534951911251,-0.0122921881634604,-0.00552915764955062,0.00483272970601858,0.00646246423098741,0.0070465764365061,0.044144788141856,0.0483618922612351,0.0410147495418066
0.0401664078235626,-0.00296188889315045,-0.0103645568810791,-0.00361392565459,-0.000793165124843154,0.00223527711881515,0.00275895359754748,0.0439214618415562,0.0482956875858266,0.0410213798806051
0.0363850668072701,-0.0018053774087894,-0.0101252863725402,-0.00341558990334674,-0.00550017963240886,-0.0017191297306078,-0.00122735350878691,0.0436906238484683,0.0482294829104181,0.0410280102194037
0.03370351344347,-0.000589705048071515,-0.0100846472213141,-0.00347802390610382,-0.00916467374982565,-0.0043751175702255,-0.00385310320862845,0.0434578922413672,0.0481632782350096,0.0410346405582023
0.0320868715643883,0.000644550431217699,-0.0088343402004631,-0.0022313951091791,-0.0117866903590213,-0.00717586179474975,-0.00672300422343346,0.0432290114921919,0.0480970735596011,0.0410412708970008
0.0313493087887764,0.00181620451463725,-0.00791932821416301,-0.00135372262673521,-0.0134765650524496,-0.00876223188125322,-0.0083448698202878,0.0430096693265887,0.0480308688841926,0.0410479012357994
0.0305499397218227,0.00217690464420344,-0.00833631353996656,-0.00186018078286998,-0.0144321877085368,-0.00907841094699484,-0.00864441106990525,0.0428052227861561,0.0479646642087841,0.041054531574598
0.0295162443071604,0.00179218600650857,-0.00881401849192825,-0.00245171306961244,-0.0148965190432606,-0.00956819673428702,-0.00909320453662371,0.0426205773439124,0.0478984595333757,0.0410611619133965
0.0290510430932045,0.00170626224155642,-0.00829938587827116,-0.00200788384609884,-0.0151152797949406,-0.0104818258864915,-0.0100088653128918,0.0424600606465887,0.0478322548579672,0.0410677922521951
0.0288828536868095,0.00185695615475382,-0.00873371426855638,-0.00253602068124893,-0.0153013320113682,-0.0101567584727288,-0.00965554822293519,0.0423272295434239,0.0477733264280947,0.0410744225909937
0.0281502492725849,0.00152438966429981,-0.00909768043559732,-0.00299349070306692,-0.0155988422402865,-0.0104664682900399,-0.00993731295414038,0.0422247018485716,0.0477143979982222,0.0410810529297922
0.0276844538748264,0.00159091245520491,-0.00957190337953331,-0.00351830214973364,-0.0160607439021485,-0.01039911231399,-0.00988492724403071,0.04215428532177,0.0476554695683497,0.0410876832685908
0.0260847043246031,0.000616480532747554,-0.0101767474125283,-0.00420521895586136,-0.0166485602507616,-0.0113350894013458,-0.0108043903269249,0.0421167840426172,0.0475965411384772,0.0410943136073894
0.0249772127717733,0.000105148949442066,-0.0103151465823497,-0.00443492594359997,-0.0172399293892058,-0.0122452533544817,-0.0116888052308146,0.0421119932115371,0.0475376127086047,0.0411009439461879
0.0249889083206654,0.000519233656133516,-0.00997399441806871,-0.00342847122249371,-0.0176689528399671,-0.0125157815399982,-0.0126901947418274,0.0421386275044989,0.0474786842787322,0.0411075742849865
0.0259364023804665,0.00151737867095439,-0.0086413331505502,-0.00215787698520241,-0.0177753000924859,-0.0128420203178431,-0.0130199252581162,0.0421943238019979,0.0474197558488597,0.0411142046237851
0.0262962952256203,0.00145994160444198,-0.00921619742222839,-0.0027646187414032,-0.0174394017324457,-0.0118483347711386,-0.0120599209955601,0.042275755353624,0.0473608274189872,0.0411208349625836
0.0250678844749928,-0.00072707645395189,-0.011236263629852,-0.00489019123559387,-0.0165838803070631,-0.01099775088427,-0.0111693895907956,0.0423788412360078,0.0473018989891148,0.0411274653013822
0.0248611774295568,-0.00245919992183378,-0.0119724846192783,-0.0056987415234418,-0.0151786317977145,-0.0104093085104071,-0.0105741766871821,0.0424990091491051,0.0472429705592423,0.0411340956401807
0.0268130749464035,-0.00257249230247564,-0.0104301753594817,-0.00416964469523508,-0.0132456351191665,-0.00994079182348459,-0.0101580063373407,0.0426312023680456,0.0471840421293698,0.0411407259789793
0.0342413224279881,0.00231369191744247,-0.00317614130529049,0.00303669048265296,-0.0108423368433383,-0.00970764996621874,-0.00994272437244278,0.0427699673538839,0.0471251136994973,0.0411473563177779
0.0407534725964069,0.00589751267387614,0.00237556774787034,0.008620541068549,-0.00805346042854592,-0.00868828042108819,-0.0090210551287185,0.0429094203510767,0.0470661852696248,0.0411539866565764
0.0439831875264645,0.00585944113961853,0.0042430540469996,0.0105407639806947,-0.00492012276340653,-0.00726712336028744,-0.00771819344960523,0.0430438691502525,0.0470072568397523,0.041160616995375
0.0434903912246227,0.00175140529502473,0.00282386427315413,0.00909398643091994,-0.00142917206490128,-0.00628180145841122,-0.00677084254047078,0.0431681579944993,0.0469483284098798,0.0411672473341736
0.0417116433382034,-0.00402881602761107,0.000511121311098713,0.00673092749004804,0.00246260811407511,-0.0056888779529026,-0.00619316182481674,0.0432778512517394,0.0468893999800073,0.0411738776729721
0.0414949730038643,-0.00864417054559066,0.000285152518907636,0.00642685131731266,0.00676991387234638,-0.00562065106517818,-0.00611238632521907,0.0433692296771086,0.0468304715501348,0.0411805080117707
0.0517927519977093,-0.00306028132005057,0.00975694054345321,0.0158375644282416,0.0114138069547383,-0.00473573166600627,-0.0052319507811016,0.0434392263630215,0.0467715431202623,0.0411871383505693
0.0617895796895027,0.00216511977374886,0.018970748746163,0.0249986647866604,0.0161395425427371,-0.0038937837470501,-0.00440285378652552,0.0434849173730167,0.0467126146903898,0.0411937686893678
0.0649053081870079,0.000805351963838831,0.0195365065627898,0.0255659822005554,0.0205956544907854,-0.00128488463629926,-0.00186107304171392,0.0435043017323837,0.0466536862605174,0.0412003990281664
0.0763489827513695,0.00843580446028909,0.0285636879582645,0.0345219991192267,0.0244164892998262,0.00119053696246013,0.000619954265177782,0.0434966889912542,0.0465947578306449,0.041207029366965
0.0771347284317017,0.0064877531724991,0.0273664074810119,0.0333151307775752,0.0271852952185674,0.0032324915499174,0.00260593794836292,0.0434616800406352,0.0465358294007724,0.0412136597057635
0.0731555446982384,0.00112705967963864,0.020534506229341,0.0263958368104514,0.0286279577689842,0.00614413749799747,0.00553941784322492,0.0434005272496156,0.0464769009708999,0.0412202900445621
0.0750370770692825,0.00308835378205301,0.0205741317034103,0.0263495151458623,0.0286330356486919,0.00804497282484482,0.00746064154005963,0.0433156876385376,0.0464179725410274,0.0412269203833606
0.0735591277480125,0.00313548117128268,0.017222945683504,0.0228835582494453,0.0272137672888698,0.00997713795335365,0.00944201877640801,0.0432098792878601,0.0463590441111549,0.0412335507221592
0.0667823106050491,-0.000873120415897155,0.00778731671975825,0.0132504467558289,0.0245688984301873,0.0126948782040085,0.0122916827882625,0.043086532590759,0.0463001156812824,0.0412401810609578
0.062310665845871,-0.00170267351395063,0.0017194198542452,0.00693429835370514,0.0210635936463759,0.0143500587402159,0.0141295560924095,0.0429497457134457,0.0462411872514099,0.0412468113997563
0.056745357811451,-0.00317916392524536,-0.00628255988288046,-0.00128847650499405,0.017120937103005,0.016845658872794,0.0167803925778901,0.0428035846336913,0.0461822588215374,0.0412534417385549
0.0547296181321144,-0.00109290968953094,-0.00914362507808604,-0.00433970339013004,0.0131703439508252,0.0177499128185355,0.017809249444891,0.0426521838708202,0.0461233303916649,0.0412600720773535
0.0533062368631363,0.001255975731971,-0.0121972347723973,-0.0074923436910919,0.00955096948851757,0.0194390696737412,0.0195318781380762,0.0424992916426477,0.0460644019617924,0.041266702416152
0.0510332882404327,0.00220074276237062,-0.0144574674872703,-0.00999287929490404,0.0064843206926193,0.0194852821957831,0.0197528347803862,0.0423482247854428,0.04600547353192,0.0412733327549506
0.0428814925253391,-0.00338638164549939,-0.0213769230661951,-0.0171615547108073,0.00406599631727976,0.0183118704894868,0.0187630841423973,0.0422018778535588,0.0459465451020475,0.0412799630937492
0.0398571342229843,-0.00451173710921809,-0.0230251459481753,-0.0188733747050856,0.00230577851556897,0.0169946634989846,0.0174439154955222,0.0420630928166334,0.045887616672175,0.0412865934325477
0.0399432182312012,-0.0030730693224224,-0.0219649060002973,-0.0177746887921913,0.0010824751359211,0.016079435989196,0.0164246832520461,0.0419338124177025,0.0458286882423025,0.0412932237713463
0.0421966128051281,0.000187047449819775,-0.0180939258151344,-0.0139746885511395,0.000194391752968299,0.0145207788078325,0.0148714472461227,0.04181517360234,0.04576975981243,0.0412998541101449
0.0455936342477798,0.00447470747241991,-0.0128442338478486,-0.00888003627531044,-0.000588655254653858,0.0127270367130709,0.0131671860741469,0.0417075820300138,0.0457108313825575,0.0413064844489434
0.0452184975147247,0.00508297692318061,-0.0103204628931587,-0.00644685735441925,-0.00147525239417148,0.0098870574551984,0.010352240081402,0.0416107729857156,0.045651902952685,0.041313114787742
0.0416841357946396,0.0027510732529289,-0.0104541689696937,-0.00668218576840707,-0.0025912264008153,0.00653331238048362,0.0070465764365061,0.041524288942526,0.0456049923838496,0.0413197451265406
0.0401373356580734,0.00266304932895223,-0.00770757076114408,-0.00394799340481318,-0.00397310697633847,0.00228682460420327,0.00275895359754748,0.0414473933054597,0.0455580818150142,0.0413263754653391
0.0369108505547047,0.00113864463731728,-0.00693346531286653,-0.00319480174064611,-0.00560664382944888,-0.00166685537860764,-0.00122735350878691,0.0413788497468363,0.0455111712461788,0.0413330058041377
0.0331779718399048,-0.000720934584757377,-0.00798241247638978,-0.00430856109440301,-0.0074184841866688,-0.00430387636104888,-0.00385310320862845,0.041317390611331,0.0454642606773434,0.0413396361429363
0.029590243473649,-0.0023717712124898,-0.00867214927213993,-0.00503301878465233,-0.00929950546015009,-0.00715495736271909,-0.00672300422343346,0.0412615201462889,0.0454173501085081,0.0413462664817348
0.0285017676651478,-0.00158486469147217,-0.00811824627725385,-0.0045062593350978,-0.0111232657453676,-0.00875042559727103,-0.0083448698202878,0.0412098981019875,0.0453704395396727,0.0413528968205334
0.027468379586935,-0.000920942633943196,-0.00880720024979703,-0.00524673650249165,-0.0127716152264641,-0.00904794913410519,-0.00864441106990525,0.0411609374473423,0.0453235289708373,0.0413595271593319
0.0265325382351875,-0.000455583866307374,-0.00921393079848279,-0.00574041472631926,-0.0141251232211956,-0.00953014936833155,-0.00909320453662371,0.0411132453226905,0.0452766184020019,0.0413661574981305
0.0277753081172705,0.00178068287766869,-0.00700259733792198,-0.00358861440676684,-0.0150711454802854,-0.010451802377974,-0.0100088653128918,0.0410657707198871,0.0452297078331665,0.0413727878369291
0.0287537127733231,0.00326241905993068,-0.00631176487505194,-0.0029701571794694,-0.0155264861972239,-0.0101173196159561,-0.00965554822293519,0.0410177799106163,0.0451827972643311,0.0413794181757276
0.0287945792078972,0.00326026571209569,-0.00592258956035997,-0.00265415635248864,-0.0154347181350533,-0.0104187179272385,-0.00993731295414038,0.0409690316308548,0.0451358866954957,0.0413860485145262
0.0269578639417887,0.000823245369308601,-0.0077688164665175,-0.00454988766750539,-0.0147852289726628,-0.0103622957183541,-0.00988492724403071,0.0409198475451429,0.0450889761266603,0.0413926788533248
0.024214893579483,-0.00302656298052786,-0.0095144998460837,-0.00638002528571539,-0.0136297273698395,-0.0113126721322582,-0.0108043903269249,0.0408711839298504,0.0450420655578249,0.0413993091921233
0.0235458258539438,-0.00518622876907743,-0.00921743407694399,-0.00617130844616346,-0.0120924714175201,-0.0122318950581017,-0.0116888052308146,0.0408245260405413,0.0449951549889895,0.0414059395309219
0.0235383678227663,-0.00685631815861734,-0.00888946583932906,-0.00518400730512674,-0.0103869000274426,-0.0125204107580588,-0.0126901947418274,0.0407815860088262,0.0449482444201541,0.0414125698697205
0.0268689375370741,-0.00510525141212872,-0.0051768913853683,-0.00153033741332876,-0.0087701771787342,-0.0128555049288763,-0.0130199252581162,0.040744366127937,0.0449013338513187,0.041419200208519
0.038713876157999,0.0055132437062534,0.00572114002550198,0.00934796660624159,-0.0075142502781157,-0.0118616871499863,-0.0120599209955601,0.0407148827298613,0.0448544232824833,0.0414258305473176
0.0444172285497189,0.0106034204874389,0.0106262612367033,0.0141541572543983,-0.00688084802742099,-0.0110165454006324,-0.0111693895907956,0.040694656089701,0.0448075127136479,0.0414324608861162
0.0400447472929955,0.00633336780792313,0.00571739838298097,0.00917983275526282,-0.00697423023453237,-0.0104332532347981,-0.0105741766871821,0.0406856097196047,0.0447606021448125,0.0414390912249147
0.0321152284741402,-0.000883060202987033,-0.00261657951887533,0.000827513247767602,-0.00769189718852479,-0.00998188358296166,-0.0101580063373407,0.040690185865652,0.0447136915759772,0.0414457215637133
0.0291553288698196,-0.0027718738060085,-0.00574950403072597,-0.00235429866024943,-0.00878358156376753,-0.00976194810659616,-0.00994272437244278,0.0407107842395957,0.0446667810071418,0.0414523519025119
0.0290819089859724,-0.00171290856112682,-0.00679296343113137,-0.00335601812661952,-0.00995425944163828,-0.0087449980212026,-0.0090210551287185,0.0407490769887375,0.0446198704383064,0.0414589822413104
0.0285776443779469,-0.00132271693342604,-0.00867396869796679,-0.00516977475255689,-0.0109056746394414,-0.00732134679355733,-0.00771819344960523,0.0408060359508143,0.044572959869471,0.041465612580109
0.0282619930803776,-0.00124872191051901,-0.00993374137978135,-0.00643940729805919,-0.0113713805866283,-0.00633031484047666,-0.00677084254047078,0.0408820955775249,0.0445260493006356,0.0414722429189075
0.0283219423145056,-0.0014901511929441,-0.0104264183982799,-0.00696376911838379,-0.011164898491852,-0.0057307780190147,-0.00619316182481674,0.0409769919993016,0.0444791387318002,0.0414788732577061
0.0291058644652367,-0.00177965313994323,-0.00966626241814783,-0.00626725280604895,-0.010204225102968,-0.0056601012795803,-0.00611238632521907,0.0410897427081479,0.0444322281629648,0.0414855035965047
0.0307941846549511,-0.00191787542875769,-0.00883025627946065,-0.00546599849925054,-0.00850660815029235,-0.00476087665971766,-0.0052319507811016,0.0412186682340011,0.0443853175941294,0.0414921339353032
0.0346054285764694,-0.000598129243739217,-0.00582846068425674,-0.00249048191110686,-0.00615783337772109,-0.00390451776456785,-0.00440285378652552,0.0413613911979297,0.044338407025294,0.0414987642741018
0.0395849049091339,0.00134839837705315,-0.00344036518408648,-5.94166620525381e-05,-0.00327835638504263,-0.00126622636323823,-0.00186107304171392,0.0415148629171234,0.0442914964564586,0.0415053946129004
0.0454349480569363,0.00374361149675152,-5.50111465229472e-05,0.00330296884005955,1.58363316289228e-05,0.00124537331583598,0.000619954265177782,0.0416755002285558,0.0442445858876232,0.0415120249516989
0.0497025027871132,0.0042320008907306,0.00221515840319818,0.00557790954825277,0.00363121644636959,0.00328966906512717,0.00260593794836292,0.041839285450013,0.0441976753187878,0.0415186552904975
0.0535502731800079,0.00403954074086241,0.00321804688006753,0.00648556970748695,0.00750860479957948,0.00618146154998796,0.00553941784322492,0.042002127639566,0.0441507647499524,0.0415252856292961
0.0510416328907013,-0.0027086122073411,-0.00114611378168452,0.00204907538254703,0.0115904627198101,0.00808389249126876,0.00746064154005963,0.0421597823782323,0.044103854181117,0.0415319159680946
0.0502591766417027,-0.00787288569870897,-0.00380707824110207,-0.000721388441598553,0.0158233858332286,0.0100093112705231,0.00944201877640801,0.0423086765071831,0.0440569436122817,0.0415385463068932
0.0559861995279789,-0.00653408802393907,-0.000749892272464525,0.00214934009402469,0.020074934627383,0.0127260587569972,0.0122916827882625,0.042445352924535,0.0440100330434463,0.0415451766456918
0.0667554140090942,9.72048836471069e-05,0.00842130617100728,0.0110740509321944,0.0240919266556889,0.0143709853634761,0.0141295560924095,0.0425662824697583,0.0439631224746109,0.0415518069844903
0.0676432251930237,-0.00255942009132294,0.00691318125847344,0.00930439529184469,0.0275344543803407,0.0168138320287748,0.0167803925778901,0.042668190904006,0.0439162119057755,0.0415584373232889
0.070920929312706,-0.00194763874401774,0.00938529735554057,0.0115466122057276,0.0301194162950193,0.0176869458765982,0.017809249444891,0.0427491517617044,0.0438486860805672,0.0415650676620875
0.087164469063282,0.0127627884499869,0.0240291055055383,0.0260608929243198,0.031593863891116,0.0193542033023848,0.0195318781380762,0.0428078167221791,0.0437811602553589,0.041571698000886
0.08059012144804,0.006031437189483,0.0174935252474855,0.0192589583279693,0.031715916229187,0.0193829617704039,0.0197528347803862,0.04284276802937,0.0437136344301506,0.0415783283396846
0.0723816603422165,-0.000989204763793019,0.0105392594518033,0.0120336175213361,0.0305159581446651,0.0181962922854708,0.0187630841423973,0.0428549069613444,0.0436461086049423,0.0415849586784831
0.067627340555191,-0.00337627303301372,0.00712620021323228,0.0085918360423871,0.0281575946035967,0.0169225575622247,0.0174439154955222,0.042846018984608,0.043578582779734,0.0415915890172817
0.0606712810695171,-0.00701577412309607,0.00108390517019885,0.00264837846139071,0.0248685561202931,0.0160763189447925,0.0164246832520461,0.0428184990723201,0.0435110569545257,0.0415982193560803
0.0651486068964005,0.00144437505303714,0.00716273913920935,0.00867230995539887,0.0209287417987232,0.0145423366278737,0.0148714472461227,0.0427754900446401,0.0434435311293174,0.0416048496948788
0.0622832626104355,0.00302768680137192,0.00615719519951973,0.00750459650261122,0.0165356639256876,0.0127500621068066,0.0131671860741469,0.0427199118833759,0.0433760053041092,0.0416114800336774
0.0567778497934341,0.0022218483581101,0.00355630944972236,0.00480749933955618,0.0119004978630448,0.00991306086481092,0.010352240081402,0.0426555035722793,0.0433084794789009,0.041618110372476
0.0513792037963867,0.00158243443164936,0.00153408961271433,0.00270788664860608,0.00721038492545445,0.00660416052997982,0.0070465764365061,0.0425863844392829,0.0432409536536926,0.0416247407112745
0.04168301820755,-0.00344898714036451,-0.00382878171052563,-0.00270730644007053,0.00261528701685467,0.0023383720895914,0.00275895359754748,0.0425167183310599,0.0431734278284843,0.0416313710500731
0.0356480106711388,-0.00507034331176637,-0.00584331030552975,-0.00476263720894599,-0.00173267755320823,-0.00161458102660748,-0.00122735350878691,0.0424510315361134,0.043105902003276,0.0416380013888717
0.0327749773859978,-0.00389924545321474,-0.00603076364019768,-0.005016551133044,-0.00571901213067894,-0.00423263515187226,-0.00385310320862845,0.0423932349698915,0.0430383761780677,0.0416446317276702
0.0311359353363514,-0.0019533559955607,-0.00470086208581959,-0.00379232250668394,-0.00925732296173032,-0.00713405293068844,-0.00672300422343346,0.0423466142936424,0.0429708503528594,0.0416512620664688
0.0294727496802807,-0.000568859910392594,-0.0046919555340816,-0.00384027290469888,-0.0122722974475292,-0.00873861931328884,-0.0083448698202878,0.0423139070382025,0.0429033245276511,0.0416578924052674
0.0293658003211021,0.00176354889155212,-0.00445251106012516,-0.00365431135305854,-0.0146950870196067,-0.00901748732121554,-0.00864441106990525,0.0422973384491567,0.0428357987024428,0.0416645227440659
0.0288419611752033,0.00302602493182352,-0.00443420969965515,-0.00373598737103745,-0.0164824838871475,-0.00949210200237608,-0.00909320453662371,0.0422984201305273,0.0427682728772346,0.0416711530828645
0.026822853833437,0.00213223198868066,-0.00545611434913274,-0.00484606427533433,-0.0176274693560775,-0.0104217788694566,-0.0100088653128918,0.0423180912008339,0.0427007470520263,0.0416777834216631
0.0251273177564144,0.000934783983013998,-0.00742802271122012,-0.00690154778111202,-0.0181643008256902,-0.0100778807591834,-0.00965554822293519,0.0423568345990906,0.042633221226818,0.0416844137604616
0.0242458879947662,1.63965458016557e-05,-0.0079488398424063,-0.00750784315035356,-0.0181850821360004,-0.0103709675644371,-0.00993731295414038,0.0424145735849649,0.0425656954016097,0.0416910440992602
0.0247822254896164,0.000124226854601592,-0.00739046496406668,-0.00703052170441164,-0.0178327569005115,-0.0103254791227183,-0.00988492724403071,0.0424907555355263,0.0424981695764014,0.0416976744380587
0.0252057015895844,-9.87299999580006e-05,-0.00593468729843818,-0.00569421286034805,-0.0172799801819443,-0.0112902548631706,-0.0108043903269249,0.0425844117714867,0.0424306437511931,0.0417043047768573
0.0252304468303919,-0.000773802807336302,-0.00491413433387124,-0.00479168305444938,-0.016690146493158,-0.0122185367617217,-0.0116888052308146,0.0426943961308862,0.0423631179259848,0.0417109351156559
0.0246401447802782,-0.00199128572928879,-0.00513040734437893,-0.00438722593234882,-0.0161880736945916,-0.0125250399761194,-0.0126901947418274,0.0428195042041586,0.0422955921007765,0.0417175654544544
0.0241011343896389,-0.00302080413670753,-0.00525794234601971,-0.00460313614549793,-0.0158461340961724,-0.0128689895399096,-0.0130199252581162,0.0429680726225189,0.0422280662755682,0.041724195793253
0.024950198829174,-0.00248813548053482,-0.00533530209235192,-0.00472070630731739,-0.0156910575168993,-0.011875039528834,-0.0120599209955601,0.0431293918266081,0.0421605404503599,0.0417308261320516
0.0284222736954689,0.000846161434206944,-0.00263540101268801,-0.00214579318458569,-0.0157266042290015,-0.0110353399169947,-0.0111693895907956,0.0433027164902634,0.0420930146251517,0.0417374564708501
0.0286178477108479,0.00108881352534873,-0.00295044312990647,-0.00255206241161876,-0.0159583632594742,-0.010457197959189,-0.0105741766871821,0.0434873974449733,0.0420254887999434,0.0417440868096487
0.0268147960305214,-0.000499927658383876,-0.00512019160177496,-0.00477791478058515,-0.0163686476390248,-0.0100229753424387,-0.0101580063373407,0.0436833713279301,0.0419579629747351,0.0417507171484473
0.0259788818657398,-0.000985343212632009,-0.00609530903681339,-0.00583574124906323,-0.0169268659364316,-0.00981624624697357,-0.00994272437244278,0.0438910910148035,0.0418904371495268,0.0417573474872458
0.0251896306872368,-0.00131918432368518,-0.0078315650157647,-0.00755329201008911,-0.0176024720203881,-0.008801715621317,-0.0090210551287185,0.0441112870313101,0.0418229113243185,0.0417639778260444
0.0268863867968321,0.000878677547241448,-0.00749342847545088,-0.00716602791840564,-0.0183373102211321,-0.00737557022682723,-0.00771819344960523,0.0443450194707227,0.0417553854991102,0.041770608164843
0.0305476002395153,0.00498861756136307,-0.0047614312118445,-0.00445879572365544,-0.0190344573962895,-0.0063788282225421,-0.00677084254047078,0.0445934400744417,0.0416878596739019,0.0417772385036415
0.029058214277029,0.00373510533327538,-0.00678944148653777,-0.00653249274059431,-0.0195346523626049,-0.00577267808512681,-0.00619316182481674,0.0448577613063585,0.0416203338486936,0.0417838688424401
0.0282290820032358,0.00266490662263161,-0.00762417452626708,-0.00744903085278377,-0.0195754748041582,-0.00569955149398243,-0.00611238632521907,0.0451396501847625,0.0415528080234853,0.0417904991812387
0.0276631526648998,0.00108543219330784,-0.00903610787994816,-0.0089020260740358,-0.0188629824419072,-0.00478602165342905,-0.0052319507811016,0.0454407029134992,0.041485282198277,0.0417971295200372
0.0271362327039242,-0.00149810572459977,-0.010366271887059,-0.0102646733683861,-0.0171280150519499,-0.0039152517820856,-0.00440285378652552,0.0457623534804739,0.0414177563730687,0.0418037598588358
0.0266411658376455,-0.00527385599424286,-0.0134374384150228,-0.0133081513182749,-0.0141907483489196,-0.0012475680901772,-0.00186107304171392,0.046105770180808,0.0413261723428456,0.0418103901976343
0.0273257829248905,-0.00912596189027903,-0.0152090150569437,-0.0151111918767202,-0.0100199594613381,0.00130020966921184,0.000619954265177782,0.0464717042765077,0.0412345883126224,0.0418170205364329
0.0339372493326664,-0.00815187093541071,-0.0105526015300697,-0.010492339490928,-0.00477116520562172,0.00334684658033694,0.00260593794836292,0.0468602854736988,0.0411430042823992,0.0418236508752315
0.0482563450932503,-0.000209312190001138,0.000986139239095803,0.000886646035995311,0.00119512401268076,0.00621878560197845,0.00553941784322492,0.0472705332705707,0.041051420252176,0.04183028121403
0.0666132420301437,0.011551126002028,0.0175305936504982,0.0173156889372555,0.00736198751259699,0.00812281215769271,0.00746064154005963,0.0477001285155188,0.0409598362219528,0.0418369115528286
0.0684852726184405,0.00716111629808506,0.0175755358390184,0.0171997119504053,0.0131784489769517,0.0100414845876925,0.00944201877640801,0.0481457073434038,0.0408682521917296,0.0418435418916272
0.0703573032067372,0.00346208656919499,0.0168233957352449,0.016215448188049,0.0182908992676446,0.0127572393099858,0.0122916827882625,0.0486043173698976,0.0407766681615065,0.0418501722304257
0.072229333795034,0.000654555752388829,0.0171523376770144,0.0162429751334002,0.0225026417216879,0.0143919119867363,0.0141295560924095,0.0490721363209572,0.0406850841312833,0.0418568025692243
0.0741013643833307,-0.0012338331825018,0.0167258590975151,0.0154575388974177,0.0257904577412775,0.0167820051847555,0.0167803925778901,0.049544739824555,0.0405935001010601,0.0418634329080229
0.0759733949716275,-0.00231659817883889,0.0178474999661296,0.0162940822799151,0.0282729365820136,0.017623978934661,0.017809249444891,0.0500170565684527,0.0405019160708369,0.0418700632468214
0.0778454255599242,-0.00278042908998322,0.018165756588282,0.016436853836228,0.030142416752434,0.0192693369310284,0.0195318781380762,0.0504834378974734,0.0404103320406137,0.04187669358562
0.0797174561482209,-0.00279995990479071,0.0201180667928057,0.0180812974434162,0.0315795926135854,0.0192806413450246,0.0197528347803862,0.0509378234394263,0.0403187480103905,0.0418833239244186
0.0815894867365177,-0.00245825118574032,0.0232816086748955,0.0209364483309033,0.0326737775267961,0.0180807140814549,0.0187630841423973,0.0513739603954619,0.0402271639801674,0.0418899542632171
0.0834615173248144,-0.00170741302171243,0.0264754857494054,0.0241210172272765,0.0333833676499959,0.0168504516254648,0.0174439154955222,0.051785562696531,0.0401355799499442,0.0418965846020157
0.0853335479131112,-0.00037439962924582,0.0292163500930011,0.0270056497202508,0.0335415323740963,0.0160732019003891,0.0164246832520461,0.0521664151682607,0.040043995919721,0.0419032149408143
0.0872055785014079,0.00179234140023197,0.0326892721639953,0.0304242859756724,0.0329026080402351,0.0145638944479148,0.0148714472461227,0.0525106290609408,0.0399524118894978,0.0419098452796128
0.0890776090897047,0.00505188645495312,0.0364436937298878,0.0339939473971464,0.0312129056102867,0.0127730875005423,0.0131671860741469,0.0528128170244649,0.0398608278592746,0.0419164756184114
0.0909496396780014,0.00959055975633574,0.0412413315745265,0.0386742936393895,0.0282908409258042,0.00993906427442343,0.010352240081402,0.0530682389958615,0.0397692438290514,0.04192310595721
0.0835491269826889,0.00618214059665273,0.0371964585043846,0.0345728142501743,0.0240939479651816,0.00667500867947602,0.0070465764365061,0.0532730384208546,0.0396776597988283,0.0419297362960085
0.0709841325879097,-0.00124995874914549,0.0290081372443251,0.0262888123555551,0.0188090638953358,0.00238991957497952,0.00275895359754748,0.0534250274417194,0.0395860757686051,0.0419363666348071
0.061681717634201,-0.00465056252623782,0.0237495325704265,0.0209660741693823,0.0128087823171785,-0.00156230667460732,-0.00122735350878691,0.0535234978432604,0.0394944917383819,0.0419429969736056
0.0570113137364388,-0.00309790137538981,0.0217697999709757,0.018914789632663,0.00654068401226669,-0.00416139394269564,-0.00385310320862845,0.0535685310995619,0.0394029077081587,0.0419496273124042
0.0519585832953453,-0.0020476362659841,0.0197604081160676,0.016725329867576,0.000445288025831777,-0.00711314849865778,-0.00672300422343346,0.0535609315354976,0.0393113236779355,0.0419562576512028
0.0459650903940201,-0.00245641913563237,0.0154721637756144,0.0123470722243065,-0.00508106406698943,-0.00872681302930666,-0.0083448698202878,0.0535025735966419,0.0392197396477123,0.0419628879900013
0.0434009805321693,-0.000261572479012658,0.0132598504230061,0.0100758732732747,-0.00973383869779077,-0.00898702550832589,-0.00864441106990525,0.0533963917089728,0.0391281556174891,0.0419695183287999
0.040802963078022,0.000911982801580861,0.0112204461271767,0.00792001894704725,-0.0133549025036801,-0.00945405463642061,-0.00909320453662371,0.0532458827801212,0.039036571587266,0.0419761486675985
0.0392595753073692,0.00211256198397725,0.0107063431112655,0.00728566161386396,-0.015908243911212,-0.0103917553609391,-0.0100088653128918,0.053055257234604,0.0389449875570428,0.041982779006397
0.039022158831358,0.0036585030040382,0.0102071972069491,0.00668829770909754,-0.0174655604220058,-0.0100384419024108,-0.00965554822293519,0.0528292162493256,0.0388534035268196,0.0419894093451956
0.0359614863991737,0.00156258631891438,0.00752288410421306,0.00390275966931995,-0.018173820626558,-0.0103232172016357,-0.00993731295414038,0.0525727207068174,0.0387618194965964,0.0419960396839942
0.0341008231043816,1.00837842796006e-05,0.00571925016509083,0.00198308032561954,-0.0182004674063378,-0.0102886625270825,-0.00988492724403071,0.0522912067264398,0.0386702354663732,0.0420026700227927
0.0334099233150482,-0.000836432418292187,0.00609910947298114,0.00220501328038183,-0.0177436496365111,-0.011267837594083,-0.0108043903269249,0.0519900053698515,0.03857865143615,0.0420093003615913
0.0344989486038685,-0.000152780284302313,0.00821705966328328,0.00417182313429324,-0.0170224150093005,-0.0122051784653417,-0.0116888052308146,0.0516741438974713,0.0384870674059269,0.0420159307003899
0.0363586619496346,0.00127614057454173,0.0104887237133284,0.00702629565227354,-0.0162656561605979,-0.0125255451393976,-0.0126901947418274,0.0513481775356907,0.0383954833757037,0.0420225610391884
0.0351967215538025,-0.000128372120041451,0.00976472525825163,0.00618745543393168,-0.015690999351607,-0.0128719030499296,-0.0130199252581162,0.051016093025451,0.0383038993454805,0.042029191377987
0.0354539193212986,0.000234413796636914,0.00911586893705216,0.00547801860007319,-0.0154619585518666,-0.0118742649310109,-0.0120599209955601,0.0506814640765283,0.0382123153152573,0.0420358217167856
0.0348992049694061,0.000227326978326234,0.00781434776864786,0.00402614250461756,-0.015675108090313,-0.0110358740842759,-0.0111693895907956,0.0503469860813929,0.0381207312850341,0.0420424520555841
0.0353474989533424,0.00164590100276916,0.00778131493234204,0.00387259324614185,-0.0163130169302318,-0.0104629632338105,-0.0105741766871821,0.0500146148808051,0.0380291472548109,0.0420490823943827
0.0331070497632027,0.000656043843357757,0.00520296490238426,0.00120934336736214,-0.0172343889890595,-0.0100409729308816,-0.0101580063373407,0.0496853949089044,0.0379450577917,0.0420557127331812
0.0319952666759491,0.000782575482426176,0.00397469774089597,-0.000124352023587937,-0.0181470290225758,-0.00984039939353588,-0.00994272437244278,0.0493597202160987,0.037860968328589,0.0420623430719798
0.0319982245564461,0.00162644843340606,0.00304696183265299,-0.00104969372561381,-0.0186653256016089,-0.00882561614168496,-0.0090210551287185,0.0490371017246489,0.037776878865478,0.0420689734107784
0.0335016213357449,0.00315117834534333,0.00320425100898993,-0.000855788964226854,-0.0183658063834541,-0.00739541907561215,-0.00771819344960523,0.0487162493738557,0.0376927894023671,0.0420756037495769
0.0344909876585007,0.00296525839576206,0.00327556334137,-0.00082040388940405,-0.0168694077877505,-0.00639327562212545,-0.00677084254047078,0.0483951370504891,0.0376086999392561,0.0420822340883755
0.0339155644178391,-0.00023989511125469,0.00217439290497334,-0.00198013818451828,-0.0139158397466566,-0.00578343896327945,-0.00619316182481674,0.0480712992757503,0.0375246104761452,0.0420888644271741
0.0332592613995075,-0.0050515132680241,0.00152772852949727,-0.00272384704124604,-0.00943135923392608,-0.00570898814302393,-0.00611238632521907,0.0477421339014577,0.0374405210130342,0.0420954947659726
0.0333224162459373,-0.0104970083762194,0.000752721710350401,-0.00354775807773226,-0.00358550126775676,-0.00478673701433628,-0.0052319507811016,0.0474049258899135,0.0373564315499232,0.0421021251047712
0.0385590717196465,-0.0117016630612178,0.00519134882998357,0.000853170062602203,0.00320379571495317,-0.00390461919714936,-0.00440285378652552,0.0470569390659111,0.0372723420868123,0.0421087554435698
0.0662174224853516,0.0092276463605257,0.0302414756659518,0.0259631097446972,0.0102946094823833,-0.00121230580430153,-0.00186107304171392,0.0466951666424426,0.0371882526237013,0.0421153857823683
0.0699311047792435,0.00679778101651459,0.031471955297787,0.0271891343928988,0.0168183255228675,0.00135498632086617,0.000619954265177782,0.0463149982398614,0.0371041631605903,0.0421220161211669
0.0740797519683838,0.00605387504510538,0.0336559417187474,0.0293451675600554,0.0221115541074092,0.00340373655215703,0.00260593794836292,0.0459143228158692,0.0370200736974794,0.0421286464599655
0.0782447457313538,0.00707399837046481,0.0350429971383614,0.0305700510893648,0.0256791319159649,0.00626576435862399,0.00553941784322492,0.045491615444924,0.0369359842343684,0.042135276798764
0.0752520114183426,0.00293354877888153,0.0302265049034466,0.0256494627407204,0.0272724463762597,0.00817361174363859,0.00746064154005963,0.0450460162632013,0.0368518947712574,0.0421419071375626
0.0698132216930389,-0.00172208567764692,0.0229606902010707,0.0182226654402698,0.0269572891524032,0.0100847261838218,0.00944201877640801,0.0445780182182827,0.0367678053081465,0.0421485374763612
0.0655191093683243,-0.00361672087074947,0.0160443347460519,0.0110722587649021,0.0250467372297548,0.0127910587772369,0.0122916827882625,0.0440890930093189,0.0366837158450355,0.0421551678151597
0.062805250287056,-0.00277445654217828,0.0117872250911379,0.0065138960406882,0.0219983791962869,0.0144183988139936,0.0141295560924095,0.0435813276329474,0.0365996263819245,0.0421617981539583
0.0600484758615494,-0.00132253306364085,0.00675974410101796,0.00109965479090243,0.0183135745926859,0.0167731948417178,0.0167803925778901,0.0430574343325044,0.0365155369188136,0.0421684284927568
0.0570353828370571,5.98237658588612e-05,0.00300851955447601,-0.00294892543938928,0.0144548705279722,0.0175954158268785,0.017809249444891,0.0425206885432261,0.0364314474557026,0.0421750588315554
0.0535769909620285,0.000821749014608859,-0.00199995729812712,-0.00813657634640164,0.0107804187360017,0.019229590267564,0.0195318781380762,0.0419748232114179,0.0363473579925916,0.042181689170354
0.0456735715270042,-0.00326400096880441,-0.00981058641502074,-0.0162675827625345,0.00751361496167844,0.0192208894125443,0.0197528347803862,0.0414239575341302,0.0362632685294807,0.0421883195091525
0.0436752960085869,-0.00196822289598961,-0.010510185511971,-0.0172827379817615,0.00477077245082874,0.0180063024541882,0.0187630841423973,0.0408727464537478,0.0361791790663697,0.0421949498479511
0.0451064594089985,0.00225920996253164,-0.00778793641749926,-0.0145390362732734,0.00252189120660304,0.016799306223239,0.0174439154955222,0.0403253582398638,0.0360950896032587,0.0422015801867497
0.040912501513958,0.000471865718191086,-0.0111589069166302,-0.0177203922636364,0.000655088232083558,0.0160604082904404,0.0164246832520461,0.0397855475636833,0.0360110001401478,0.0422082105255482
0.0388972237706184,0.00055609474820491,-0.0116030470249723,-0.0181890643398511,-0.000916103178678565,0.014573360118554,0.0148714472461227,0.0392572322010921,0.0359269106770368,0.0422148408643468
0.0358203500509262,-0.000652070588838526,-0.0128034772401931,-0.019568307226366,-0.00227124033781696,0.0127810060771934,0.0131671860741469,0.0387436609775817,0.0358428212139258,0.0422214712031454
0.0345110669732094,-0.00028697393707075,-0.0111952031647973,-0.0180692746501365,-0.00344952156574257,0.00994753838719185,0.010352240081402,0.0382475624760227,0.0357587317508149,0.0422281015419439
0.0335126519203186,0.000214489788457268,-0.00886755553652153,-0.01576865639693,-0.00447265274037239,0.00670556516913622,0.0070465764365061,0.0377708148722337,0.0356746422877039,0.0422347318807425
0.0318724811077118,-9.33625481022438e-05,-0.00613163859515596,-0.0131278347093768,-0.00534858762959296,0.0024135668782748,0.00275895359754748,0.037314431285407,0.0355905528245929,0.0422413622195411
0.0290662869811058,-0.00173696902790982,-0.00490613296578014,-0.0119543520684469,-0.00607542067955516,-0.00153404341459604,-0.00122735350878691,0.0368786766885708,0.035506463361482,0.0422479925583396
0.0287653543055058,-0.00105071682817174,-0.00253534803354824,-0.00963616538300398,-0.00664697719963718,-0.00412167155931702,-0.00385310320862845,0.0364630483333147,0.035422373898371,0.0422546228971382
0.0289755165576935,-1.1666583925176e-05,0.000730481947629889,-0.00656273245480981,-0.00707877448259159,-0.00709324982519646,-0.00672300422343346,0.0360659576242102,0.0353382844352601,0.0422612532359368
0.0292854867875576,0.000990389692691929,0.00274232515379524,-0.00463752696688992,-0.00738991717303866,-0.00871103333838672,-0.0083448698202878,0.0356850142679043,0.0352541949721491,0.0422678835747353
0.0285138823091984,0.000788179463231957,0.00230646023327795,-0.00511622053443026,-0.00759144767410032,-0.00896268343311769,-0.00864441106990525,0.0353171505200667,0.0351701055090381,0.0422745139135339
0.0265747271478176,-0.000710947689604479,0.000916898650770513,-0.00661321256789113,-0.00767318625253294,-0.00942818754888006,-0.00909320453662371,0.034958861089955,0.0350860160459272,0.0422811442523325
0.0257582999765873,-0.0012385473416902,0.00112725661923055,-0.00652060930165196,-0.00760954591103093,-0.0103708832254594,-0.0100088653128918,0.0346063932293084,0.0350019265828162,0.042287774591131
0.0250540282577276,-0.00181255957989911,0.000152510398835598,-0.00758482844926677,-0.00738912083846957,-0.0100163192608132,-0.00965554822293519,0.0342557086760963,0.0349178371197052,0.0422944049299296
0.0269333459436893,5.43301071918838e-05,0.00238178048887789,-0.00543037637089842,-0.00702372444773166,-0.0102983501683987,-0.00993731295414038,0.0339027402842291,0.0348499156232102,0.0423010352687281
0.0290147066116333,0.00203815978108667,0.00450328575601439,-0.0034080317518627,-0.00656681396887967,-0.0102705732710962,-0.00988492724403071,0.0335433607994263,0.0347819941267151,0.0423076656075267
0.0288808941841125,0.00180561536283531,0.00542352938441341,-0.00262901143528781,-0.00609839166173823,-0.0112567078305209,-0.0108043903269249,0.0331736704830155,0.0347140726302201,0.0423142959463253
0.0273544229567051,0.000261050477736714,0.00490488258684797,-0.00327769809760413,-0.00569719296097515,-0.0121966107638679,-0.0116888052308146,0.0327905654399435,0.034646151133725,0.0423209262851238
0.0262825302779675,-0.000678256099561875,0.00423035094341324,-0.00335483160412753,-0.00543096886484765,-0.0125260503026757,-0.0126901947418274,0.032391755242377,0.03457822963723,0.0423275566239224
0.0244048647582531,-0.00222071182121982,0.00276937317746785,-0.00490939694635169,-0.00535012288167881,-0.0128748165599497,-0.0130199252581162,0.0319756994611517,0.0345103081407349,0.042334186962721
0.0238654389977455,-0.00221419065121872,0.00129654268669344,-0.00641545730821388,-0.00546213820133674,-0.0118734903331878,-0.0120599209955601,0.031541767850301,0.0344423866442398,0.0423408173015195
0.022916492074728,-0.00243756620516928,-0.000421564821459788,-0.00826156597479454,-0.00573601949604094,-0.011036408251557,-0.0111693895907956,0.0310900777759382,0.0343744651477448,0.0423474476403181
0.0236464664340019,-0.000882984586518729,-0.000191348708815757,-0.00813343485793265,-0.00609221792630902,-0.0104687285084321,-0.0105741766871821,0.0306216689468297,0.0343065436512497,0.0423540779791167
0.023528391495347,-0.000182876584147625,-0.000651260140083244,-0.00867431048522748,-0.00642699001405379,-0.0100589705193244,-0.0101580063373407,0.0301382580935484,0.0342386221547547,0.0423607083179152
0.0232890881597996,0.000263355396542117,-0.00101705995836186,-0.00913552612447144,-0.00661666348355713,-0.00986455254009819,-0.00994272437244278,0.0296423962468146,0.0341707006582596,0.0423673386567138
0.0233696382492781,0.000779212523652336,-0.00188362425043358,-0.00998327561751579,-0.00654696405074504,-0.00884951666205291,-0.0090210551287185,0.0291373897763708,0.0341027791617646,0.0423739689955124
0.023483557626605,0.000997570897482332,-0.00313603211426742,-0.0111788482581007,-0.0061409626261518,-0.00741526792439707,-0.00771819344960523,0.0286269493552745,0.0340348576652695,0.0423805993343109
0.0237790811806917,0.0010380953435373,-0.00378013196637395,-0.011837305951947,-0.00537414298169005,-0.0064077230217088,-0.00677084254047078,0.0281151288188445,0.0339669361687745,0.0423872296731095
0.0242347717285156,0.000905260000321611,-0.00387004310233169,-0.0119659264585757,-0.00427690177941139,-0.00579419984143209,-0.00619316182481674,0.0276064135076054,0.0338990146722794,0.042393860011908
0.0245767310261726,0.000397490320813354,-0.00353593735754628,-0.0117113729993149,-0.00292620891485037,-0.00571842479206543,-0.00611238632521907,0.0271054496202097,0.0338310931757844,0.0424004903507066
0.0245949551463127,-0.000593435494266911,-0.00438076415773308,-0.0125802147620909,-0.00142841116246625,-0.00478745237524351,-0.0052319507811016,0.0266168018030459,0.0337631716792893,0.0424071206895052
0.0250886976718903,-0.00115733466092796,-0.00471256589869085,-0.012922199569888,0.000101311873147687,-0.00389398661221313,-0.00440285378652552,0.0261447204596705,0.0336952501827942,0.0424137510283037
0.0263301581144333,-0.000916841889278334,-0.00612012705344003,-0.0142291502109551,0.00155395813954212,-0.00117704351842587,-0.00186107304171392,0.0256930418641695,0.0336273286862992,0.0424203813671023
0.0279751550406218,-0.000130048860976353,-0.00699401512170287,-0.0150718109304569,0.00284011688179848,0.00140976297252049,0.000619954265177782,0.0252650870197996,0.0335594071898041,0.0424270117059009
0.0276592988520861,-0.00110238989316305,-0.00929281336520013,-0.0173802811409763,0.00389812606370038,0.00346062652397712,0.00260593794836292,0.0248635626815487,0.0334914856933091,0.0424336420446994
0.0277753472328186,-0.00142378315693233,-0.011960960079265,-0.0202043429939043,0.0047084741044683,0.00631274311526953,0.00553941784322492,0.0244906562852826,0.033423564196814,0.042440272383498
0.0286234375089407,-0.000794342322683262,-0.0129566165209627,-0.0212841067534155,0.00527000194494013,0.00822441132958447,0.00746064154005963,0.0241477778866838,0.033355642700319,0.0424469027222966
0.0287649519741535,-0.000657515532418375,-0.0146507370096215,-0.0231305998633496,0.00558693654694984,0.0101279677799511,0.00944201877640801,0.0238355309596221,0.0332877212038239,0.0424535330610951
0.0296357460319996,0.000410669340546906,-0.0164089319198172,-0.0251161001561566,0.00567119584380091,0.0128248782444879,0.0122916827882625,0.0235538808476518,0.0332197997073289,0.0424601633998937
0.0305219739675522,0.00169045276304637,-0.0170747898845324,-0.0260743758635496,0.00552944181238124,0.0144448856412508,0.0141295560924095,0.0233020793921246,0.0331518782108338,0.0424667937386923
0.030546635389328,0.00229785837880147,-0.0193017058236909,-0.0287071812660529,0.00517015336966521,0.0167643844986802,0.0167803925778901,0.0230786236408613,0.0330839567143388,0.0424734240774908
0.0277595892548561,0.000263771135073671,-0.0228232986820836,-0.0325297146063243,0.00461426576250759,0.017566852719096,0.017809249444891,0.0228815523572748,0.0330160352178437,0.0424800544162894
0.0254210177809,-0.00120021974148978,-0.0267169395445482,-0.0365975451122641,0.00391233094793296,0.0191898436040996,0.0195318781380762,0.0227089065744568,0.0329481137213486,0.042486684755088
0.0259362850338221,0.000251910978379238,-0.0261050446710955,-0.0363098648404506,0.00312604799420656,0.019161137480064,0.0197528347803862,0.0225583260612363,0.0328801922248536,0.0424933150938865
0.0249580256640911,0.000220843922113607,-0.025786135891189,-0.0363050039109912,0.00231038516285113,0.0179318908269215,0.0187630841423973,0.0224267965791264,0.0328122707283585,0.0424999454326851
0.0238172523677349,-3.1868475838238e-05,-0.0256752576851418,-0.036133238899271,0.00153768667680251,0.0167481608210132,0.0174439154955222,0.0223114341667706,0.0327443492318635,0.0425065757714837
0.0228310413658619,-0.000259627229628622,-0.0258930010499982,-0.0361068479964665,0.000881254056566605,0.0160476146804916,0.0164246832520461,0.0222094145389239,0.0326764277353684,0.0425132061102822
0.0222850795835257,-0.000236610945279177,-0.0249062524445408,-0.0351062041116779,0.00040371015439603,0.0145828257891931,0.0148714472461227,0.0221179803744088,0.0326085062388734,0.0425198364490808
0.0230024103075266,0.000823361793529824,-0.0223270990886963,-0.0326912425544996,0.000144545646079768,0.0127889246538446,0.0131671860741469,0.022034502867917,0.0325405847423783,0.0425264667878793
0.0232436917722225,0.00117886607569962,-0.019184983973621,-0.0296416454358574,0.000108339863380278,0.00995601249996026,0.010352240081402,0.0219564858331426,0.0324726632458833,0.0425330971266779
0.0217770114541054,-0.000378911463213563,-0.0173638519540793,-0.0278092924478772,0.000274211929987818,0.00673612165879643,0.0070465764365061,0.0218817109873311,0.0324047417493882,0.0425397274654765
0.0211823582649231,-0.00123282953065618,-0.0136198297598618,-0.0241229531368994,0.000606684463725997,0.00243721418157009,0.00275895359754748,0.0218085033318533,0.0323649738432148,0.042546357804275
0.0224230103194714,-0.000358186951517907,-0.00839641546298527,-0.0189026243148153,0.00104574975019651,-0.00150578015458476,-0.00122735350878691,0.0217354475207928,0.0323252059370414,0.0425529881430736
0.0234223566949368,0.00025105351681755,-0.00478113215999282,-0.015284158578307,0.00150990301716832,-0.00408194917593841,-0.00385310320862845,0.0216614001609509,0.032285438030868,0.0425596184818722
0.0256685130298138,0.00216138481489621,0.000496194056854346,-0.0101747315674235,0.00192155382685715,-0.00707335115173514,-0.00672300422343346,0.0215855743880604,0.0322456701246946,0.0425662488206707
0.0243741422891617,0.000660622790785934,0.000863493718107324,-0.00985386705001982,0.00220616531367294,-0.00869525364746679,-0.0083448698202878,0.0215073541847028,0.0322059022185211,0.0425728791594693
0.0246883556246758,0.000939299542072849,0.00146056267023751,-0.00924674280368687,0.00232227457580944,-0.00893834135790949,-0.00864441106990525,0.0214267815067935,0.0321661343123477,0.0425795094982679
0.0247558262199163,0.00116710250868231,0.00203178027508152,-0.00873710908052637,0.00224479115485136,-0.0094023204613395,-0.00909320453662371,0.0213439325563827,0.0321263664061743,0.0425861398370664
0.0242820531129837,0.00104658691037546,0.00254546570296257,-0.00830185174998953,0.00197641664557696,-0.0103500110899798,-0.0100088653128918,0.0212590495570313,0.0320865985000009,0.042592770175865
0.0220145359635353,-0.000706183542424456,-3.80980110765705e-05,-0.0109293163281931,0.00154824025827075,-0.00999419661921563,-0.00965554822293519,0.021172479247689,0.0320468305938275,0.0425994005146636
0.0210433267056942,-0.00106604097426119,-0.000690252846798203,-0.0116253911936275,0.00102472434871123,-0.0102734831351617,-0.00993731295414038,0.0210846433312442,0.0320070626876541,0.0426060308534621
0.0218381360173225,0.00036813974115989,0.000123325250951781,-0.0108895979309074,0.000474197067474816,-0.0102524840151099,-0.00988492724403071,0.0209957992086878,0.0319672947814807,0.0426126611922607
0.0213988423347473,0.000540331642591161,0.000716893526398921,-0.010416058869387,-4.74558025462559e-05,-0.0112455780669589,-0.0108043903269249,0.0209059664947024,0.0319275268753073,0.0426192915310593
0.0208537913858891,0.000525604831212168,0.00115407547914929,-0.0100833252531542,-0.000487132654167062,-0.0121880430623941,-0.0116888052308146,0.0208153192088439,0.0318877589691339,0.0426259218698578
0.0201978702098131,0.000284006088753166,0.000876434612806593,-0.00974448725701585,-0.000810073551705629,-0.0125265554659539,-0.0126901947418274,0.0207239376727656,0.0318479910629604,0.0426325522086564
0.0199730861932039,0.000343835442738018,0.00104259310638656,-0.00964617109613484,-0.00100248054005753,-0.0128777300699697,-0.0130199252581162,0.0206317312905234,0.031808223156787,0.0426391825474549
0.0193392783403397,-0.000125273609870047,-0.00055646117490931,-0.0112466135503537,-0.00107384423387041,-0.0118727157353647,-0.0120599209955601,0.0205383961840801,0.0317684552506136,0.0426458128862535
0.0197705887258053,0.000369936252785075,-0.000921156199796824,-0.0117124649084512,-0.00104288956069348,-0.0110369424188381,-0.0111693895907956,0.0204435420337137,0.0317286873444402,0.0426524432250521
0.0204349085688591,0.00102929721837011,-0.000779517086354136,-0.0116499883078094,-0.000941083084836816,-0.0104744937830536,-0.0105741766871821,0.0203466944353258,0.0316889194382668,0.0426590735638506
0.0198955126106739,0.000446541346205283,-0.00167667081365223,-0.0126121849546346,-0.000798353739812409,-0.0100769681077673,-0.0101580063373407,0.020247325004281,0.0316491515320934,0.0426657039026492
0.0196597594767809,0.000140539477312491,-0.00206091846247859,-0.0130698503922241,-0.000625660647550733,-0.00988870568666051,-0.00994272437244278,0.0201448806470191,0.03160938362592,0.0426723342414478
0.0199639722704887,0.000340402003864362,-0.00273222626683696,-0.0136939371810391,-0.000415476777461255,-0.00887341718242087,-0.0090210551287185,0.0200390470440856,0.0315696157197466,0.0426789645802463
0.0200218372046947,0.000246595684771889,-0.00407289383569643,-0.0149455642647449,-0.000154475299232239,-0.00743511677318198,-0.00771819344960523,0.0199297168191551,0.0315298478135732,0.0426855949190449
0.0204574838280678,0.000468453272716964,-0.00461042565803983,-0.0154638988893049,0.000171948961546403,-0.00642217042129215,-0.00677084254047078,0.0198170815938044,0.0314900799073997,0.0426922252578435
0.0209863223135471,0.000717158742481221,-0.00465902896809448,-0.0155193714582782,0.000567541638016763,-0.00580496071958473,-0.00619316182481674,0.0197016219330492,0.0314503120012263,0.042698855596642
0.020751578733325,0.00013931439428332,-0.004931103920621,-0.0158415208768965,0.00102807710437148,-0.00572786144110693,-0.00611238632521907,0.0195841872346702,0.0314105440950529,0.0427054859354406
0.0203874930739403,-0.000629208785848088,-0.0061951153787885,-0.0170926724191973,0.00155057409989885,-0.00478816773615074,-0.0052319507811016,0.0194661277598895,0.0313707761888795,0.0427121162742392
0.0204168800264597,-0.0010624993739625,-0.00703077422896951,-0.0178990128000525,0.00213018891655793,-0.0038833540272769,-0.00440285378652552,0.0193491904838643,0.0313310082827061,0.0427187466130377
0.0218718908727169,-0.00011774956888233,-0.00827756827126559,-0.0189924130374055,0.00275414855947387,-0.0011417812325502,-0.00186107304171392,0.0192354918821254,0.0312912403765327,0.0427253769518363
0.0232252553105354,0.000703377212661721,-0.00949075678399867,-0.0201267062452772,0.00339452923121375,0.00146453962417482,0.000619954265177782,0.01912734886666,0.0312514724703593,0.0427320072906349
0.024742666631937,0.0016951504483524,-0.00998655442804606,-0.0206019089458593,0.00402010184983731,0.00351751649579722,0.00260593794836292,0.0190274143337473,0.0312117045641859,0.0427386376294334
0.0253239572048187,0.00179003125177086,-0.0122077013251088,-0.0229607286066382,0.00459538261272469,0.00635972187191507,0.00553941784322492,0.0189385433403232,0.0311719366580125,0.042745267968232
0.0242846682667732,0.000338441975115843,-0.0151227114005962,-0.025927871580317,0.0050823857435036,0.00827521091553035,0.00746064154005963,0.0188638405481538,0.031132168751839,0.0427518983070306
0.0226248241961002,-0.00162478904327754,-0.0186387860256459,-0.0295757232261369,0.00544295553031362,0.0101712093760804,0.00944201877640801,0.0188066577090642,0.0310924008456656,0.0427585286458291
0.0242414213716984,-0.000168050480622612,-0.0196699092795328,-0.0308154204011918,0.00563911369730584,0.012858697711739,0.0122916827882625,0.0187703581550152,0.0310526329394922,0.0427651589846277
0.022926714271307,-0.00144931779853614,-0.0225575232305199,-0.0339746311445287,0.00561825615402275,0.014471372468508,0.0141295560924095,0.0187577759158204,0.0310128650333188,0.0427717893234262
0.0223905257880688,-0.00174788027477389,-0.0253381454947191,-0.0371682864520461,0.00536653472300235,0.0167555741556425,0.0167803925778901,0.0187718713398403,0.0309730971271454,0.0427784196622248
0.0240324661135674,0.00032294716534924,-0.0244391527187182,-0.036561833332347,0.00489446368475007,0.0175382896113136,0.017809249444891,0.018815055263468,0.030933329220972,0.0427850500010234
0.024387801066041,0.00126732747335136,-0.0257599790678079,-0.0379357574118571,0.00423162290942978,0.0191500969406351,0.0195318781380762,0.0188888506832599,0.0309976831932138,0.0427916803398219
0.0229586847126484,0.000517964431368143,-0.0272047380003909,-0.0395924607463583,0.00344637197264641,0.0191013855475836,0.0197528347803862,0.0189943483086338,0.0310620371654556,0.0427983106786205
0.0221779104322195,0.000410467734935646,-0.0268059599051328,-0.0393901147275968,0.00263504918465967,0.0178574791996549,0.0187630841423973,0.0191323935126242,0.0311263911376975,0.0428049410174191
0.0208004992455244,-0.000386700952420946,-0.0270872612832022,-0.0394549876062155,0.00188419473329128,0.0166970154187874,0.0174439154955222,0.0193030054646541,0.0311907451099393,0.0428115713562176
0.0208441317081451,8.16742905388802e-05,-0.0264457884445789,-0.0383987532389172,0.00125701702259406,0.0160348210705429,0.0164246832520461,0.0195054403950122,0.0312550990821811,0.0428182016950162
0.020264720544219,-0.000240281544573565,-0.0256470239700362,-0.0374315587357185,0.000766998434639329,0.0145922914598323,0.0148714472461227,0.0197380036541533,0.0313194530544229,0.0428248320338148
0.0200785286724567,-0.000306374324622029,-0.0241021215847038,-0.0359201197743034,0.000386417433599014,0.0127968432304958,0.0131671860741469,0.0199984855634798,0.0313838070266648,0.0428314623726133
0.0200087893754244,-0.000325433844546082,-0.0214038582362109,-0.0331815434173895,5.02546087510663e-05,0.00996448661272867,0.010352240081402,0.0202839686112194,0.0314481609989066,0.0428380927114119
0.0195958837866783,-0.000673939810598827,-0.0186833093329267,-0.0302954157000382,-0.000321170271962194,0.00676667814845664,0.0070465764365061,0.0205909938692393,0.0315125149711484,0.0428447230502105
0.0194767564535141,-0.00064493716671253,-0.0145609739747415,-0.0261335505330424,-0.000794054938750161,0.00246086148486537,0.00275895359754748,0.0209157485589768,0.0315768689433902,0.042851353389009
0.0190075896680355,-0.000842837741145881,-0.0111561163530231,-0.0226230405509852,-0.00140366783919502,-0.00147751689457348,-0.00122735350878691,0.0212540952483764,0.0316412229156321,0.0428579837278076
0.0185692124068737,-0.000891900627529332,-0.00909413768844038,-0.020442298451104,-0.0021406765358284,-0.00404222679255979,-0.00385310320862845,0.0216017895702314,0.0317055768878739,0.0428646140666062
0.018155675381422,-0.000842934376432726,-0.00656080300041984,-0.0179925648005492,-0.00295603091669184,-0.00705345247827381,-0.00672300422343346,0.0219546406745466,0.0317699308601157,0.0428712444054047
0.0176901388913393,-0.000844364210490005,-0.00546467198447136,-0.0168428660325762,-0.00377399955653694,-0.00867947395654686,-0.0083448698202878,0.0223085026583662,0.0318342848323575,0.0428778747442033
0.0174947790801525,-0.000652371535380549,-0.00548986044174554,-0.0167453149329441,-0.00451232300595481,-0.0089139992827013,-0.00864441106990525,0.0226594736214879,0.0318986388045993,0.0428845050830018
0.0179495345801115,5.17469410537368e-05,-0.00463700482293072,-0.0158483963050652,-0.00510619929707314,-0.00937645337379894,-0.00909320453662371,0.0230039869361309,0.0319629927768412,0.0428911354218004
0.0183362532407045,0.000523119315565588,-0.00336195455387832,-0.0145526472070027,-0.00552573064851867,-0.0103291389545001,-0.0100088653128918,0.0233388645736576,0.032027346749083,0.042897765760599
0.0183098576962948,0.000425386809748553,-0.00380976904741197,-0.0149389901801676,-0.00577708795821136,-0.00997207397761806,-0.00965554822293519,0.0236615588447576,0.0320917007213248,0.0429043960993975
0.0172361712902784,-0.000838621171106271,-0.00467126730136354,-0.0157375421937773,-0.00589552105419608,-0.0102486161019247,-0.00993731295414038,0.0239703135155808,0.0321560546935666,0.0429110264381961
0.0173159167170525,-0.00102057353852516,-0.00467009718963236,-0.0157168128159115,-0.00592771792520301,-0.0102343947591236,-0.00988492724403071,0.0242642081807806,0.0322204086658085,0.0429176567769947
0.0182836055755615,-0.000327025237834835,-0.00276670875909192,-0.0138362912133068,-0.00593226500533981,-0.0112344483033968,-0.0108043903269249,0.0245428958187362,0.0322847626380503,0.0429242871157932
0.0191989280283451,0.000357665950914441,-0.000970713221026681,-0.0120431841954321,-0.00596537344398226,-0.0121794753609203,-0.0116888052308146,0.0248066355214129,0.0323491166102921,0.0429309174545918
0.0192458014935255,0.000254317965345286,-0.000640608459776322,-0.0110015515580374,-0.00606488488349285,-0.0125270606292321,-0.0126901947418274,0.0250563684116731,0.0324134705825339,0.0429375477933904
0.0184582844376564,-0.000592998933034228,-0.00113889653712966,-0.0114659684364163,-0.00624247466905179,-0.0128806435799897,-0.0130199252581162,0.0252937580397424,0.0324778245547758,0.0429441781321889
0.017967950552702,-0.00106309747938354,-0.00270228683677408,-0.0129229369227254,-0.0064900558349665,-0.0118719411375415,-0.0120599209955601,0.025521103867052,0.0325421785270176,0.0429508084709875
0.0180297661572695,-0.000914468386297278,-0.00353928975587068,-0.013758283061721,-0.00679679423344972,-0.0110374765861192,-0.0111693895907956,0.0257410287770165,0.0326065324992594,0.0429574388097861
0.0185235403478146,-0.00027829229159545,-0.00366708706601158,-0.013866352113588,-0.00715443811219922,-0.0104802590576751,-0.0105741766871821,0.0259562707516092,0.0326708864715012,0.0429640691485846
0.0185218546539545,-8.51958077657498e-05,-0.00411842009357845,-0.014290838496088,-0.00756254197621084,-0.0100949656962101,-0.0101580063373407,0.0261695924379311,0.032735240443743,0.0429706994873832
0.0179868787527084,-0.000381431714424773,-0.00489985683005362,-0.0150477267010305,-0.00801557486530174,-0.00991285883322282,-0.00994272437244278,0.026383885332435,0.0327995944159849,0.0429773298261818
0.0178942810744047,-0.000210570322455495,-0.00607234961103315,-0.0160686239618571,-0.00849711589377953,-0.00889731770278882,-0.0090210551287185,0.0266019672906397,0.0328639483882267,0.0429839601649803
0.0174975134432316,-0.00035184499678529,-0.00797582329527003,-0.0177748836109421,-0.00897678968728216,-0.00745496562196691,-0.00771819344960523,0.026826148127299,0.0329283023604685,0.0429905905037789
0.0174400918185711,-0.000221925475896761,-0.00911594669326376,-0.0187862864835356,-0.00939622847305723,-0.00643661782087549,-0.00677084254047078,0.0270582457675251,0.0329926563327103,0.0429972208425774
0.0173730589449406,-0.000253315862954054,-0.00986822976227423,-0.0194376304116187,-0.00967315884825361,-0.00581572159773737,-0.00619316182481674,0.0272995336561482,0.0330570103049522,0.043003851181376
0.0190066732466221,0.00116798908228921,-0.00837739294042347,-0.0178914219483334,-0.00971192539153284,-0.00573729809014843,-0.00611238632521907,0.0275506095558657,0.033121364277194,0.0430104815201746
0.0197086222469807,0.00133350406566448,-0.00868821290539717,-0.0180765388308909,-0.00943625665434141,-0.00478888309705796,-0.0052319507811016,0.0278113748356576,0.0331857182494358,0.0430171118589731
0.0189483426511288,-0.000339336567145014,-0.0104290081282082,-0.0196725457601174,-0.00879377833042446,-0.00387272144234067,-0.00440285378652552,0.0280814575486982,0.0332500722216776,0.0430237421977717
0.019784189760685,-0.000803460050082134,-0.01242371748656,-0.0213851097341714,-0.00777263455654873,-0.00110651894667454,-0.00186107304171392,0.0283602843673158,0.0333144261939195,0.0430303725365703
0.0198449436575174,-0.00237177024705788,-0.0151349082576251,-0.0238120134830292,-0.00642971154319946,0.00151931627582915,0.000619954265177782,0.0286464254477748,0.0334605356393134,0.0430370028753688
0.0209739115089178,-0.00309510918341378,-0.0162071400434069,-0.0246756596536125,-0.00486914192195349,0.00357440646761731,0.00260593794836292,0.0289381626142851,0.0336066450847074,0.0430436332141674
0.0245705861598253,-0.00143475313720169,-0.0155888689988366,-0.0240190952363656,-0.00322795282815054,0.00640670062856061,0.00553941784322492,0.0292332921251776,0.0337527545301014,0.043050263552966
0.029355950653553,0.00147402109381211,-0.0128689238234185,-0.0211615847782712,-0.00164715448405263,0.00832601050147623,0.00746064154005963,0.0295290840437935,0.0338988639754953,0.0430568938917645
0.031819049268961,0.00222097843220568,-0.0124403751241381,-0.0206864937380102,-0.000224510603147266,0.0102144509722098,0.00944201877640801,0.0298225814399025,0.0340449734208893,0.0430635242305631
0.035694919526577,0.00454597257184566,-0.0113886805186963,-0.0196669178310471,0.0010377316893288,0.01289251717899,0.0122916827882625,0.0301112152654025,0.0341910828662833,0.0430701545693617
0.0367301777005196,0.00412816295784516,-0.0121048739069229,-0.0204761633000502,0.00220949596752901,0.0144978592957653,0.0141295560924095,0.0303925187751454,0.0343371923116772,0.0430767849081602
0.0383398644626141,0.00423635020274093,-0.012890201107062,-0.0215239433622348,0.00343878512633404,0.0167467638126048,0.0167803925778901,0.0306647291335391,0.0344833017570712,0.0430834152469588
0.0370065048336983,0.00119059565995477,-0.015132632872298,-0.0238927901969501,0.00488958219681205,0.0175097265035311,0.017809249444891,0.0309263269769315,0.0346294112024652,0.0430900455857574
0.0356306731700897,-0.00225791243112306,-0.0182551977549401,-0.0269978808925424,0.00671175306260332,0.0191103502771707,0.0195318781380762,0.0311768325386095,0.0347755206478591,0.0430966759245559
0.0326404720544815,-0.00774865981841799,-0.0213227916538749,-0.0302156689892592,0.00897309539092347,0.0190416336151033,0.0197528347803862,0.031416036481976,0.0349216300932531,0.0431033062633545
0.0315145179629326,-0.0117659409380166,-0.0213362891481027,-0.0303585027816177,0.0116358853964676,0.0177830675723882,0.0187630841423973,0.0316445735044815,0.0350677395386471,0.0431099366021531
0.0343067459762096,-0.0120854471441657,-0.0175529730243929,-0.0262537364602642,0.014528975172615,0.0166458700165615,0.0174439154955222,0.0318632179477604,0.035213848984041,0.0431165669409516
0.0602734461426735,0.0108392762204033,0.00889146025264431,0.000725565610877176,0.0173616462415075,0.0160220274605942,0.0164246832520461,0.0320725236807627,0.035359958429435,0.0431231972797502
0.0669808238744736,0.0150501645424378,0.0168729988691731,0.00897954900980208,0.0196613301190818,0.0146017571304715,0.0148714472461227,0.032269329212954,0.035506067874829,0.0431298276185487
0.0650916695594788,0.0115120838443425,0.0166347304321089,0.00878802552798459,0.0211256034793368,0.012804761807147,0.0131671860741469,0.0324539822357995,0.0356521773202229,0.0431364579573473
0.0537543073296547,-0.000488027288325851,0.00798305983854072,0.000258978952106831,0.0216136368017682,0.00997296072549708,0.010352240081402,0.0326286978162124,0.0357982867656169,0.0431430882961459
0.047945961356163,-0.00602074128554428,0.00520433050703533,-0.00225033371528751,0.0211692448864907,0.00679723463811685,0.0070465764365061,0.0327974577552166,0.0359443962110109,0.0431497186349444
0.0488734915852547,-0.00399475642378282,0.0102984771406892,0.00295818901396419,0.0199048813893417,0.00248450878816066,0.00275895359754748,0.0329633666196958,0.0360905056564048,0.043156348973743
0.0519073270261288,0.000822220898123945,0.0171199655588922,0.00997170122237412,0.0179570308780511,-0.0014492536345622,-0.00122735350878691,0.0331280752499537,0.0362366151017988,0.0431629793125416
0.0476306043565273,-0.00114042393108703,0.0152503842185157,0.00831409791381565,0.0154785203302515,-0.00400250440918117,-0.00385310320862845,0.0332925079573629,0.0363827245471928,0.0431696096513401
0.0425845682621002,-0.00353889682180614,0.013089288074326,0.00613133249539498,0.0126650526365778,-0.00703355380481249,-0.00672300422343346,0.0334584124473285,0.0365288339925867,0.0431762399901387
0.0436780899763107,0.000362741855110189,0.015666840803957,0.00884008946766126,0.00968814661647403,-0.00866369426562692,-0.0083448698202878,0.0336272015047265,0.0366749434379807,0.0431828703289373
0.0490427911281586,0.00860220410791528,0.021111395452277,0.014497701530328,0.00664185601187604,-0.0088896572074931,-0.00864441106990525,0.0337987310083672,0.0368210528833747,0.0431895006677358
0.044484805315733,0.0069430680824871,0.0168682292732227,0.0103818788458223,0.00357012584859083,-0.00935058628625839,-0.00909320453662371,0.033971611384655,0.0369671623287686,0.0431961310065344
0.0336732119321823,-0.00105543355153936,0.00686820697704021,0.000479315899741118,0.000582904316714368,-0.0103082668190205,-0.0100088653128918,0.0341457411670073,0.0371132717741626,0.043202761345333
0.0296382717788219,-0.00252418188426943,0.00232884189528589,-0.00391557168237439,-0.00215921627533694,-0.00994995133602049,-0.00965554822293519,0.0343216699384283,0.0372593812195565,0.0432093916841315
0.0273313820362091,-0.00263310244784026,0.000149640439946232,-0.00594732703258059,-0.00453377868894516,-0.0102237490686876,-0.00993731295414038,0.0344982631729945,0.0374054906649505,0.0432160220229301
0.0265624932944775,-0.001675707294272,-0.000772801312729658,-0.00677523182322047,-0.0064354479500242,-0.0102163055031374,-0.00988492724403071,0.0346736485387737,0.0375516001103445,0.0432226523617286
0.0258419010788202,-0.00121132028375924,-0.000632489937083425,-0.00658299129478207,-0.00779206294530608,-0.0112233185398348,-0.0108043903269249,0.0348452843078855,0.0376977095557385,0.0432292827005272
0.0255293119698763,-0.000910502424522909,-0.000143599371809591,-0.00601779583863488,-0.00857056522154498,-0.0121709076594465,-0.0116888052308146,0.0350103796159442,0.0378438190011324,0.0432359130393258
0.0264593921601772,8.70807150454619e-05,0.00099702950616113,-0.0040929564761197,-0.0087935613236724,-0.0125275657925103,-0.0126901947418274,0.0351658727688042,0.0379899284465264,0.0432425433781243
0.0281115379184484,0.00135346942184257,0.00285905711653781,-0.00211771054035829,-0.00855037163739378,-0.0128835570900097,-0.0130199252581162,0.0353084401339997,0.0381360378919203,0.0432491737169229
0.0278516560792923,0.000402127887425737,0.00144067528169642,-0.00334422698086904,-0.0079851809671937,-0.0118711665397184,-0.0120599209955601,0.0354347091590603,0.0382821473373143,0.0432558040557215
0.0298436246812344,0.00156170424840855,0.00245337865192644,-0.00224942012249013,-0.00725996466839014,-0.0110380107534004,-0.0111693895907956,0.0355418851012159,0.0384282567827083,0.04326243439452
0.0327649042010307,0.00369270833767501,0.00467656230522507,7.00161548942112e-05,-0.00655491876089197,-0.0104860243322966,-0.0105741766871821,0.0356271146242477,0.0385743662281023,0.0432690647333186
0.031042069196701,0.00138466089791546,0.00243455680785777,-0.0020756195380754,-0.00603039527700028,-0.0101129632846529,-0.0101580063373407,0.0356878035757859,0.0387204756734962,0.0432756950721172
0.0295070707798004,-0.000448355420684415,0.0005716078614353,-0.00383253025867254,-0.00576735019154957,-0.00993701197978513,-0.00994272437244278,0.0357227763920344,0.0388724748981502,0.0432823254109157
0.0285742022097111,-0.00137111123283583,-0.00152905368993641,-0.00569369841128473,-0.00578618031701137,-0.00892121822315678,-0.0090210551287185,0.0357314937595583,0.0390244741228043,0.0432889557497143
0.0286501944065094,-0.00101250442185917,-0.00305146447019707,-0.00692719823239823,-0.00605136309523856,-0.00747481447075183,-0.00771819344960523,0.0357140619236071,0.0391764733474583,0.0432955860885129
0.0297537036240101,0.000567753363436821,-0.00312370372764338,-0.00677767026283056,-0.00648516465307312,-0.00645106522045884,-0.00677084254047078,0.0356711149136464,0.0393284725721123,0.0433022164273114
0.028491823002696,-0.000125175280200241,-0.0051621663181803,-0.00862386193859721,-0.00698675491685699,-0.00582648247589001,-0.00619316182481674,0.0356037531997533,0.0394804717967663,0.04330884676611
0.027482446283102,-0.000607181781233572,-0.00640328999912839,-0.00972064449658745,-0.00742458950210477,-0.00574673473918993,-0.00611238632521907,0.0355142175664404,0.0396324710214204,0.0433154771049086
0.0280328765511513,0.000296404027248554,-0.00696199523695792,-0.0100572801114543,-0.00766894969383615,-0.00478959845796519,-0.0052319507811016,0.0354054222177389,0.0397844702460744,0.0433221074437071
0.0286414045840502,0.000979167007970428,-0.00743297602927379,-0.01028447941193,-0.00761833008449354,-0.00386208885740444,-0.00440285378652552,0.0352805676605733,0.0399364694707284,0.0433287377825057
0.0286916326731443,0.000736649452067618,-0.0103255793614392,-0.012782662406446,-0.00718838700737121,-0.00107125666079887,-0.00186107304171392,0.0351433702284479,0.0400884686953824,0.0433353681213043
0.0294880419969559,0.000808413619640814,-0.0123265188505641,-0.0144739107283247,-0.00631842527688897,0.00157409292748348,0.000619954265177782,0.034998053654204,0.0402404679200365,0.0433419984601028
0.0300991423428059,0.000222754106988785,-0.013924621241322,-0.0158554244044584,-0.00497264048831368,0.0036312964394374,0.00260593794836292,0.0348490287241308,0.0403924671446905,0.0433486287989014
0.0298183746635914,-0.00174672086977345,-0.0171797710909593,-0.0190763023173335,-0.00313580131648796,0.00645367938520615,0.00553941784322492,0.0347008968498528,0.0405444663693445,0.0433552591376999
0.0317512676119804,-0.00199029730997304,-0.0173220080694402,-0.0190712634045777,-0.000816944363400148,0.0083768100874221,0.00746064154005963,0.0345585092853536,0.0406964655939985,0.0433618894764985
0.0339161939918995,-0.00242629193173424,-0.0171899633950922,-0.0188943445998056,0.00191638754145151,0.0102576925683391,0.00944201877640801,0.0344260983821822,0.0408484648186525,0.0433685198152971
0.037379264831543,-0.001868168583216,-0.0165475358580047,-0.0182875681108151,0.00494022634512717,0.0129263366462411,0.0122916827882625,0.0343072070696318,0.0410004640433066,0.0433751501540956
0.042771503329277,0.000503824256518853,-0.0129053060617061,-0.0147398332560267,0.00806290033387057,0.0145243461230225,0.0141295560924095,0.0342047787388876,0.0411524632679606,0.0433817804928942
0.0451656095683575,1.65407776157381e-05,-0.0128768063938243,-0.0150031938412254,0.0110278594506099,0.0167379534695671,0.0167803925778901,0.0341212093401318,0.0413044624926146,0.0433884108316928
0.0443595349788666,-0.00326648901323337,-0.0145780901341507,-0.0168447556365157,0.0135672943400201,0.0174811633957486,0.017809249444891,0.0340587296520798,0.0414564617172686,0.0433950411704913
0.0451266132295132,-0.00433137552173944,-0.0155524513261158,-0.0178069364178529,0.0154378773358978,0.0190706036137062,0.0195318781380762,0.0340201114153548,0.0416084609419227,0.0434016715092899
0.0532974004745483,0.00286369794469545,-0.00744494137465133,-0.0098637361539263,0.0164265192561135,0.018981881682623,0.0197528347803862,0.0340071832737394,0.0417604601665767,0.0434083018480885
0.0538973659276962,0.00352710607060579,-0.00572374940865605,-0.00828065040158805,0.0163506837399448,0.0177086559451216,0.0187630841423973,0.0340195761171457,0.0419124593912307,0.043414932186887
0.0582308694720268,0.00898344445211136,-0.000428313758193619,-0.002634608549181,0.0151892584226712,0.0165947246143357,0.0174439154955222,0.0340581665972443,0.0420644586158847,0.0434215625256856
0.0507676862180233,0.00362260587394166,-0.00745800547316095,-0.009085189898507,0.0130227573743206,0.0160092338506455,0.0164246832520461,0.0341223229697611,0.0422164578405388,0.0434281928644842
0.0403908044099808,-0.00394224981745564,-0.0165888754563227,-0.0179154660394247,0.0101193733447661,0.0146112228011106,0.0148714472461227,0.0342136808826703,0.0423684570651928,0.0434348232032827
0.0353766232728958,-0.00579276919016527,-0.0199565134007491,-0.0212320163433323,0.0068352525465232,0.0128126803837981,0.0131671860741469,0.0343341399165379,0.0425204562898468,0.0434414535420813
0.0338814705610275,-0.00410752922095114,-0.0187724197917388,-0.0199188534012543,0.00350475133244581,0.00998143483826549,0.010352240081402,0.0344842484495329,0.0426724555145008,0.0434480838808799
0.0325378701090813,-0.00252827797715741,-0.0171143757578506,-0.0179634205471033,0.000402649238697005,0.00682779112777705,0.0070465764365061,0.0346634988475417,0.0428244547391549,0.0434547142196784
0.029628299176693,-0.00297497160767958,-0.0158563108785719,-0.0165919989793315,-0.00226754836113426,0.00250815609145594,0.00275895359754748,0.0348708191455068,0.0429764539638089,0.043461344558477
0.030035775154829,-0.000690968888306443,-0.011671687659083,-0.0122048462336596,-0.00437833517875256,-0.00142099037455092,-0.00122735350878691,0.035105079221888,0.0431284531884629,0.0434679748972756
0.0305769797414541,0.00112111267261841,-0.00874069064586026,-0.00904452228599153,-0.00590839625583255,-0.00396278202580256,-0.00385310320862845,0.0353642633246683,0.0432804524131169,0.0434746052360741
0.0282464344054461,-0.000492403931381565,-0.00817236210097374,-0.00851179694599316,-0.0069073610558709,-0.00701365513135117,-0.00672300422343346,0.0356461993926985,0.043432451637771,0.0434812355748727
0.0259026736021042,-0.00259293814911007,-0.00903386268561381,-0.00924032249127926,-0.00745383643808552,-0.00864791457470699,-0.0083448698202878,0.0359494481892998,0.043584450862425,0.0434878659136712
0.025425985455513,-0.00319028585302017,-0.00944514949928111,-0.00942409972705155,-0.00765636479779741,-0.0088653151322849,-0.00864441106990525,0.0362726361063306,0.043736450087079,0.0434944962524698
0.0272328928112984,-0.00172852556740203,-0.00733083730171683,-0.00717502924334628,-0.00765269564708125,-0.00932471919871783,-0.00909320453662371,0.0366141140257817,0.043888449311733,0.0435011265912684
0.0293199066072702,-5.26419482573225e-05,-0.00443314724557597,-0.00417898500990493,-0.00759933549831473,-0.0102873946835408,-0.0100088653128918,0.0369718840538423,0.0440404485363871,0.0435077569300669
0.038124680519104,0.00843000379762384,0.00386006145248585,0.00426584147317369,-0.0076494069491649,-0.00992782869442292,-0.00965554822293519,0.0373440836706451,0.0441924477610411,0.0435143872688655
0.0358921214938164,0.00614210569064246,0.00174655654357189,0.00230841684029269,-0.00797725709025884,-0.0101988820354506,-0.00993731295414038,0.0377272728934328,0.0443444469856951,0.0435210176076641
0.0293316915631294,-0.000141338658851657,-0.00497663684407246,-0.00431102913930249,-0.00864821135799455,-0.0101982162471511,-0.00988492724403071,0.0381212415799756,0.044506544654353,0.0435276479464626
0.026501489803195,-0.00237159593113778,-0.00695496374354308,-0.00622839815514128,-0.00965420310330698,-0.0112121887762728,-0.0108043903269249,0.0385272888376398,0.0446686423230108,0.0435342782852612
0.0235046446323395,-0.0044783592469481,-0.00916375540135648,-0.00834745876090567,-0.0109630931040527,-0.0121623399579727,-0.0116888052308146,0.0389460969833403,0.0448307399916687,0.0435409086240598
0.0228361301124096,-0.00404159026290134,-0.00963328537658164,-0.00802121410862132,-0.0125009930856302,-0.0125234221713353,-0.0126901947418274,0.0393787134609411,0.0449928376603266,0.0435475389628583
0.0220745801925659,-0.00357433912842639,-0.0101989794040584,-0.0084596638509748,-0.0141768659042116,-0.0128813757323601,-0.0130199252581162,0.0398257852252039,0.0451549353289844,0.0435541693016569
0.0233718492090702,-0.00104040588344818,-0.01007808037358,-0.0081290294358251,-0.0158759302411335,-0.0118671034149921,-0.0120599209955601,0.0402881853336519,0.0453170329976423,0.0435607996404554
0.0249247439205647,0.00164004081114383,-0.00951966945804662,-0.00747329646789381,-0.0174816644970399,-0.0110347172876889,-0.0111693895907956,0.0407663676064607,0.0454791306663002,0.043567429979254
0.0242083072662354,0.00182016339595635,-0.0109455067990479,-0.00879157636463514,-0.0188727448314195,-0.0104874142696748,-0.0105741766871821,0.0412608887016985,0.045641228334958,0.0435740603180526
0.0229324419051409,0.00107502504690382,-0.0127423890351268,-0.0104902424143695,-0.019915592962833,-0.0101284950633482,-0.0101580063373407,0.0417730098210701,0.0458033260036159,0.0435806906568511
0.0226002838462591,0.00078834349849953,-0.0134057791900428,-0.0110443127769478,-0.0204921750166572,-0.0099593606359718,-0.00994272437244278,0.0423041153644168,0.0459654236722738,0.0435873209956497
0.0237415693700314,0.00139276452551078,-0.0134397299585579,-0.0108313268356984,-0.0205062069626378,-0.00894622201234241,-0.0090210551287185,0.0428550118071584,0.0461275213409316,0.0435939513344483
0.0249523557722569,0.00141498631912131,-0.0138375746702295,-0.0109300324513848,-0.0198884245920982,-0.00749968856710314,-0.00771819344960523,0.0434257940452337,0.0462896190095895,0.0436005816732468
0.0273848213255405,0.00195685017958497,-0.0125947505749643,-0.00945154814603409,-0.0185883321136229,-0.00647214477774252,-0.00677084254047078,0.0440163032595785,0.0464517166782474,0.0436072120120454
0.0296874828636646,0.0016528511104114,-0.0110805257444238,-0.00773319766236261,-0.0165910960507841,-0.00584580573881682,-0.00619316182481674,0.0446257278040373,0.0466138143469052,0.043613842350844
0.0295572876930237,-0.00177790577563246,-0.0114536689928245,-0.00795079867139979,-0.0139178763455632,-0.00576495532971487,-0.00611238632521907,0.0452530698142193,0.0467759120155631,0.0436204726896425
0.0299152135848999,-0.00535336801158801,-0.0122213308517829,-0.0084799386624396,-0.010629143684962,-0.00480146524753812,-0.0052319507811016,0.0458977252814499,0.046938009684221,0.0436271030284411
0.0315031632781029,-0.00821535152988176,-0.0117328777922518,-0.00772771630261128,-0.00683961314672426,-0.00386406628252419,-0.00440285378652552,0.0465581279547089,0.0471001073528788,0.0436337333672397
0.0406489968299866,-0.00386480994231689,-0.00556385139840905,-0.00113029383433774,-0.00271801487016827,-0.00104935679314108,-0.00186107304171392,0.0472318216424717,0.0472622050215367,0.0436403637060382
0.056220393627882,0.00682163058120317,0.0071830476949494,0.0119534453178674,0.00148512658423459,0.00161304324273803,0.000619954265177782,0.0479136364624442,0.0474243026901946,0.0436469940448368
0.062135573476553,0.00806719574384635,0.0108774253917883,0.0158760111445547,0.00547295206209006,0.00367174772591223,0.00260593794836292,0.0485954256706166,0.0475864003588524,0.0436536243836354
0.0637198417846646,0.00539857071040337,0.00948596616663943,0.0145201692190057,0.0090489072786887,0.00648537759051484,0.00553941784322492,0.0492723637955725,0.0477484980275103,0.0436602547224339
0.0653041100927762,0.00325192781808358,0.00898113522469766,0.014176583491484,0.012110928551035,0.00841237917191032,0.00746064154005963,0.0499412537236576,0.0479105956961682,0.0436668850612325
0.0668883784008878,0.00166027875737486,0.00853153158273647,0.0137728442244487,0.0146292016217046,0.0102841534533253,0.00944201877640801,0.0505988980218083,0.048072693364826,0.0436735154000311
0.0684726467089994,0.000589237788479052,0.00729406837812677,0.0125008181819073,0.016641477654334,0.0129437872973887,0.0122916827882625,0.0512419312661863,0.0482347910334839,0.0436801457388296
0.070056915017111,-4.79908960150099e-05,0.00712355666433398,0.0122405828470733,0.018237615385432,0.0145364696506352,0.0141295560924095,0.051867290527694,0.0483968887021418,0.0436867760776282
0.0716411833252226,-0.000367561104343838,0.00636337691883415,0.0111673843309057,0.0195367597261993,0.0167188200355888,0.0167803925778901,0.0524719847033671,0.0485589863707996,0.0436934064164267
0.0732254516333342,-0.000486468287150568,0.00706018527649237,0.0117161654332179,0.0206586209755215,0.0174441823173843,0.017809249444891,0.0530532989449632,0.0487210840394575,0.0437000367552253
0.0748097199414458,-0.000543903011330865,0.00690463822428849,0.0115711747093457,0.0217449673729386,0.0190219000090419,0.0195318781380762,0.053608655579838,0.0488831817081154,0.0437066670940239
0.0763939882495574,-0.000493531491385157,0.00843200777116421,0.0129278560363487,0.0227517526138379,0.0189167011016199,0.0197528347803862,0.0541357671271046,0.0490452793767732,0.0437132974328224
0.077978256557669,-0.000326408679608529,0.0111376540826793,0.0154952446436507,0.0236719228259377,0.0176332254295585,0.0187630841423973,0.0546327424113398,0.0492073770454311,0.043719927771621
0.0795625248657806,2.43572647117239e-05,0.0136508115124207,0.0183920512598387,0.024439809447549,0.0165422386392709,0.0174439154955222,0.0550983581535199,0.049369474714089,0.0437265581104196
0.0811467931738922,0.000677131438546575,0.0156215767944222,0.0209889214726279,0.024938133796231,0.0159936439967231,0.0164246832520461,0.0555315279391146,0.0495315723827468,0.0437331884492181
0.0827310614820038,0.0017801836197952,0.0184206067345493,0.0241197954478643,0.0250199624665558,0.0146167846960498,0.0148714472461227,0.0559309153956528,0.0496936700514047,0.0437398187880167
0.0843153297901154,0.00348209256478367,0.0216408642725781,0.0274016945891532,0.0245380074612375,0.0128186977974747,0.0131671860741469,0.0562952297640942,0.0498557677200626,0.0437464491268153
0.080281987786293,0.000282200844478421,0.0202764583386916,0.0261766682392772,0.023376725268674,0.00998766405888097,0.010352240081402,0.0566230616731406,0.0500178653887204,0.0437530794656138
0.0846340954303741,0.0062162448266685,0.027600139774661,0.0338278091894557,0.0215021010062227,0.00685399259833482,0.0070465764365061,0.0569157495974829,0.0501799630573783,0.0437597098044124
0.0872029960155487,0.0111070571098151,0.0343289058231724,0.0406777022747903,0.0189245868210294,0.00253202946634014,0.00275895359754748,0.0571713520847042,0.0503420607260362,0.043766340143211
0.076252393424511,0.00311720729694819,0.0271266926109381,0.0337067764512883,0.0157465231287893,-0.00139004255322305,-0.00122735350878691,0.0573886629987735,0.0505157433667959,0.0437729704820095
0.0770749151706696,0.00730039783288461,0.0303055059132747,0.0371484175584899,0.0122017002898011,-0.00392001675016083,-0.00385310320862845,0.0575728170479838,0.0506894260075557,0.0437796008208081
0.0561234578490257,-0.010122727703236,0.0122486967864716,0.0190602309128525,0.00852227163116821,-0.00698834758576133,-0.00672300422343346,0.0577239139210936,0.0508631086483154,0.0437862311596067
0.0543019697070122,-0.00858656831719283,0.0118909762736044,0.0188539780288947,0.00503611811576525,-0.00862579785566735,-0.0083448698202878,0.0578524199084398,0.0510367912890752,0.0437928614984052
0.0571687966585159,-0.0027407630427161,0.0147929288228794,0.0220137158912174,0.0019494421224077,-0.00883460609419841,-0.00864441106990525,0.0579601175788243,0.0512104739298349,0.0437994918372038
0.0607328042387962,0.00331519369002324,0.0186417704837544,0.0260198865994176,-0.000628852128885984,-0.00929312281555282,-0.00909320453662371,0.058046462677659,0.0513841565705947,0.0438061221760024
0.0603626891970634,0.00493411243550141,0.019066738008876,0.0265588019951543,-0.00268171672450887,-0.010261888023167,-0.0100088653128918,0.0581102934860709,0.0515578392113544,0.0438127525148009
0.0604560151696205,0.00655907289563855,0.0186266804330506,0.0262921805389562,-0.0042551343642292,-0.00990218711554428,-0.00965554822293519,0.0581520766382112,0.0517315218521142,0.0438193828535995
0.0606841146945953,0.00797302232473139,0.0189515615322643,0.0267954144563377,-0.00546077642707467,-0.0101726513305429,-0.00993731295414038,0.0581718687969386,0.0519052044928739,0.043826013192398
0.0571514964103699,0.00543069529302494,0.0152529065211012,0.023203780123204,-0.00644877680114509,-0.010180297244365,-0.00988492724403071,0.05816957791849,0.0520788871336337,0.0438326435311966
0.0520164147019386,0.00122870775175848,0.0109639200217937,0.0189815311588684,-0.00735938475409701,-0.0112000750942484,-0.0108043903269249,0.0581470917042772,0.0522525697743934,0.0438392738699952
0.0512651056051254,0.00146715190622126,0.0109903976615264,0.0191080066271463,-0.00830941767831603,-0.0121515444715541,-0.0116888052308146,0.0581073713772202,0.0524262524151532,0.0438459042087937
0.0487170740962029,6.93551309456954e-05,0.00863641759045033,0.017554734290438,-0.00940329990663285,-0.0125192785501604,-0.0126901947418274,0.05805101887189,0.0525999350559129,0.0438525345475923
0.0451409034430981,-0.00215009823240254,0.00524648012113597,0.0143016638148234,-0.0106887424316704,-0.0128791943747106,-0.0130199252581162,0.057979744107171,0.0527736176966727,0.0438591648863909
0.0459796339273453,0.000239468771405717,0.00489537388017861,0.014173759697716,-0.0121556786566118,-0.0118630402902658,-0.0120599209955601,0.0578958438125513,0.0529473003374324,0.0438657952251894
0.0460916981101036,0.00206438458663641,0.00400213895388889,0.0133886621369112,-0.0137712100903489,-0.0110314238219775,-0.0111693895907956,0.0577985236138161,0.0531209829781922,0.043872425563988
0.0457473918795586,0.00350993258519061,0.00294153046765964,0.0124425126639541,-0.0154503687287755,-0.010488804207053,-0.0105741766871821,0.0576878280231435,0.0532946656189519,0.0438790559027866
0.0440931916236877,0.00359537878724444,0.000768870206019602,0.0103655117194433,-0.0170671310318447,-0.0101440268420435,-0.0101580063373407,0.057564943868288,0.0534683482597117,0.0438856862415851
0.0424623638391495,0.00348091552859923,-0.00119795776916346,0.00851277163120856,-0.0184510733174548,-0.00998170929215848,-0.00994272437244278,0.057432521628005,0.0536420309004714,0.0438923165803837
0.0406466834247112,0.00276527135253136,-0.00419780431499191,0.00576879163424747,-0.0194120126570355,-0.00897122580152804,-0.0090210551287185,0.0572934247292154,0.0538157135412312,0.0438989469191823
0.0394685715436935,0.00208980990356304,-0.00699626197484292,0.00328118773531795,-0.019772254250425,-0.00752456266345445,-0.00771819344960523,0.0571510158905556,0.0539893961819909,0.0439055772579808
0.0390158072113991,0.0014112717474637,-0.0086540472763254,0.00187444215509048,-0.0194042165257396,-0.00649322433502619,-0.00677084254047078,0.057008751989675,0.0541630788227507,0.0439122075967794
0.0408223457634449,0.00220695729592983,-0.00764928669832189,0.00309666965268369,-0.0182547522209877,-0.00586512900174363,-0.00619316182481674,0.0568701406885028,0.0543367614635104,0.043918837935578
0.0421925634145737,0.00182183622842642,-0.00653470476945668,0.00437948146541622,-0.0163667526114392,-0.00578317592023981,-0.00611238632521907,0.0567374797975865,0.0545104441042702,0.0439254682743765
0.047322116792202,0.00456696109053348,-0.00254867791571687,0.00862196896012851,-0.0138585483724225,-0.00481333203711106,-0.0052319507811016,0.0566137040740911,0.0546841267450299,0.0439320986131751
0.0504857525229454,0.00491642137405674,-0.000506013155200324,0.0109498773574973,-0.0109295438072963,-0.00386604370764394,-0.00440285378652552,0.0564988749561849,0.0548578093857897,0.0439387289519736
0.0508698970079422,0.00225736280063206,-0.00313413809312392,0.00878561075888391,-0.00778155835955941,-0.00102745692548329,-0.00186107304171392,0.0563940925668696,0.0550314920265494,0.0439453592907722
0.0542496554553509,0.00251771307121201,-0.00260751276995087,0.00967771156060231,-0.00457041327100468,0.00165199355799258,0.000619954265177782,0.0563023556551435,0.0552051746673092,0.0439519896295708
0.0530235804617405,-0.00178302358339221,-0.00606747585871549,0.00645902254500823,-0.00141727237036333,0.00371219901238706,0.00260593794836292,0.056223876415496,0.0553788573080689,0.0439586199683693
0.0551804751157761,-0.00264549205752892,-0.00688914062887614,0.00567580696538324,0.00166329289623945,0.00651707579582354,0.00553941784322492,0.0561626742770655,0.0555525399488287,0.0439652503071679
0.0572513341903687,-0.00356248856282656,-0.0069228366556183,0.00581881200434255,0.00469418331868704,0.00844794825639854,0.00746064154005963,0.0561196394345082,0.0557262225895884,0.0439718806459665
0.0622869879007339,-0.00154038804577559,-0.00392353166792564,0.0088664581395609,0.00773132682307408,0.0103106143383114,0.00944201877640801,0.0560960491234355,0.0558999052303482,0.043978510984765
0.0729821026325226,0.00607514763425377,0.00394727681287836,0.0167052785206965,0.0108174286602925,0.0129612379485363,0.0122916827882625,0.0560895263379763,0.0560735878711079,0.0439851413235636
0.078386515378952,0.00836531844093292,0.00759065168883642,0.0202651876241804,0.013930832876263,0.0145485931782479,0.0141295560924095,0.0560903640617561,0.0562472705118677,0.0439917716623622
0.0792958634820851,0.00614323059320547,0.00617522372784736,0.0185170689030343,0.017060063099521,0.0166996866016104,0.0167803925778901,0.0560925697893587,0.0564209531526274,0.0439984020011607
0.0802052115852183,0.00392079405188728,0.00620337455281117,0.018390929800368,0.0201899821293079,0.0174072012390199,0.017809249444891,0.056094435404023,0.0565946357933872,0.0440050323399593
0.0811145596883514,0.00177852548894408,0.00537304484982691,0.0175710188715173,0.0232423752361049,0.0189731964043775,0.0195318781380762,0.0560936589633024,0.0567683184341469,0.0440116626787579
0.0820239077914845,-0.000127066293669358,0.00622295459205129,0.0182527799935419,0.0260658224996546,0.0188515205206168,0.0197528347803862,0.0560851515854993,0.0569494326788164,0.0440182930175564
0.0829332558946176,-0.00156959718114368,0.00824491405713627,0.0201452483958654,0.0284365864983409,0.0175577949139955,0.0187630841423973,0.0560662665774204,0.0571305469234858,0.044024923356355
0.0838426039977507,-0.00226954098887591,0.0100411901653894,0.0223671348070749,0.0300781542394487,0.0164897526642061,0.0174439154955222,0.056033990747178,0.0573116611681552,0.0440315536951536
0.0847519521008838,-0.00192994923580609,0.0112811225452584,0.0242890848148856,0.0306980142243281,0.0159780541428008,0.0164246832520461,0.0559838871123618,0.0574927754128247,0.0440381840339521
0.085661300204017,-0.000281496383620631,0.013365063955534,0.0267450385851435,0.0300315339143153,0.0146223465909889,0.0148714472461227,0.0559112626733223,0.0576738896574941,0.0440448143727507
0.0865706483071501,0.00287481049575213,0.0158909291938353,0.0293520175214539,0.0278882400040467,0.0128247152111512,0.0131671860741469,0.0558075978073512,0.0578550039021636,0.0440514447115493
0.0874799964102832,0.00762067218865286,0.0194499849839537,0.0330696812785334,0.0241960227995702,0.00999389327949644,0.010352240081402,0.0556633014220601,0.058036118146833,0.0440580750503478
0.0883893445134163,0.0138843088244444,0.0232919180530213,0.0372780626877638,0.0190373216717225,0.00688019406889258,0.0070465764365061,0.0554677140172494,0.0582172323915024,0.0440647053891464
0.0660281479358673,-0.00183509463924599,0.00507389845847112,0.0191978586103749,0.0126564715459194,0.00255590284122433,0.00275895359754748,0.0552067710291939,0.0583983466361719,0.0440713357279449
0.0571097508072853,-0.0036801629396125,-0.000110615341660819,0.0142591382493287,0.00587554714141606,-0.00135909473189518,-0.00122735350878691,0.0549143666054818,0.0585794608808413,0.0440779660667435
0.0530674308538437,-0.000938684113453408,-0.00181589279714797,0.0128359376569301,-0.00059773802124097,-0.00387725147451909,-0.00385310320862845,0.0546038529885381,0.0587605751255108,0.0440845964055421
0.0486128181219101,0.000501539338480302,-0.00336583120809859,0.0112445956010029,-0.00616915002894457,-0.0069630400401715,-0.00672300422343346,0.0542804288123744,0.0589416893701802,0.0440912267443406
0.0422730855643749,-0.00132840111504027,-0.00824603691384699,0.00652009830152352,-0.0103503412637082,-0.00860368113662772,-0.0083448698202878,0.0539518279431234,0.0591228036148496,0.0440978570831392
0.0413036495447159,0.000458500039021632,-0.00919637125869125,0.00584357319268336,-0.0127896540899203,-0.00880389705611193,-0.00864441106990525,0.0536348035956146,0.0593039178595191,0.0441044874219378
0.0410369448363781,0.00121714264701034,-0.0091865608354226,0.00601903161226548,-0.0135140183977069,-0.0092615264323878,-0.00909320453662371,0.0533338205870747,0.0594850321041885,0.0441111177607363
0.0400096923112869,-0.000256347812365864,-0.00942007267477794,0.00590080952464379,-0.0127865489051432,-0.0102363813627931,-0.0100088653128918,0.0530525890287959,0.0596661463488579,0.0441177480995349
0.0412246771156788,-0.000608518250739327,-0.00874603794118296,0.00675584690028051,-0.0109690498658839,-0.00987654553666564,-0.00965554822293519,0.052802245232302,0.0598472605935274,0.0441243784383335
0.0454795621335506,0.00142834743197402,-0.00440239207901101,0.011285866310559,-0.00853879710341051,-0.0101464206256352,-0.00993731295414038,0.0525900118049871,0.0600283748381968,0.044131008777132
0.0495513752102852,0.00326423273213049,-0.000495735631002088,0.0152986633383853,-0.00611936930281487,-0.010162378241579,-0.00988492724403071,0.0524065117809696,0.0602094890828663,0.0441376391159306
0.0494797900319099,0.00162378181526579,0.000277148116598375,0.0161399109041057,-0.00436858983384365,-0.0111879614122241,-0.0108043903269249,0.0522245980504878,0.0603906033275357,0.0441442694547292
0.047168180346489,-0.00119383763722103,-0.00126278824058071,0.0147060857837758,-0.00366506860318265,-0.0121407489851355,-0.0116888052308146,0.0520270865868926,0.0605717175722051,0.0441508997935277
